User_Age,User_Gender,User_Marital_Status,User_City_Category,User_Stay,User_Favourite_Category,User_Favourite_Category_Ratio,User_Favourite_Product,User_Favourite_Product_Ratio,User_Favourite_Subcategory,User_Favourite_Subcategory_Ratio,User_Purchase_Std,Purchase_Avg
46-50,F,1,B,1,3,0.14285714285714285,P00007791,0.07142857142857142,45.0,0.2857142857142857,4658.452348765015,6895.142857142857
36-45,M,0,A,3,12,0.14285714285714285,P00073174,0.04081632653061224,27.0,0.10204081632653061,4658.147038612386,4666.857142857143
36-45,M,1,A,5+,3,0.2,P00082464,0.05714285714285714,36.0,0.08571428571428572,9486.178065963111,11071.771428571428
36-45,M,1,A,1,3,0.18,P00027480,0.04,24.0,0.08,9423.190656750472,13216.36
46-50,M,1,A,5+,3,0.14583333333333334,P00006469,0.041666666666666664,42.0,0.08333333333333333,8085.955696633857,8613.5625
18-25,M,0,A,2,5,0.3,P00000743,0.1,16.0,0.1,1263.3659450496168,870.2
46-50,F,1,B,5+,19,0.2222222222222222,P00001575,0.027777777777777776,21.0,0.1111111111111111,9277.263395202715,12819.305555555555
36-45,F,1,B,1,5,0.3076923076923077,P00003426,0.07692307692307693,44.0,0.23076923076923078,9732.689282344663,7192.0
46-50,F,1,B,5+,11,0.18181818181818182,P00000337,0.09090909090909091,30.0,0.18181818181818182,6509.459230437446,7648.545454545455
51-55,F,1,B,4,3,0.14634146341463414,P00000148,0.024390243902439025,40.0,0.0975609756097561,5722.970083090704,5228.682926829269
55+,F,1,C,2,10,0.2,P00015158,0.1,36.0,0.2,7654.578409175923,4039.2
51-55,F,1,C,2,3,0.14285714285714285,P00064596,0.04081632653061224,40.0,0.08163265306122448,9775.020750408583,14101.530612244898
46-50,M,1,A,5+,1,0.12195121951219512,P00000337,0.024390243902439025,27.0,0.0975609756097561,4457.42069981306,6549.170731707317
51-55,F,1,B,5+,3,0.16216216216216217,P00059396,0.05405405405405406,10.0,0.08108108108108109,8927.604852417075,11725.351351351352
51-55,F,1,C,3,16,0.2,P00000518,0.05,15.0,0.1,6975.781384453228,4884.85
36-45,M,0,A,4,10,0.14285714285714285,P00010535,0.07142857142857142,9.0,0.14285714285714285,7219.438518851208,6440.714285714285
26-35,M,0,B,2,16,0.2777777777777778,P00003936,0.05555555555555555,6.0,0.16666666666666666,3149.439940355824,1569.9444444444443
55+,F,1,C,4,12,0.16326530612244897,P00000215,0.02040816326530612,18.0,0.10204081632653061,6398.752739792341,7328.285714285715
26-35,M,0,A,4,3,0.18421052631578946,P00050310,0.05263157894736842,14.0,0.10526315789473684,9467.328369798586,10463.605263157895
51-55,F,1,B,3,1,0.15,P00003525,0.05,25.0,0.15,5366.286740283953,5813.3
51-55,F,1,B,3,17,0.3,P00000947,0.1,7.0,0.1,4938.9341461493495,4629.5
46-50,F,1,B,3,4,0.13333333333333333,P00005627,0.06666666666666667,6.0,0.06666666666666667,7989.024469918238,4450.466666666666
55+,F,1,C,4,3,0.14285714285714285,P00036068,0.04081632653061224,18.0,0.10204081632653061,5706.830050429906,5650.673469387755
55+,F,1,C,5+,3,0.13636363636363635,P00000610,0.045454545454545456,6.0,0.09090909090909091,4599.034906113812,4460.545454545455
55+,F,1,C,1,10,0.1875,P00012963,0.0625,42.0,0.1875,6579.2479936919835,3467.1875
46-50,M,1,B,3,17,0.16666666666666666,P00019169,0.041666666666666664,27.0,0.08333333333333333,7394.920389882168,7478.708333333333
36-45,M,0,A,5+,3,0.21875,P00002469,0.03125,28.0,0.09375,8863.690293151223,10918.0
51-55,F,1,C,2,3,0.15384615384615385,P00011660,0.07692307692307693,12.0,0.23076923076923078,8421.555354549633,5629.615384615385
55+,F,1,C,5+,8,0.1276595744680851,P00003018,0.02127659574468085,9.0,0.0851063829787234,6279.88366850189,5837.255319148936
51-55,F,1,C,5+,12,0.15,P00001156,0.025,42.0,0.125,5765.916674458179,7115.675
26-35,M,0,A,5+,3,0.2,P00082917,0.05714285714285714,14.0,0.08571428571428572,9352.404453158673,13222.657142857142
51-55,F,1,B,4,20,0.16,P00014365,0.04,44.0,0.1,10726.686521047232,10768.44
46-50,F,1,B,1,18,0.1388888888888889,P00034077,0.05555555555555555,20.0,0.2222222222222222,10154.999612631194,10626.194444444445
26-35,M,0,A,4,19,0.14285714285714285,P00049525,0.05714285714285714,20.0,0.17142857142857143,9160.81293712013,13593.485714285714
26-35,M,0,A,3,19,0.15,P00001575,0.025,30.0,0.1,8701.437343652648,11967.525
51-55,F,1,C,1,3,0.3,P00000337,0.1,10.0,0.2,7954.132545063882,7288.9
26-35,M,0,A,3,16,0.1875,P00002352,0.0625,4.0,0.125,5727.114910304606,4900.5625
36-45,M,0,A,2,12,0.4666666666666667,P00000247,0.06666666666666667,3.0,0.06666666666666667,3242.589099264146,6547.066666666667
0-17,M,0,A,3,3,0.13333333333333333,P00001708,0.06666666666666667,7.0,0.13333333333333333,4856.815718535091,4502.733333333334
26-35,M,0,B,1,3,0.13333333333333333,P00001790,0.06666666666666667,20.0,0.13333333333333333,8228.688186258285,6640.866666666667
0-17,M,0,A,2,10,0.2631578947368421,P00003088,0.05263157894736842,8.0,0.10526315789473684,6290.753816431492,2772.3684210526317
55+,F,1,C,3,4,0.23529411764705882,P00004232,0.058823529411764705,20.0,0.11764705882352941,7769.35829263986,4812.823529411765
36-45,M,1,A,4,20,0.14634146341463414,P00007161,0.04878048780487805,7.0,0.14634146341463414,9103.989731859592,13317.634146341463
51-55,F,1,C,5+,11,0.14893617021276595,P00000238,0.02127659574468085,30.0,0.1276595744680851,5692.269621759718,6331.340425531915
55+,F,1,C,4,12,0.15,P00000925,0.025,9.0,0.15,7143.218608744079,6992.6
36-45,M,0,A,3,9,0.23076923076923078,P00004405,0.07692307692307693,10.0,0.15384615384615385,4285.459395533836,8187.307692307692
55+,F,1,C,1,10,0.16666666666666666,P00005451,0.05555555555555555,8.0,0.1111111111111111,5615.123732042223,2994.9444444444443
36-45,M,1,A,1,3,0.2,P00000809,0.025,24.0,0.1,9952.535475947823,10520.4
26-35,M,0,A,5+,3,0.16666666666666666,P00007816,0.027777777777777776,28.0,0.1111111111111111,10762.143910006154,12231.055555555555
51-55,F,1,C,2,5,0.17647058823529413,P00004002,0.058823529411764705,21.0,0.17647058823529413,7672.535159868071,5982.823529411765
51-55,F,1,C,2,4,0.2857142857142857,P00000404,0.07142857142857142,4.0,0.07142857142857142,9631.709773987674,5405.357142857143
51-55,F,1,B,5+,12,0.1111111111111111,P00000148,0.022222222222222223,20.0,0.13333333333333333,6514.439596431572,6125.288888888889
26-35,M,0,A,1,20,0.21212121212121213,P00001803,0.030303030303030304,14.0,0.12121212121212122,9434.081287873883,12931.939393939394
51-55,F,1,C,5+,8,0.17647058823529413,P00002892,0.058823529411764705,3.0,0.058823529411764705,5585.177494019853,3770.529411764706
55+,F,1,C,2,10,0.1590909090909091,P00000148,0.022727272727272728,27.0,0.09090909090909091,6317.469626647619,6221.568181818182
51-55,F,1,C,4,3,0.16326530612244897,P00029768,0.061224489795918366,36.0,0.12244897959183673,6044.526990448907,6454.591836734694
46-50,M,1,B,5+,1,0.13043478260869565,P00000238,0.021739130434782608,10.0,0.06521739130434782,6204.253775018468,7126.369565217391
26-35,M,0,A,2,15,0.29411764705882354,P00003451,0.058823529411764705,20.0,0.11764705882352941,9396.101943640997,4143.882352941177
51-55,F,1,C,2,10,0.3076923076923077,P00017122,0.07692307692307693,36.0,0.3076923076923077,6109.41082181773,3838.6153846153848
0-17,M,0,A,1,5,0.38461538461538464,P00006011,0.07692307692307693,36.0,0.15384615384615385,4543.563191412547,3508.153846153846
26-35,M,0,B,1,16,0.29411764705882354,P00000573,0.058823529411764705,20.0,0.11764705882352941,7431.258264231293,4647.470588235294
46-50,M,1,B,5+,3,0.125,P00053573,0.05,20.0,0.125,8736.571666358048,10358.925
55+,F,1,C,2,10,0.16326530612244897,P00078656,0.04081632653061224,40.0,0.10204081632653061,4843.2354841502365,5827.591836734694
18-25,M,0,A,1,17,0.2,P00000610,0.05,4.0,0.1,3122.8015572222125,1940.25
0-17,M,0,A,1,16,0.1875,P00000947,0.0625,36.0,0.125,5369.56176827619,4119.375
55+,F,1,C,4,11,0.17073170731707318,P00098422,0.04878048780487805,14.0,0.07317073170731707,4942.408056931309,5200.268292682927
36-45,F,1,B,2,16,0.23529411764705882,P00093340,0.11764705882352941,9.0,0.11764705882352941,6773.394546593571,5164.058823529412
46-50,F,1,B,3,3,0.20512820512820512,P00019327,0.05128205128205128,10.0,0.07692307692307693,9689.38498805232,13261.97435897436
55+,F,1,C,5+,11,0.11904761904761904,P00045213,0.047619047619047616,7.0,0.09523809523809523,6104.331094327647,6877.809523809524
36-45,M,0,B,1,17,0.25,P00017147,0.0625,30.0,0.25,5834.5549041179365,3920.4375
46-50,F,1,B,2,3,0.22,P00034573,0.04,42.0,0.1,9188.643143932111,9779.5
0-17,M,0,A,1,3,0.23529411764705882,P00080114,0.11764705882352941,36.0,0.11764705882352941,7663.831882136185,5353.35294117647
51-55,F,1,C,3,8,0.21052631578947367,P00005057,0.05263157894736842,6.0,0.10526315789473684,7915.693119086638,7060.0
46-50,M,1,A,2,11,0.13636363636363635,P00055541,0.045454545454545456,28.0,0.09090909090909091,7880.878036843786,8457.295454545454
46-50,F,1,B,2,10,0.18181818181818182,P00012687,0.09090909090909091,9.0,0.18181818181818182,3965.627145174575,2857.3636363636365
46-50,F,1,B,4,3,0.23684210526315788,P00000947,0.02631578947368421,7.0,0.07894736842105263,9866.48658045962,12589.736842105263
26-35,M,0,A,1,3,0.16216216216216217,P00003382,0.02702702702702703,20.0,0.10810810810810811,8885.212729290433,11507.756756756757
26-35,M,0,A,5+,17,0.13953488372093023,P00000549,0.023255813953488372,40.0,0.20930232558139536,7016.720762122368,8529.279069767443
26-35,M,0,A,2,9,0.2727272727272727,P00001790,0.09090909090909091,14.0,0.09090909090909091,7090.893822361183,7426.0
36-45,M,0,A,5+,11,0.12244897959183673,P00000925,0.02040816326530612,30.0,0.12244897959183673,4131.840318697916,5240.448979591837
26-35,M,0,A,1,3,0.24390243902439024,P00004270,0.024390243902439025,10.0,0.07317073170731707,9721.177746448668,13421.853658536585
26-35,M,0,A,2,20,0.17142857142857143,P00004649,0.02857142857142857,13.0,0.11428571428571428,8721.106713942123,12349.514285714286
51-55,F,1,C,4,3,0.1111111111111111,P00002627,0.022222222222222223,36.0,0.08888888888888889,6770.330858035871,8429.6
0-17,M,0,A,4,5,0.18181818181818182,P00009690,0.09090909090909091,20.0,0.2727272727272727,3460.819679576711,2265.6363636363635
55+,F,1,C,1,4,0.2,P00000809,0.05,20.0,0.1,3581.2707903318637,2274.5
51-55,F,1,C,4,3,0.08695652173913043,P00001383,0.021739130434782608,7.0,0.08695652173913043,8705.547257449747,7947.282608695652
46-50,F,1,B,2,10,0.2777777777777778,P00010737,0.05555555555555555,16.0,0.1111111111111111,10081.150166672775,7668.722222222223
55+,F,1,C,5+,3,0.14285714285714285,P00000770,0.023809523809523808,28.0,0.09523809523809523,6186.512595436619,6640.833333333333
26-35,M,0,A,1,3,0.23529411764705882,P00001229,0.058823529411764705,4.0,0.11764705882352941,8070.011961959937,5061.235294117647
55+,F,1,C,5+,3,0.125,P00029278,0.05,7.0,0.15,8038.608460033239,9520.025
26-35,M,0,A,2,7,0.25,P00008171,0.08333333333333333,7.0,0.16666666666666666,5592.577784235751,9923.5
18-25,M,0,A,1,16,0.1875,P00009330,0.0625,30.0,0.125,2833.1120815574286,1858.25
26-35,M,0,A,1,3,0.16129032258064516,P00002627,0.03225806451612903,35.0,0.0967741935483871,10310.401108870907,11899.322580645161
36-45,M,0,A,4,11,0.125,P00000526,0.025,40.0,0.1,6250.815921305895,6643.4
0-17,M,0,A,2,4,0.21428571428571427,P00002002,0.07142857142857142,3.0,0.07142857142857142,5234.760999823652,4551.428571428572
46-50,M,1,B,3,6,0.13953488372093023,P00054357,0.046511627906976744,27.0,0.11627906976744186,7150.383564741375,7529.139534883721
26-35,M,0,A,1,18,0.1794871794871795,P00006603,0.02564102564102564,7.0,0.10256410256410256,9864.792601888426,13842.358974358975
51-55,F,1,B,3,9,0.14285714285714285,P00000238,0.023809523809523808,30.0,0.09523809523809523,6587.555996892559,8588.5
46-50,M,1,A,2,20,0.16,P00000337,0.02,20.0,0.08,10759.945487685294,12051.2
36-45,M,0,B,2,8,0.15,P00004622,0.05,18.0,0.15,8133.426702422799,6213.65
46-50,F,1,B,3,8,0.2,P00012621,0.06666666666666667,9.0,0.26666666666666666,4146.590300935158,4761.866666666667
55+,F,1,C,4,8,0.16666666666666666,P00000205,0.023809523809523808,10.0,0.09523809523809523,5188.388129254686,5986.285714285715
26-35,M,0,A,1,12,0.2857142857142857,P00004622,0.07142857142857142,35.0,0.14285714285714285,5801.046635386934,7099.285714285715
55+,F,1,C,2,4,0.25,P00000795,0.08333333333333333,40.0,0.3333333333333333,2214.471294380752,1511.25
55+,F,1,C,5+,8,0.2,P00000070,0.025,20.0,0.075,6675.962656791288,6531.7
36-45,F,1,B,1,3,0.26666666666666666,P00001853,0.06666666666666667,6.0,0.06666666666666667,7605.705263312597,3716.5333333333333
26-35,M,0,A,2,3,0.125,P00007305,0.05,20.0,0.125,9107.019911366486,11653.025
55+,F,1,C,1,10,0.2,P00004270,0.06666666666666667,24.0,0.13333333333333333,6291.513239125802,4826.866666666667
46-50,F,1,B,3,3,0.23809523809523808,P00055038,0.047619047619047616,7.0,0.07142857142857142,9922.993495616805,12490.190476190477
55+,F,1,C,5+,3,0.1111111111111111,P00014365,0.05555555555555555,27.0,0.08333333333333333,8741.062670994526,8304.194444444445
26-35,M,0,A,5+,3,0.20930232558139536,P00013089,0.046511627906976744,20.0,0.09302325581395349,9404.723611943853,11397.209302325582
55+,F,1,C,3,12,0.1111111111111111,P00024866,0.05555555555555555,39.0,0.08333333333333333,10234.302226507289,11677.222222222223
26-35,M,0,A,4,3,0.25,P00088589,0.16666666666666666,27.0,0.25,6458.423451375167,7001.25
46-50,F,1,C,2,14,0.2,P00082148,0.1,27.0,0.1,7463.84471971383,5296.0
46-50,M,1,A,5+,11,0.12,P00059189,0.04,28.0,0.12,6239.01805866328,7576.52
55+,F,1,C,5+,11,0.11904761904761904,P00000221,0.023809523809523808,10.0,0.11904761904761904,7287.003022660607,7622.857142857143
55+,F,1,C,2,17,0.2,P00000718,0.05,8.0,0.1,6707.878663811761,4460.8
26-35,M,0,A,5+,11,0.13953488372093023,P00001029,0.023255813953488372,36.0,0.13953488372093023,4527.275698505323,5098.813953488372
51-55,F,1,B,3,10,0.1875,P00006962,0.0625,9.0,0.125,4249.533896009459,5079.75
26-35,M,0,A,1,17,0.21052631578947367,P00002733,0.05263157894736842,36.0,0.15789473684210525,5464.221872555563,4102.684210526316
51-55,F,1,C,2,5,0.17647058823529413,P00014993,0.058823529411764705,4.0,0.058823529411764705,10266.321159714991,7115.176470588235
26-35,M,0,A,2,3,0.21212121212121213,P00055340,0.06060606060606061,28.0,0.12121212121212122,9978.360802692601,12838.60606060606
36-45,F,1,B,2,5,0.2631578947368421,P00000518,0.05263157894736842,28.0,0.15789473684210525,2535.41605753283,1281.157894736842
26-35,M,0,A,1,13,0.16279069767441862,P00095328,0.046511627906976744,44.0,0.11627906976744186,8725.571178999027,9815.06976744186
51-55,F,1,B,5+,3,0.16666666666666666,P00000070,0.023809523809523808,27.0,0.11904761904761904,7815.560006738575,7512.309523809524
26-35,M,0,A,1,12,0.21428571428571427,P00006347,0.07142857142857142,18.0,0.2857142857142857,3769.2263386944137,8424.5
46-50,M,1,B,5+,11,0.1590909090909091,P00000404,0.022727272727272728,10.0,0.11363636363636363,7282.606817561733,7873.181818181818
36-45,F,1,B,4,12,0.2,P00001156,0.1,3.0,0.1,6984.172881912677,8445.2
26-35,M,0,A,2,3,0.21739130434782608,P00092450,0.043478260869565216,28.0,0.10869565217391304,10043.175654231043,12349.021739130434
36-45,M,1,A,1,13,0.16129032258064516,P00001282,0.03225806451612903,13.0,0.16129032258064516,9752.07954905941,12777.741935483871
46-50,F,1,B,3,18,0.15555555555555556,P00083623,0.044444444444444446,18.0,0.08888888888888889,9798.157226146293,13141.488888888889
51-55,F,1,C,1,13,0.13333333333333333,P00041436,0.044444444444444446,11.0,0.08888888888888889,10456.114864885369,14937.422222222222
46-50,M,1,A,4,12,0.12244897959183673,P00000105,0.02040816326530612,20.0,0.08163265306122448,7629.234512659162,7635.7959183673465
0-17,M,0,A,2,5,0.2,P00002264,0.06666666666666667,27.0,0.2,6622.180854270493,5523.133333333333
55+,F,1,C,1,5,0.15384615384615385,P00006705,0.07692307692307693,28.0,0.15384615384615385,6433.508061264785,3654.846153846154
46-50,M,1,B,1,12,0.17391304347826086,P00008131,0.021739130434782608,9.0,0.08695652173913043,6293.411029557543,8137.45652173913
51-55,F,1,C,1,10,0.25,P00001039,0.05,4.0,0.1,6501.504393519038,4433.7
18-25,M,0,A,2,4,0.18181818181818182,P00006347,0.09090909090909091,6.0,0.09090909090909091,5891.459615409411,4284.0
55+,F,1,C,4,10,0.14,P00037226,0.04,7.0,0.1,7099.04298295746,6520.46
46-50,M,1,A,5+,3,0.16326530612244897,P00057355,0.04081632653061224,36.0,0.14285714285714285,5845.34921756948,6720.938775510204
36-45,M,0,A,2,3,0.36363636363636365,P00009929,0.09090909090909091,5.0,0.09090909090909091,10069.15983675807,12097.727272727272
55+,F,1,C,1,16,0.3333333333333333,P00005311,0.06666666666666667,18.0,0.13333333333333333,3667.4911237598303,1751.0
46-50,M,1,A,5+,11,0.13333333333333333,P00056609,0.044444444444444446,40.0,0.1111111111111111,6238.25574503034,7574.622222222222
36-45,M,1,A,5+,3,0.175,P00003227,0.025,14.0,0.075,9326.027828279635,11138.35
26-35,M,0,A,3,3,0.125,P00002538,0.020833333333333332,18.0,0.0625,9575.19646963867,11773.8125
36-45,M,1,A,1,3,0.20833333333333334,P00023477,0.041666666666666664,20.0,0.125,8963.15659830139,12959.416666666666
26-35,M,0,B,1,10,0.2,P00003936,0.1,4.0,0.1,5978.578426348525,3978.0
26-35,M,0,B,1,3,0.25,P00002152,0.0625,40.0,0.1875,9605.09893385626,5932.0625
0-17,M,0,A,1,16,0.3,P00017299,0.1,20.0,0.2,7087.349923161219,3418.4
26-35,M,0,A,4,17,0.18,P00000610,0.02,30.0,0.12,9118.268378930512,8042.12
51-55,F,1,B,1,3,0.2,P00020845,0.1,44.0,0.2,10501.603945747209,14088.9
36-45,M,0,A,4,3,0.18181818181818182,P00012617,0.045454545454545456,4.0,0.06818181818181818,6673.575976883675,6423.227272727273
55+,F,1,C,2,17,0.26666666666666666,P00009929,0.06666666666666667,30.0,0.2,6882.69431462501,3858.2
26-35,M,0,A,4,17,0.12244897959183673,P00037149,0.04081632653061224,10.0,0.12244897959183673,7572.747047656426,7835.163265306122
0-17,M,0,A,2,10,0.25,P00005758,0.08333333333333333,4.0,0.16666666666666666,3326.8973932406625,1972.4166666666667
46-50,M,1,A,3,3,0.1956521739130435,P00009397,0.043478260869565216,7.0,0.13043478260869565,7151.03945648551,7906.739130434783
18-25,M,0,A,3,17,0.2727272727272727,P00000404,0.09090909090909091,24.0,0.18181818181818182,8753.204433494368,5025.636363636364
51-55,F,1,C,2,20,0.15,P00001383,0.05,6.0,0.1,9280.586457620468,6189.05
36-45,M,0,B,1,17,0.23529411764705882,P00081143,0.11764705882352941,24.0,0.11764705882352941,5998.881556909048,3952.9411764705883
0-17,M,0,A,1,5,0.2,P00001110,0.05,16.0,0.1,6909.639733924741,4024.9
26-35,M,0,A,2,3,0.11904761904761904,P00005857,0.023809523809523808,20.0,0.07142857142857142,9691.748892707812,12799.714285714286
51-55,F,1,C,5+,3,0.16279069767441862,P00003072,0.023255813953488372,40.0,0.09302325581395349,7450.526905490324,7473.790697674419
46-50,F,1,B,2,17,0.23529411764705882,P00003658,0.058823529411764705,36.0,0.17647058823529413,5371.503317480674,2542.529411764706
26-35,M,0,A,4,3,0.16326530612244897,P00000573,0.02040816326530612,40.0,0.10204081632653061,8991.000710981172,11455.918367346938
46-50,F,1,B,5+,3,0.16666666666666666,P00019327,0.041666666666666664,40.0,0.08333333333333333,8112.728762114621,11861.895833333334
51-55,F,1,C,2,5,0.2,P00022688,0.06666666666666667,30.0,0.2,9011.62411766576,7253.666666666667
36-45,M,1,A,4,18,0.12244897959183673,P00046817,0.04081632653061224,42.0,0.10204081632653061,10056.11793550688,12554.673469387755
36-45,M,1,A,5+,13,0.16666666666666666,P00002352,0.023809523809523808,20.0,0.09523809523809523,8388.328512385964,13603.5
51-55,F,1,B,4,3,0.1702127659574468,P00086813,0.0425531914893617,20.0,0.0851063829787234,6514.75367407376,6838.851063829788
0-17,M,0,A,2,4,0.2222222222222222,P00003235,0.05555555555555555,16.0,0.1111111111111111,2116.025831662137,1198.4444444444443
26-35,M,0,A,4,8,0.16666666666666666,P00006542,0.03333333333333333,10.0,0.06666666666666667,11436.147156647896,12303.266666666666
26-35,M,0,A,5+,3,0.14705882352941177,P00042825,0.058823529411764705,13.0,0.08823529411764706,10021.619499381044,13586.941176470587
51-55,F,1,B,1,3,0.2564102564102564,P00039784,0.05128205128205128,7.0,0.10256410256410256,9972.933079279068,12206.51282051282
26-35,M,0,B,1,16,0.29411764705882354,P00008131,0.058823529411764705,14.0,0.11764705882352941,7949.6608381223705,4756.764705882353
18-25,M,0,A,2,4,0.26666666666666666,P00012080,0.06666666666666667,16.0,0.13333333333333333,8252.975824051646,6463.666666666667
46-50,F,1,B,5+,3,0.24390243902439024,P00003982,0.04878048780487805,21.0,0.0975609756097561,8193.87446354838,9305.975609756097
26-35,M,0,A,4,3,0.28888888888888886,P00079475,0.044444444444444446,40.0,0.13333333333333333,9078.439393876175,13455.888888888889
18-25,M,0,A,2,10,0.2,P00027896,0.06666666666666667,40.0,0.2,5569.267015975988,4789.333333333333
36-45,F,1,B,1,10,0.2,P00012783,0.06666666666666667,7.0,0.13333333333333333,8280.734515959894,5754.133333333333
55+,F,1,C,1,10,0.2857142857142857,P00008353,0.07142857142857142,42.0,0.2857142857142857,5534.771161275985,4231.5
51-55,F,1,C,2,19,0.13636363636363635,P00072677,0.045454545454545456,40.0,0.11363636363636363,8989.999636429475,10670.454545454546
26-35,M,0,A,4,3,0.17777777777777778,P00021723,0.044444444444444446,40.0,0.1111111111111111,9441.753476131455,12978.977777777778
26-35,M,0,B,3,6,0.23529411764705882,P00002002,0.058823529411764705,6.0,0.11764705882352941,5366.398023129393,4621.35294117647
0-17,M,0,A,1,5,0.15,P00064596,0.1,6.0,0.1,10935.388911333024,6303.3
36-45,M,0,B,2,3,0.15384615384615385,P00008564,0.07692307692307693,6.0,0.07692307692307693,7108.258360743293,6103.615384615385
51-55,F,1,C,2,4,0.2857142857142857,P00000285,0.07142857142857142,24.0,0.14285714285714285,1300.4574448762505,1016.2142857142857
46-50,M,1,B,3,11,0.14634146341463414,P00001575,0.024390243902439025,13.0,0.07317073170731707,9462.407736831507,10616.146341463415
36-45,M,1,A,5+,18,0.20512820512820512,P00034573,0.05128205128205128,42.0,0.1282051282051282,9023.083321319924,13303.538461538461
55+,F,1,C,2,20,0.17391304347826086,P00004622,0.021739130434782608,40.0,0.08695652173913043,8757.144391204578,11407.021739130434
46-50,M,1,B,1,12,0.15555555555555556,P00006705,0.044444444444444446,36.0,0.08888888888888889,6570.54575358851,6852.0
36-45,M,0,A,2,3,0.1836734693877551,P00001576,0.02040816326530612,20.0,0.12244897959183673,10618.588851663872,11780.612244897959
26-35,M,0,A,4,18,0.13043478260869565,P00034489,0.043478260869565216,30.0,0.08695652173913043,9111.794705096581,11192.08695652174
46-50,M,1,A,4,6,0.10638297872340426,P00080853,0.0425531914893617,42.0,0.1276595744680851,9423.47226160877,11429.72340425532
26-35,M,0,A,4,10,0.16666666666666666,P00001409,0.023809523809523808,14.0,0.07142857142857142,7802.69794241735,7129.880952380952
46-50,M,1,B,2,12,0.21428571428571427,P00030158,0.047619047619047616,9.0,0.07142857142857142,7072.866564444976,7610.023809523809
55+,F,1,C,2,10,0.23076923076923078,P00002627,0.07692307692307693,4.0,0.15384615384615385,6149.3750610143825,4347.153846153846
46-50,M,1,A,5+,3,0.18604651162790697,P00047031,0.046511627906976744,36.0,0.13953488372093023,7523.333704321381,6398.790697674419
26-35,M,0,A,2,5,0.15789473684210525,P00011129,0.05263157894736842,20.0,0.15789473684210525,9589.6891667973,6197.263157894737
51-55,F,1,B,1,12,0.3333333333333333,P00087756,0.1111111111111111,7.0,0.16666666666666666,3837.787451923802,6404.944444444444
26-35,M,0,A,4,3,0.125,P00001455,0.025,18.0,0.075,7560.327689106251,6876.45
36-45,M,1,A,1,3,0.125,P00001409,0.020833333333333332,21.0,0.10416666666666667,8190.068135806255,6648.625
36-45,M,0,A,4,8,0.13043478260869565,P00005989,0.021739130434782608,7.0,0.08695652173913043,7132.2792172523805,7566.521739130435
36-45,M,0,A,5+,17,0.1836734693877551,P00000925,0.02040816326530612,18.0,0.061224489795918366,5852.400052542547,5352.285714285715
18-25,M,0,A,1,10,0.16666666666666666,P00000718,0.05555555555555555,18.0,0.2222222222222222,6203.251396030386,3994.0
51-55,F,1,C,3,5,0.2,P00005612,0.1,28.0,0.2,4163.582118267341,2219.5
51-55,F,1,C,4,11,0.23076923076923078,P00010273,0.07692307692307693,9.0,0.15384615384615385,3579.1830198724947,7600.384615384615
26-35,M,0,A,3,3,0.13953488372093023,P00006347,0.023255813953488372,40.0,0.11627906976744186,8053.940492883063,12493.67441860465
18-25,M,0,A,5+,17,0.25,P00001039,0.0625,7.0,0.0625,6565.980319990306,4325.6875
26-35,M,0,B,5+,5,0.18181818181818182,P00011310,0.09090909090909091,40.0,0.18181818181818182,8061.670717886979,5311.181818181818
26-35,M,0,A,2,10,0.18181818181818182,P00063082,0.06060606060606061,22.0,0.09090909090909091,10443.621084654904,11456.787878787878
46-50,M,1,B,4,12,0.14893617021276595,P00000573,0.02127659574468085,10.0,0.0851063829787234,7100.866385817452,7004.489361702128
46-50,F,1,B,2,3,0.3,P00015036,0.1,30.0,0.2,8599.855908999612,10727.9
36-45,M,0,A,3,3,0.20588235294117646,P00001156,0.029411764705882353,20.0,0.08823529411764706,8333.851090368422,9569.941176470587
55+,F,1,C,5+,12,0.125,P00001575,0.025,21.0,0.1,7577.669902840204,8433.85
18-25,M,0,A,5+,17,0.2,P00002675,0.05,24.0,0.1,6720.09210835215,4152.55
46-50,M,1,B,4,12,0.12,P00007255,0.02,27.0,0.12,6572.757541053023,7088.98
51-55,F,1,B,3,6,0.25,P00005621,0.0625,27.0,0.125,3854.810916244791,6219.0
36-45,M,0,A,4,3,0.2,P00001576,0.05,10.0,0.15,5627.427004834167,7081.8
46-50,F,1,B,5+,3,0.23529411764705882,P00014175,0.058823529411764705,40.0,0.11764705882352941,6480.556847896909,7455.941176470588
36-45,M,0,B,1,10,0.16666666666666666,P00028084,0.08333333333333333,20.0,0.16666666666666666,11247.33636716092,7108.083333333333
46-50,M,1,B,1,3,0.21951219512195122,P00002370,0.024390243902439025,7.0,0.12195121951219512,9377.50633131764,13506.609756097561
26-35,M,0,A,3,3,0.17647058823529413,P00002627,0.029411764705882353,42.0,0.14705882352941177,9334.112783518138,13166.617647058823
18-25,M,0,A,5+,5,0.15,P00002002,0.05,7.0,0.15,5326.367444634586,4726.05
55+,F,1,C,5+,3,0.17142857142857143,P00062718,0.08571428571428572,24.0,0.14285714285714285,9579.954522444292,13347.371428571429
55+,F,1,C,2,4,0.1875,P00019881,0.0625,18.0,0.1875,7825.660865596806,5758.875
51-55,F,1,C,1,3,0.3076923076923077,P00027739,0.07692307692307693,40.0,0.15384615384615385,10560.129043257777,8214.076923076924
36-45,M,1,A,3,3,0.1956521739130435,P00071397,0.043478260869565216,14.0,0.08695652173913043,9736.791535054115,11942.739130434782
55+,F,1,C,4,12,0.13043478260869565,P00000101,0.021739130434782608,20.0,0.08695652173913043,7198.747410500889,7627.173913043478
46-50,F,1,C,2,5,0.17647058823529413,P00000549,0.058823529411764705,40.0,0.17647058823529413,2844.0350723306947,1778.3529411764705
36-45,M,0,A,4,19,0.17073170731707318,P00027480,0.04878048780487805,21.0,0.12195121951219512,8713.873062396593,14314.951219512195
46-50,F,1,B,5+,14,0.2,P00055511,0.2,30.0,0.2,6377.815970407187,7226.466666666666
46-50,M,1,B,5+,1,0.09523809523809523,P00006469,0.023809523809523808,9.0,0.07142857142857142,8166.596908374947,7350.0952380952385
26-35,M,0,A,5+,12,0.14,P00062718,0.04,9.0,0.08,5700.982461123768,7300.28
36-45,M,0,A,5+,12,0.16,P00057930,0.04,7.0,0.06,6423.487876535613,6752.3
0-17,M,0,A,1,4,0.17647058823529413,P00005394,0.058823529411764705,16.0,0.11764705882352941,5622.184296579568,3646.470588235294
46-50,F,1,B,4,3,0.26666666666666666,P00001575,0.03333333333333333,35.0,0.13333333333333333,9409.888108646212,11701.3
36-45,F,1,B,4,5,0.23076923076923078,P00005627,0.07692307692307693,24.0,0.15384615384615385,10276.880658259224,6395.307692307692
55+,F,1,C,5+,20,0.1891891891891892,P00082828,0.05405405405405406,42.0,0.08108108108108109,9799.646930040564,14781.864864864865
36-45,M,1,A,5+,3,0.1794871794871795,P00092156,0.05128205128205128,7.0,0.10256410256410256,9359.161338325946,11579.871794871795
18-25,M,0,A,2,5,0.3076923076923077,P00006213,0.07692307692307693,7.0,0.15384615384615385,6212.7011188618835,3308.230769230769
36-45,M,1,A,2,3,0.13953488372093023,P00000947,0.023255813953488372,36.0,0.16279069767441862,10407.448472707942,11161.953488372093
36-45,M,1,A,3,3,0.2,P00032596,0.04,18.0,0.1,9177.380664082175,10883.94
18-25,M,0,A,1,4,0.21428571428571427,P00001457,0.07142857142857142,12.0,0.14285714285714285,3310.7690990874808,2645.785714285714
55+,F,1,C,2,10,0.17647058823529413,P00013845,0.058823529411764705,6.0,0.17647058823529413,7391.5557797792635,4563.705882352941
18-25,M,0,A,2,15,0.21052631578947367,P00010231,0.05263157894736842,16.0,0.15789473684210525,6781.744009251421,3823.157894736842
55+,F,1,C,4,12,0.15555555555555556,P00002274,0.022222222222222223,7.0,0.06666666666666667,6901.103609370948,7972.533333333334
55+,F,1,C,3,10,0.26666666666666666,P00008010,0.06666666666666667,36.0,0.13333333333333333,5108.318782236713,2713.733333333333
46-50,M,1,B,4,12,0.125,P00085727,0.041666666666666664,24.0,0.08333333333333333,5402.653546706903,5165.125
36-45,M,0,B,2,5,0.3,P00000610,0.1,24.0,0.2,3089.2354321992934,2432.0
26-35,M,0,A,5+,12,0.12244897959183673,P00003708,0.02040816326530612,36.0,0.10204081632653061,5980.792494782464,5731.734693877551
36-45,M,0,B,2,17,0.25,P00003448,0.0625,20.0,0.125,7852.843850054152,4964.5
18-25,M,0,A,1,15,0.25,P00000795,0.08333333333333333,4.0,0.16666666666666666,3080.9883105420845,1514.3333333333333
26-35,M,0,A,4,3,0.18,P00036138,0.04,44.0,0.08,10447.082785863902,12533.2
51-55,F,1,C,5+,17,0.21428571428571427,P00002387,0.07142857142857142,5.0,0.07142857142857142,10389.796959644464,7627.357142857143
46-50,M,1,B,4,3,0.13636363636363635,P00036068,0.045454545454545456,10.0,0.09090909090909091,6279.219842659789,5989.931818181818
26-35,M,0,B,1,10,0.2,P00000947,0.05,18.0,0.15,6946.155222021823,4518.5
18-25,M,0,A,1,4,0.3333333333333333,P00001575,0.08333333333333333,20.0,0.25,7262.9081807788425,3693.1666666666665
51-55,F,1,B,5+,3,0.125,P00000936,0.025,40.0,0.1,5531.329472498753,5147.9
46-50,F,1,C,2,15,0.16666666666666666,P00004911,0.05555555555555555,12.0,0.16666666666666666,6151.44912121117,3288.9444444444443
55+,F,1,C,1,16,0.2,P00007161,0.06666666666666667,7.0,0.06666666666666667,9523.701942797143,8514.466666666667
55+,F,1,C,2,17,0.25,P00007992,0.08333333333333333,4.0,0.25,6063.075074255687,3136.5833333333335
46-50,M,1,B,4,3,0.2,P00091180,0.06666666666666667,7.0,0.1,9779.757561341727,10390.8
36-45,F,1,B,1,17,0.25,P00000953,0.0625,16.0,0.125,5693.806459654209,3592.0
26-35,M,0,B,1,4,0.2,P00016126,0.1,12.0,0.2,5739.681935632168,5914.5
55+,F,1,C,3,12,0.125,P00000070,0.025,28.0,0.1,6972.251223416716,7513.575
36-45,M,1,A,4,3,0.16666666666666666,P00096539,0.05555555555555555,35.0,0.1111111111111111,9737.393297742505,12019.777777777777
26-35,M,0,A,3,11,0.2,P00003492,0.022222222222222223,40.0,0.08888888888888889,7188.777662426205,7999.644444444444
0-17,M,0,A,1,5,0.3,P00024740,0.1,42.0,0.2,2267.147206415048,1507.3
46-50,F,1,B,5+,9,0.3125,P00000148,0.0625,20.0,0.1875,4542.869621267303,8059.5625
36-45,M,0,A,2,18,0.1276595744680851,P00096841,0.0425531914893617,42.0,0.1276595744680851,10387.242312226763,11821.872340425532
0-17,M,0,A,2,4,0.15384615384615385,P00018406,0.07692307692307693,6.0,0.07692307692307693,8279.176725762669,7054.615384615385
36-45,M,1,A,3,18,0.20930232558139536,P00043389,0.046511627906976744,10.0,0.11627906976744186,10157.932118313538,13206.720930232557
46-50,M,1,B,4,1,0.10416666666666667,P00062316,0.041666666666666664,18.0,0.10416666666666667,7922.699004503292,8003.125
55+,F,1,C,1,13,0.2,P00043044,0.04,42.0,0.12,9262.125357208952,14144.7
36-45,M,1,A,2,3,0.18604651162790697,P00000947,0.023255813953488372,14.0,0.09302325581395349,9589.153918324831,13535.813953488372
26-35,M,0,A,1,3,0.17073170731707318,P00003982,0.024390243902439025,20.0,0.14634146341463414,9850.828252103425,13108.439024390244
26-35,M,0,A,4,3,0.1891891891891892,P00096342,0.05405405405405406,30.0,0.08108108108108109,9022.263489028983,9645.081081081082
18-25,M,0,A,2,10,0.1875,P00000518,0.0625,9.0,0.125,8643.76012315628,7601.5
36-45,M,1,A,4,3,0.17777777777777778,P00000404,0.044444444444444446,14.0,0.06666666666666667,9969.269194870703,11203.244444444445
0-17,M,0,A,2,17,0.2,P00007851,0.06666666666666667,4.0,0.13333333333333333,4806.320874887667,3133.0666666666666
26-35,M,0,A,3,13,0.15555555555555556,P00014365,0.044444444444444446,21.0,0.06666666666666667,8856.41970333476,12348.755555555555
18-25,M,0,A,5+,16,0.3,P00030955,0.1,32.0,0.2,2732.9411832513174,1817.2
18-25,M,0,A,4,8,0.2,P00086305,0.1,30.0,0.15,2972.8168619571643,5379.9
36-45,M,1,A,1,3,0.16129032258064516,P00001802,0.03225806451612903,40.0,0.0967741935483871,9087.406687456316,10659.645161290322
55+,F,1,C,5+,9,0.1111111111111111,P00079735,0.044444444444444446,9.0,0.1111111111111111,6002.331673456725,7602.066666666667
36-45,M,1,A,4,3,0.22448979591836735,P00000070,0.02040816326530612,40.0,0.08163265306122448,9819.230310266401,11644.775510204081
46-50,M,1,A,4,3,0.26666666666666666,P00016119,0.044444444444444446,42.0,0.08888888888888889,7934.78392276753,7947.311111111111
51-55,F,1,B,5+,12,0.18181818181818182,P00068387,0.045454545454545456,35.0,0.06818181818181818,8245.665318673122,7127.681818181818
46-50,F,1,B,2,3,0.18604651162790697,P00004752,0.023255813953488372,15.0,0.06976744186046512,9540.533018835973,11855.953488372093
26-35,M,0,A,5+,11,0.14893617021276595,P00000215,0.02127659574468085,18.0,0.06382978723404255,6715.560515336946,7569.446808510638
51-55,F,1,C,1,3,0.125,P00001802,0.0625,4.0,0.125,6107.984543475312,3978.125
36-45,M,0,A,4,3,0.15555555555555556,P00052838,0.044444444444444446,30.0,0.08888888888888889,9676.245966804534,10372.111111111111
51-55,F,1,B,5+,3,0.13043478260869565,P00056859,0.043478260869565216,20.0,0.06521739130434782,8513.199600058417,11747.239130434782
46-50,M,1,A,1,3,0.11627906976744186,P00001575,0.023255813953488372,40.0,0.11627906976744186,10134.961110262524,12367.767441860466
36-45,M,0,A,5+,3,0.17391304347826086,P00040834,0.043478260869565216,30.0,0.10869565217391304,7903.923773566992,8226.782608695652
46-50,F,1,B,3,19,0.13953488372093023,P00001398,0.023255813953488372,30.0,0.09302325581395349,8563.966656696532,10045.232558139534
55+,F,1,C,2,15,0.21428571428571427,P00005606,0.07142857142857142,20.0,0.14285714285714285,7543.055350948482,4984.214285714285
51-55,F,1,B,3,12,0.2,P00010770,0.02857142857142857,7.0,0.08571428571428572,8840.93612880522,9870.314285714287
0-17,M,0,A,1,4,0.1875,P00004622,0.0625,36.0,0.1875,6493.653606599292,4733.3125
36-45,M,1,A,5+,10,0.12903225806451613,P00000947,0.03225806451612903,27.0,0.0967741935483871,7818.854201595426,6824.322580645161
26-35,M,0,A,1,10,0.15,P00011935,0.05,20.0,0.15,9870.476067012862,6869.0
46-50,F,1,B,5+,3,0.1,P00056964,0.04,42.0,0.1,9362.43325942262,10567.44
26-35,M,0,A,5+,20,0.175,P00024091,0.05,20.0,0.1,9505.766019524608,13376.85
51-55,F,1,B,4,3,0.23404255319148937,P00043318,0.0425531914893617,36.0,0.10638297872340426,8095.818333405931,9476.234042553191
26-35,M,0,A,4,11,0.16,P00000148,0.02,18.0,0.1,5685.5948042363325,6742.74
36-45,M,1,A,2,3,0.17777777777777778,P00031009,0.044444444444444446,42.0,0.08888888888888889,8918.43681002133,11255.844444444445
46-50,F,1,B,5+,3,0.16666666666666666,P00048169,0.041666666666666664,10.0,0.0625,9158.06184627194,12694.166666666666
55+,F,1,C,5+,3,0.16666666666666666,P00000221,0.023809523809523808,42.0,0.14285714285714285,5445.882844965704,6355.547619047619
36-45,M,1,A,3,20,0.23255813953488372,P00043389,0.046511627906976744,20.0,0.09302325581395349,10207.428159765139,13603.488372093023
55+,F,1,C,4,3,0.16279069767441862,P00069589,0.046511627906976744,35.0,0.09302325581395349,8610.718946089768,10070.60465116279
51-55,F,1,C,1,10,0.29411764705882354,P00008353,0.058823529411764705,10.0,0.11764705882352941,3564.1684844145793,2941.8823529411766
51-55,F,1,C,2,10,0.2222222222222222,P00000573,0.05555555555555555,12.0,0.1111111111111111,4947.3130850430225,4020.0555555555557
26-35,M,0,A,1,13,0.15151515151515152,P00006347,0.030303030303030304,7.0,0.06060606060606061,8418.153393969127,10136.757575757576
36-45,M,0,A,5+,12,0.14285714285714285,P00078595,0.047619047619047616,27.0,0.09523809523809523,8064.196749981724,8043.738095238095
36-45,M,1,A,4,8,0.13953488372093023,P00000148,0.023255813953488372,10.0,0.06976744186046512,7845.8715712195335,8212.046511627907
36-45,M,0,A,5+,3,0.14285714285714285,P00089394,0.04081632653061224,36.0,0.10204081632653061,7584.815545304483,6497.65306122449
36-45,M,0,B,4,17,0.2222222222222222,P00001457,0.05555555555555555,12.0,0.2222222222222222,5662.49046371241,3714.3888888888887
51-55,F,1,C,3,3,0.1875,P00000070,0.0625,20.0,0.125,4105.0006557043735,6835.875
18-25,M,0,A,1,2,0.3,P00004622,0.1,18.0,0.2,7790.413759515244,4848.9
26-35,M,0,A,2,10,0.16666666666666666,P00002815,0.023809523809523808,35.0,0.07142857142857142,10251.86661468856,9227.5
51-55,F,1,B,5+,19,0.14285714285714285,P00028582,0.04081632653061224,20.0,0.10204081632653061,8231.03305854644,9915.448979591836
46-50,M,1,B,4,3,0.15217391304347827,P00054120,0.043478260869565216,7.0,0.08695652173913043,6256.433507851279,6481.369565217391
36-45,M,1,A,4,3,0.14285714285714285,P00000101,0.023809523809523808,40.0,0.09523809523809523,9209.405821231863,12359.07142857143
55+,F,1,C,3,3,0.16326530612244897,P00000148,0.02040816326530612,27.0,0.08163265306122448,9888.342946084938,12212.224489795919
46-50,F,1,B,5+,18,0.16129032258064516,P00053512,0.0967741935483871,44.0,0.12903225806451613,9398.208625349374,11918.967741935483
51-55,F,1,C,4,12,0.14634146341463414,P00008016,0.024390243902439025,20.0,0.0975609756097561,6155.184926587324,6658.658536585366
36-45,F,1,B,1,12,0.25,P00017122,0.08333333333333333,21.0,0.16666666666666666,4564.541843649178,7032.666666666667
55+,F,1,C,2,5,0.16666666666666666,P00006172,0.05555555555555555,18.0,0.2222222222222222,6557.573309725048,4117.777777777777
46-50,M,1,B,5+,8,0.12244897959183673,P00035105,0.04081632653061224,10.0,0.10204081632653061,4524.530197545751,4863.306122448979
26-35,M,0,A,2,10,0.2727272727272727,P00008604,0.09090909090909091,44.0,0.18181818181818182,8581.341320245074,3883.3636363636365
55+,F,1,C,2,3,0.1836734693877551,P00037299,0.04081632653061224,40.0,0.08163265306122448,10588.396491934374,11736.020408163266
36-45,M,1,A,3,3,0.16,P00000101,0.02,20.0,0.08,10265.400100575622,12339.14
46-50,F,1,B,2,5,0.21052631578947367,P00000205,0.05263157894736842,42.0,0.21052631578947367,7384.463992077718,5227.315789473684
36-45,F,1,B,2,10,0.21052631578947367,P00012080,0.05263157894736842,8.0,0.10526315789473684,7855.71611567389,4676.368421052632
51-55,F,1,B,4,3,0.125,P00066889,0.041666666666666664,36.0,0.08333333333333333,7665.461306109436,8698.666666666666
46-50,M,1,A,5+,3,0.20833333333333334,P00091005,0.041666666666666664,44.0,0.08333333333333333,9223.22062811445,12415.604166666666
51-55,F,1,C,5+,10,0.19047619047619047,P00091112,0.047619047619047616,20.0,0.09523809523809523,10369.50006805729,11662.404761904761
26-35,M,0,B,1,16,0.21052631578947367,P00001976,0.05263157894736842,44.0,0.15789473684210525,6678.827258123963,5121.894736842105
46-50,M,1,B,4,3,0.12,P00000105,0.02,36.0,0.08,7047.832983641577,7079.7
26-35,M,0,A,2,3,0.16279069767441862,P00094639,0.046511627906976744,28.0,0.09302325581395349,8383.530983934068,10845.162790697674
46-50,M,1,B,5+,8,0.11363636363636363,P00000526,0.022727272727272728,36.0,0.11363636363636363,5993.874564232618,6317.818181818182
18-25,M,0,A,4,10,0.17647058823529413,P00001575,0.11764705882352941,16.0,0.11764705882352941,7834.983709957164,5962.117647058823
55+,F,1,C,1,3,0.14893617021276595,P00024477,0.0425531914893617,28.0,0.10638297872340426,9618.870861313375,11593.489361702128
55+,F,1,C,4,3,0.16,P00005818,0.02,20.0,0.1,6209.300306173386,6241.44
36-45,F,1,B,5+,17,0.3333333333333333,P00085051,0.1111111111111111,28.0,0.1111111111111111,6234.1485154284155,3281.222222222222
36-45,M,1,A,5+,3,0.13953488372093023,P00004898,0.046511627906976744,21.0,0.13953488372093023,9869.044565267159,12237.186046511628
51-55,F,1,B,4,12,0.1276595744680851,P00000238,0.02127659574468085,9.0,0.0851063829787234,5303.815277921421,5704.617021276596
51-55,F,1,C,5+,10,0.12244897959183673,P00006684,0.02040816326530612,12.0,0.061224489795918366,4889.948787866719,5539.65306122449
26-35,M,0,A,2,3,0.16129032258064516,P00005818,0.03225806451612903,21.0,0.0967741935483871,10288.959496386386,15921.58064516129
0-17,M,0,A,1,5,0.2631578947368421,P00005394,0.05263157894736842,36.0,0.15789473684210525,6799.933401376656,3549.4736842105262
51-55,F,1,B,4,3,0.15,P00060834,0.05,7.0,0.075,7487.3960245338385,6125.55
51-55,F,1,B,3,3,0.16,P00043044,0.04,14.0,0.06,8593.501852930884,9924.16
26-35,M,0,A,3,3,0.11904761904761904,P00000105,0.023809523809523808,7.0,0.07142857142857142,9512.620679203557,12438.642857142857
46-50,M,1,A,5+,3,0.17391304347826086,P00000101,0.021739130434782608,7.0,0.06521739130434782,10248.760398543976,9904.934782608696
36-45,F,1,B,1,5,0.16666666666666666,P00008627,0.05555555555555555,40.0,0.16666666666666666,8273.734758435343,4499.166666666667
36-45,M,1,A,1,19,0.1875,P00000101,0.03125,26.0,0.09375,8994.787423970583,10899.1875
55+,F,1,C,3,13,0.11363636363636363,P00003063,0.022727272727272728,35.0,0.09090909090909091,9525.006417487142,10460.84090909091
46-50,F,1,B,3,14,0.25,P00000148,0.0625,20.0,0.1875,9106.108103904762,9740.0
46-50,F,1,B,3,3,0.175,P00000337,0.025,4.0,0.075,10039.259170619702,11388.15
55+,F,1,C,4,12,0.13636363636363635,P00001409,0.045454545454545456,10.0,0.06818181818181818,7088.51772480564,7503.0
36-45,M,1,A,5+,3,0.16326530612244897,P00000101,0.02040816326530612,18.0,0.061224489795918366,3732.08964726252,4578.897959183673
55+,F,1,C,1,11,0.1951219512195122,P00000070,0.024390243902439025,10.0,0.0975609756097561,6221.500737607348,6357.1463414634145
51-55,F,1,C,4,11,0.13636363636363635,P00079290,0.045454545454545456,36.0,0.13636363636363635,8261.556787421909,7534.772727272727
36-45,M,0,B,1,1,0.18181818181818182,P00018831,0.09090909090909091,24.0,0.18181818181818182,2919.8881983577885,2953.090909090909
55+,F,1,C,2,19,0.23333333333333334,P00091846,0.06666666666666667,21.0,0.1,9277.114858246796,11516.9
36-45,M,1,B,3,12,0.25,P00013131,0.08333333333333333,8.0,0.16666666666666666,3611.73752779697,5483.166666666667
51-55,F,1,C,4,3,0.20930232558139536,P00000105,0.023255813953488372,21.0,0.11627906976744186,6330.507618393155,6380.767441860465
36-45,M,0,A,1,3,0.10869565217391304,P00013089,0.043478260869565216,28.0,0.08695652173913043,9113.825846980077,9905.826086956522
46-50,F,1,B,4,3,0.18421052631578946,P00001409,0.02631578947368421,30.0,0.10526315789473684,8544.60393787752,9268.368421052632
46-50,M,1,B,1,3,0.10204081632653061,P00073478,0.04081632653061224,7.0,0.08163265306122448,7731.568502257615,7331.510204081633
26-35,M,0,A,4,11,0.42857142857142855,P00002264,0.07142857142857142,28.0,0.21428571428571427,7664.75940426539,8946.42857142857
26-35,M,0,A,2,6,0.4,P00009159,0.1,27.0,0.2,6002.786713037723,9181.9
26-35,M,0,A,4,3,0.15217391304347827,P00005627,0.043478260869565216,14.0,0.13043478260869565,10444.573734002941,13853.217391304348
26-35,M,0,A,5+,3,0.22727272727272727,P00003658,0.045454545454545456,36.0,0.09090909090909091,9969.4308075927,10663.977272727272
51-55,F,1,B,4,12,0.14634146341463414,P00001383,0.024390243902439025,18.0,0.0975609756097561,7459.354149525868,6829.8536585365855
51-55,F,1,B,5+,16,0.18604651162790697,P00000518,0.023255813953488372,24.0,0.09302325581395349,6753.086346863552,6675.488372093023
36-45,M,1,A,2,13,0.21875,P00077940,0.09375,11.0,0.09375,10298.184283273342,14346.875
36-45,M,1,A,2,19,0.23076923076923078,P00046817,0.05128205128205128,20.0,0.1282051282051282,9451.32601497248,13361.923076923076
51-55,F,1,B,3,10,0.1282051282051282,P00082670,0.05128205128205128,10.0,0.10256410256410256,8364.678288278441,8417.76923076923
46-50,F,1,B,1,9,0.21428571428571427,P00000925,0.07142857142857142,6.0,0.07142857142857142,6661.8000755991425,8152.642857142857
46-50,M,1,B,4,1,0.14634146341463414,P00077787,0.04878048780487805,36.0,0.07317073170731707,5911.085954559881,5708.292682926829
55+,F,1,C,4,3,0.20408163265306123,P00000148,0.04081632653061224,27.0,0.10204081632653061,8003.504603533101,7720.244897959184
26-35,M,0,A,3,3,0.13333333333333333,P00000148,0.022222222222222223,27.0,0.1111111111111111,7335.033195341905,7053.577777777778
46-50,M,1,B,5+,13,0.21951219512195122,P00038249,0.04878048780487805,40.0,0.12195121951219512,9008.850078144702,12578.658536585366
46-50,M,1,A,1,16,0.125,P00003492,0.025,36.0,0.075,10247.577297048038,10275.05
26-35,M,0,B,2,4,0.45454545454545453,P00001790,0.09090909090909091,6.0,0.18181818181818182,1950.383113880217,1011.9090909090909
51-55,F,1,C,1,20,0.125,P00013748,0.041666666666666664,28.0,0.08333333333333333,9948.881839212914,11444.645833333334
36-45,M,0,B,1,5,0.1875,P00006098,0.0625,7.0,0.125,5958.631845202946,3332.5
51-55,F,1,B,4,3,0.14893617021276595,P00000573,0.02127659574468085,10.0,0.1276595744680851,6700.446625248076,6749.021276595745
55+,F,1,C,5+,3,0.13953488372093023,P00000215,0.023255813953488372,9.0,0.11627906976744186,7091.7639357870785,8046.604651162791
51-55,F,1,B,5+,3,0.18181818181818182,P00000573,0.022727272727272728,20.0,0.09090909090909091,10595.425300382383,11318.772727272728
46-50,M,1,B,4,12,0.14285714285714285,P00000925,0.023809523809523808,30.0,0.09523809523809523,5975.1088133196745,5536.714285714285
55+,F,1,C,1,5,0.18181818181818182,P00000404,0.09090909090909091,10.0,0.18181818181818182,10911.88684042232,8671.272727272728
18-25,M,0,A,3,4,0.18181818181818182,P00024486,0.09090909090909091,6.0,0.09090909090909091,7228.752731595227,6331.636363636364
55+,F,1,C,1,2,0.11904761904761904,P00041118,0.047619047619047616,9.0,0.11904761904761904,5240.139565128099,6173.857142857143
36-45,M,0,A,5+,3,0.1276595744680851,P00072407,0.0425531914893617,20.0,0.0851063829787234,5642.033239110732,5740.808510638298
36-45,M,0,B,2,5,0.17647058823529413,P00004898,0.058823529411764705,16.0,0.11764705882352941,4962.700150060627,4786.176470588235
26-35,M,0,A,3,16,0.3,P00018089,0.1,18.0,0.2,6275.71934876349,4182.3
26-35,M,0,A,5+,8,0.13333333333333333,P00001802,0.022222222222222223,18.0,0.08888888888888889,7252.726001060887,7464.688888888889
51-55,F,1,C,4,14,0.2222222222222222,P00005989,0.05555555555555555,7.0,0.1111111111111111,5877.211533692206,7040.333333333333
26-35,M,0,A,4,3,0.15217391304347827,P00000772,0.021739130434782608,36.0,0.08695652173913043,5967.395069982886,6075.108695652174
51-55,F,1,C,4,8,0.2857142857142857,P00020771,0.14285714285714285,3.0,0.14285714285714285,3299.8858663246565,2587.5
46-50,M,1,B,4,3,0.1875,P00003382,0.020833333333333332,40.0,0.10416666666666667,9341.153067895559,13363.479166666666
36-45,M,0,A,3,3,0.11627906976744186,P00042035,0.046511627906976744,20.0,0.09302325581395349,5936.54166340751,5416.46511627907
51-55,F,1,B,4,12,0.125,P00001853,0.020833333333333332,40.0,0.125,6801.284014671564,6762.583333333333
55+,F,1,C,1,10,0.1875,P00012510,0.0625,28.0,0.125,7079.624778192698,4626.75
26-35,M,0,B,5+,10,0.2,P00006011,0.06666666666666667,4.0,0.13333333333333333,6843.797407315689,4109.666666666667
26-35,M,0,A,3,11,0.14,P00063630,0.04,14.0,0.14,8459.130063078688,12113.38
46-50,F,1,B,3,20,0.15217391304347827,P00024866,0.043478260869565216,39.0,0.06521739130434782,10629.2542884713,12664.065217391304
26-35,M,0,A,2,13,0.1794871794871795,P00000070,0.02564102564102564,18.0,0.10256410256410256,9487.928498019774,12556.02564102564
36-45,M,1,A,5+,3,0.34285714285714286,P00034037,0.05714285714285714,11.0,0.08571428571428572,10309.512428706174,15989.8
26-35,M,0,B,2,16,0.2222222222222222,P00004911,0.05555555555555555,36.0,0.16666666666666666,6642.383916544663,4248.277777777777
36-45,F,1,B,2,4,0.16666666666666666,P00009923,0.08333333333333333,28.0,0.16666666666666666,6689.835537227466,5790.333333333333
51-55,F,1,C,5+,1,0.1,P00003658,0.02,20.0,0.1,7415.518167976655,8027.12
51-55,F,1,B,5+,3,0.13333333333333333,P00003982,0.022222222222222223,9.0,0.1111111111111111,10131.230047369729,11981.0
26-35,M,0,A,4,3,0.0975609756097561,P00030169,0.04878048780487805,42.0,0.0975609756097561,9012.409669517887,9432.731707317073
26-35,M,0,A,3,8,0.16666666666666666,P00004424,0.05555555555555555,20.0,0.16666666666666666,6786.191711682806,8218.222222222223
55+,F,1,C,2,10,0.26666666666666666,P00028552,0.06666666666666667,20.0,0.13333333333333333,5941.160342014328,2800.0666666666666
51-55,F,1,B,4,17,0.16666666666666666,P00055045,0.047619047619047616,36.0,0.09523809523809523,6845.23061380796,7022.880952380952
0-17,M,0,A,1,4,0.15789473684210525,P00000953,0.05263157894736842,40.0,0.15789473684210525,3907.3233221554174,2601.8947368421054
36-45,M,1,A,3,3,0.16279069767441862,P00022259,0.046511627906976744,10.0,0.09302325581395349,10011.06645486267,12258.767441860466
0-17,M,0,A,1,15,0.23529411764705882,P00013694,0.058823529411764705,40.0,0.23529411764705882,5099.519696962242,2956.529411764706
55+,F,1,C,2,4,0.3076923076923077,P00008017,0.07692307692307693,40.0,0.23076923076923078,6921.235794500641,5708.384615384615
36-45,F,1,B,2,15,0.23076923076923078,P00006603,0.07692307692307693,14.0,0.07692307692307693,6653.785208628551,4565.461538461538
51-55,F,1,C,2,4,0.25,P00020888,0.08333333333333333,40.0,0.16666666666666666,5408.6297430097475,2574.6666666666665
36-45,M,0,A,5+,3,0.15151515151515152,P00000101,0.030303030303030304,36.0,0.09090909090909091,8886.67023019888,12711.30303030303
55+,F,1,C,5+,11,0.1282051282051282,P00004622,0.02564102564102564,30.0,0.10256410256410256,8134.95292382657,9093.923076923076
26-35,M,0,A,1,3,0.12903225806451613,P00002274,0.03225806451612903,13.0,0.0967741935483871,9085.488989627644,9617.225806451614
51-55,F,1,B,4,3,0.19148936170212766,P00099152,0.0425531914893617,10.0,0.10638297872340426,6315.492234037412,6825.808510638298
36-45,M,1,A,2,18,0.16129032258064516,P00000743,0.03225806451612903,40.0,0.0967741935483871,9275.942788938271,14451.09677419355
26-35,M,0,A,2,18,0.20454545454545456,P00059484,0.045454545454545456,20.0,0.09090909090909091,9533.4738756353,13586.045454545454
55+,F,1,C,3,5,0.2631578947368421,P00006603,0.05263157894736842,12.0,0.10526315789473684,7098.113967437887,3437.684210526316
46-50,F,1,B,2,3,0.16129032258064516,P00000404,0.03225806451612903,7.0,0.06451612903225806,9426.902458914725,12781.645161290322
51-55,F,1,B,1,3,0.17073170731707318,P00000526,0.024390243902439025,28.0,0.0975609756097561,9786.164516183288,9507.365853658537
18-25,M,0,A,1,4,0.36363636363636365,P00007524,0.09090909090909091,7.0,0.09090909090909091,10348.71955452373,6368.727272727273
51-55,F,1,C,1,17,0.2,P00002675,0.05,30.0,0.15,7014.807072224176,4399.55
46-50,F,1,B,2,3,0.13333333333333333,P00005621,0.06666666666666667,16.0,0.13333333333333333,7134.720294847884,6221.4
36-45,M,1,A,3,3,0.16216216216216217,P00000526,0.02702702702702703,12.0,0.10810810810810811,9104.651328101825,13353.837837837838
36-45,M,1,A,3,3,0.12121212121212122,P00003382,0.030303030303030304,30.0,0.09090909090909091,8230.029670129514,7855.606060606061
51-55,F,1,B,5+,3,0.125,P00053573,0.0625,22.0,0.09375,9040.23309624679,10445.21875
26-35,M,0,A,3,11,0.15,P00082159,0.05,10.0,0.075,6919.343895780648,7124.475
46-50,F,1,C,2,10,0.2727272727272727,P00016700,0.09090909090909091,36.0,0.18181818181818182,2794.562005037641,2525.0
46-50,F,1,B,2,3,0.18604651162790697,P00046716,0.046511627906976744,13.0,0.09302325581395349,9745.191236155188,13190.906976744185
51-55,F,1,B,5+,3,0.16666666666666666,P00097209,0.041666666666666664,30.0,0.125,7731.319916091095,6987.8125
18-25,M,0,A,1,5,0.23076923076923078,P00006962,0.07692307692307693,24.0,0.15384615384615385,8723.332577427633,5219.615384615385
51-55,F,1,B,5+,20,0.1935483870967742,P00007781,0.03225806451612903,14.0,0.0967741935483871,9935.42479374979,12976.032258064517
46-50,F,1,B,1,1,0.3333333333333333,P00040834,0.16666666666666666,10.0,0.16666666666666666,7733.746398483765,8191.916666666667
0-17,M,0,A,2,4,0.26666666666666666,P00017389,0.06666666666666667,12.0,0.13333333333333333,5778.587274214546,4733.8
51-55,F,1,B,5+,8,0.1111111111111111,P00020505,0.044444444444444446,36.0,0.13333333333333333,5781.1181862013755,6323.511111111111
46-50,F,1,B,3,3,0.1282051282051282,P00000953,0.02564102564102564,20.0,0.10256410256410256,10271.76465830879,12031.74358974359
46-50,M,1,B,5+,3,0.10204081632653061,P00020505,0.04081632653061224,20.0,0.10204081632653061,8513.75445155629,9166.183673469388
26-35,M,0,A,2,3,0.2,P00003382,0.06666666666666667,40.0,0.2,9467.49292142547,12076.3
0-17,M,0,A,1,12,0.15,P00013739,0.05,20.0,0.1,7251.625651498681,5652.2
46-50,F,1,B,1,8,0.2,P00005873,0.1,10.0,0.1,3779.318617305388,2130.9
51-55,F,1,B,3,11,0.175,P00000247,0.025,7.0,0.075,5803.475343407471,6245.3
46-50,F,1,B,3,16,0.21428571428571427,P00006347,0.07142857142857142,4.0,0.07142857142857142,9726.037007621673,6941.214285714285
46-50,M,1,B,5+,11,0.1951219512195122,P00002152,0.04878048780487805,27.0,0.0975609756097561,5295.443894427019,6349.243902439024
51-55,F,1,C,3,3,0.17391304347826086,P00000743,0.021739130434782608,42.0,0.13043478260869565,7697.884331625918,9344.804347826086
51-55,F,1,B,5+,3,0.21739130434782608,P00005818,0.043478260869565216,36.0,0.08695652173913043,9438.029035240796,10963.41304347826
46-50,F,1,B,2,5,0.15789473684210525,P00000770,0.05263157894736842,20.0,0.10526315789473684,5497.368608696623,3546.7894736842104
36-45,M,0,B,4,5,0.18181818181818182,P00000953,0.09090909090909091,44.0,0.18181818181818182,4478.8032776624605,2950.0
36-45,M,1,A,5+,3,0.13043478260869565,P00083898,0.043478260869565216,9.0,0.08695652173913043,8045.374577889505,7781.652173913043
26-35,M,0,A,1,20,0.2127659574468085,P00029424,0.0425531914893617,39.0,0.0851063829787234,10771.086932810149,13934.63829787234
26-35,M,0,A,5+,10,0.11764705882352941,P00000947,0.029411764705882353,6.0,0.08823529411764706,10953.241842978108,9166.088235294117
26-35,M,0,A,3,11,0.16279069767441862,P00055953,0.046511627906976744,10.0,0.13953488372093023,6943.695940288928,9072.302325581395
46-50,F,1,B,5+,3,0.14893617021276595,P00019169,0.0425531914893617,10.0,0.10638297872340426,9157.25529129418,11960.446808510638
46-50,F,1,B,2,10,0.25,P00001039,0.05,20.0,0.15,2640.182238526648,2178.4
46-50,F,1,B,1,16,0.4166666666666667,P00002352,0.08333333333333333,36.0,0.25,2036.2760276067831,1181.6666666666667
26-35,M,0,A,5+,3,0.15555555555555556,P00000925,0.022222222222222223,7.0,0.08888888888888889,7181.105246661989,8315.933333333332
26-35,M,0,A,2,13,0.21428571428571427,P00009145,0.07142857142857142,30.0,0.21428571428571427,7805.256725755089,6246.357142857143
26-35,M,0,A,5+,3,0.15217391304347827,P00001029,0.021739130434782608,20.0,0.15217391304347827,6259.166542230814,6492.413043478261
0-17,M,0,A,2,16,0.25,P00005254,0.0625,20.0,0.125,4524.460549796701,3182.25
26-35,M,0,A,5+,3,0.12244897959183673,P00000247,0.02040816326530612,30.0,0.10204081632653061,7392.912439061662,7340.959183673469
26-35,M,0,A,3,3,0.15151515151515152,P00048553,0.06060606060606061,40.0,0.12121212121212122,9734.759620034205,12934.212121212122
36-45,M,0,A,3,3,0.13636363636363635,P00001383,0.022727272727272728,28.0,0.09090909090909091,6111.029755475294,6506.454545454545
36-45,M,1,A,3,20,0.13333333333333333,P00059569,0.044444444444444446,21.0,0.1111111111111111,9336.930909733202,11075.222222222223
26-35,M,0,B,1,15,0.3333333333333333,P00003088,0.06666666666666667,20.0,0.3333333333333333,9900.066420171608,5164.866666666667
46-50,M,1,B,5+,12,0.125,P00001039,0.020833333333333332,42.0,0.14583333333333334,7642.161875142827,7646.041666666667
51-55,F,1,B,5+,12,0.1875,P00000925,0.020833333333333332,36.0,0.10416666666666667,7081.147509352008,6690.3125
36-45,M,1,A,4,3,0.2222222222222222,P00021446,0.044444444444444446,14.0,0.08888888888888889,8685.671593335355,10288.8
46-50,M,1,B,4,3,0.18181818181818182,P00004631,0.045454545454545456,36.0,0.09090909090909091,4293.986078935142,5723.863636363636
18-25,M,0,A,2,4,0.125,P00007923,0.0625,20.0,0.1875,11188.73342772392,9477.625
26-35,M,0,A,1,3,0.23809523809523808,P00004622,0.023809523809523808,36.0,0.11904761904761904,8653.725617585753,12379.357142857143
46-50,F,1,C,2,16,0.23529411764705882,P00003936,0.058823529411764705,6.0,0.11764705882352941,2855.52834556986,2390.5882352941176
51-55,F,1,C,2,4,0.14285714285714285,P00001457,0.07142857142857142,42.0,0.14285714285714285,4649.691047280973,3235.285714285714
51-55,F,1,B,4,11,0.11627906976744186,P00041118,0.046511627906976744,35.0,0.09302325581395349,7445.7238424619245,8923.558139534884
36-45,M,0,A,4,3,0.11904761904761904,P00091100,0.047619047619047616,21.0,0.09523809523809523,7111.372813629242,7725.214285714285
36-45,M,1,A,1,3,0.18,P00055045,0.04,7.0,0.1,9997.755227253847,14539.26
51-55,F,1,C,2,4,0.17647058823529413,P00003852,0.058823529411764705,6.0,0.11764705882352941,6299.291101572695,3819.5882352941176
55+,F,1,C,1,12,0.15384615384615385,P00006469,0.07692307692307693,20.0,0.23076923076923078,8383.74936165045,11931.76923076923
55+,F,1,C,4,3,0.16666666666666666,P00003003,0.027777777777777776,40.0,0.1111111111111111,9758.838027492075,13379.694444444445
55+,F,1,C,3,4,0.23529411764705882,P00001457,0.058823529411764705,20.0,0.17647058823529413,7310.423897341626,3650.0588235294117
18-25,M,0,A,2,10,0.26666666666666666,P00000573,0.06666666666666667,4.0,0.13333333333333333,5498.369985299106,3632.9333333333334
55+,F,1,C,2,5,0.14285714285714285,P00012783,0.07142857142857142,18.0,0.14285714285714285,3870.6310897535864,2874.5714285714284
55+,F,1,C,3,12,0.17073170731707318,P00000105,0.024390243902439025,7.0,0.07317073170731707,9524.108390187963,11739.853658536585
55+,F,1,C,2,17,0.25,P00067340,0.1,12.0,0.1,7921.823516815996,3557.4
55+,F,1,C,4,3,0.125,P00097587,0.05,14.0,0.075,5923.818810693241,5533.925
36-45,M,1,A,5+,3,0.2765957446808511,P00000573,0.02127659574468085,44.0,0.0851063829787234,10343.953726350335,11541.212765957447
51-55,F,1,C,2,13,0.14285714285714285,P00007255,0.05714285714285714,14.0,0.08571428571428572,10317.130038936997,13722.228571428572
36-45,M,0,A,4,12,0.14285714285714285,P00034406,0.047619047619047616,40.0,0.09523809523809523,8297.356568963414,7730.666666666667
51-55,F,1,B,2,3,0.18181818181818182,P00004270,0.022727272727272728,7.0,0.09090909090909091,7338.258863193277,6881.795454545455
46-50,M,1,A,4,3,0.16666666666666666,P00003658,0.03333333333333333,42.0,0.16666666666666666,8416.696668547871,9669.5
51-55,F,1,B,5+,11,0.15217391304347827,P00039508,0.043478260869565216,36.0,0.08695652173913043,5214.083669269695,6005.608695652174
46-50,M,1,A,3,3,0.11363636363636363,P00001576,0.022727272727272728,10.0,0.09090909090909091,7246.7482615136105,7738.772727272727
36-45,M,1,A,4,3,0.26666666666666666,P00025226,0.06666666666666667,10.0,0.1,9762.092686897939,11700.4
26-35,M,0,A,2,3,0.14583333333333334,P00072677,0.041666666666666664,35.0,0.0625,9922.010278035736,13145.5
26-35,M,0,A,1,19,0.2727272727272727,P00080853,0.06060606060606061,39.0,0.09090909090909091,10837.198027144537,13057.727272727272
46-50,M,1,A,4,12,0.15217391304347827,P00009923,0.021739130434782608,28.0,0.10869565217391304,6560.114599454115,8096.326086956522
0-17,M,0,A,1,16,0.3076923076923077,P00002352,0.07692307692307693,21.0,0.23076923076923078,7838.081420792614,5354.2307692307695
36-45,M,0,A,4,3,0.14,P00003982,0.02,27.0,0.1,5996.324052045791,6209.84
26-35,M,0,A,4,12,0.2682926829268293,P00058632,0.04878048780487805,40.0,0.12195121951219512,5538.431080012532,6912.8536585365855
36-45,M,1,A,3,12,0.12903225806451613,P00045294,0.06451612903225806,20.0,0.0967741935483871,8908.879188281646,11227.516129032258
36-45,M,1,B,3,11,0.3,P00052821,0.1,10.0,0.3,4898.673353288849,6829.2
46-50,F,1,B,2,3,0.15555555555555556,P00059484,0.044444444444444446,42.0,0.1111111111111111,10070.880068120396,13068.711111111112
26-35,M,0,A,5+,1,0.14285714285714285,P00001409,0.07142857142857142,36.0,0.14285714285714285,4992.872438467979,6621.571428571428
46-50,F,1,C,1,10,0.26666666666666666,P00005818,0.06666666666666667,16.0,0.13333333333333333,8009.250917354435,5616.6
36-45,M,1,A,1,3,0.2631578947368421,P00000101,0.02631578947368421,44.0,0.10526315789473684,9452.70466044411,10987.184210526315
18-25,M,0,A,2,16,0.15,P00003088,0.05,42.0,0.15,9941.137225001765,8096.2
55+,F,1,C,1,19,0.14285714285714285,P00006603,0.02857142857142857,30.0,0.08571428571428572,9699.199867978368,11474.457142857143
51-55,F,1,C,1,4,0.17647058823529413,P00001976,0.058823529411764705,36.0,0.11764705882352941,7940.221298219962,4678.529411764706
18-25,M,0,A,1,4,0.15,P00000947,0.05,4.0,0.1,7016.400526248259,3666.85
46-50,F,1,B,4,3,0.1388888888888889,P00095896,0.05555555555555555,42.0,0.1111111111111111,9762.162674252637,12281.083333333334
36-45,F,1,B,1,16,0.1875,P00016386,0.0625,12.0,0.125,6129.665673319113,3368.25
46-50,F,1,B,3,3,0.13513513513513514,P00050985,0.05405405405405406,40.0,0.10810810810810811,9402.361676280678,12099.72972972973
51-55,F,1,B,5+,3,0.13953488372093023,P00002733,0.023255813953488372,10.0,0.09302325581395349,8151.795080016306,8509.209302325582
26-35,M,0,A,3,3,0.14285714285714285,P00033166,0.047619047619047616,10.0,0.09523809523809523,6014.749537257138,6787.166666666667
36-45,M,0,A,5+,12,0.25,P00004754,0.020833333333333332,30.0,0.14583333333333334,6423.001834607856,7219.833333333333
46-50,F,1,B,2,3,0.15,P00001455,0.05,40.0,0.15,7270.580608104649,6342.2
26-35,M,0,A,1,10,0.25,P00013130,0.0625,6.0,0.125,2585.749920235907,1587.125
51-55,F,1,B,4,3,0.14,P00000337,0.02,20.0,0.1,6752.308787582003,6636.58
26-35,M,0,A,4,8,0.25,P00000221,0.08333333333333333,21.0,0.16666666666666666,3991.7405892440183,4244.75
36-45,M,1,A,5+,3,0.22727272727272727,P00008270,0.045454545454545456,14.0,0.09090909090909091,9082.227593302972,14001.613636363636
46-50,F,1,B,2,3,0.20833333333333334,P00078255,0.041666666666666664,28.0,0.08333333333333333,9395.49593078838,11112.458333333334
55+,F,1,C,3,10,0.25,P00005451,0.0625,20.0,0.1875,2485.1204900366497,1763.875
0-17,M,0,A,2,15,0.2,P00003426,0.06666666666666667,4.0,0.13333333333333333,3569.718892493998,2705.4
51-55,F,1,C,4,4,0.15,P00000221,0.05,18.0,0.15,10310.607570412747,5846.05
26-35,M,0,A,5+,20,0.13333333333333333,P00004649,0.03333333333333333,9.0,0.06666666666666667,9820.243254706535,11474.733333333334
51-55,F,1,B,4,3,0.16,P00028267,0.04,18.0,0.12,8536.421818589915,9218.62
46-50,M,1,B,4,10,0.125,P00074518,0.041666666666666664,36.0,0.08333333333333333,7313.567241601671,7150.895833333333
26-35,M,0,A,2,13,0.18421052631578946,P00001853,0.02631578947368421,13.0,0.10526315789473684,9739.260602124908,13432.71052631579
36-45,M,1,A,3,7,0.10416666666666667,P00003492,0.020833333333333332,21.0,0.10416666666666667,7180.009527758696,6854.895833333333
36-45,M,0,A,4,3,0.14,P00041654,0.04,21.0,0.1,6194.27526830959,6795.68
46-50,M,1,A,5+,6,0.11627906976744186,P00092599,0.046511627906976744,10.0,0.06976744186046512,5653.215810198453,5724.162790697675
36-45,M,1,A,5+,13,0.13333333333333333,P00006347,0.03333333333333333,30.0,0.1,9181.641182585341,10308.433333333332
51-55,F,1,B,4,3,0.08888888888888889,P00084273,0.044444444444444446,7.0,0.1111111111111111,8305.356662900143,8472.555555555555
55+,F,1,C,1,5,0.3,P00022688,0.1,32.0,0.2,3985.7958650409805,3111.7
26-35,M,0,B,2,4,0.2,P00003658,0.1,36.0,0.3,3244.524145900803,1900.6
46-50,M,1,A,3,10,0.13953488372093023,P00045838,0.046511627906976744,9.0,0.09302325581395349,4936.332624491939,6816.511627906977
36-45,M,1,A,3,3,0.2,P00024866,0.044444444444444446,9.0,0.08888888888888889,9142.122822960815,11520.711111111112
55+,F,1,C,3,3,0.14583333333333334,P00000148,0.020833333333333332,36.0,0.08333333333333333,10388.134374015692,12810.8125
36-45,M,1,A,1,3,0.25,P00022408,0.041666666666666664,10.0,0.0625,8906.284367359349,10613.708333333334
36-45,M,1,A,5+,3,0.17777777777777778,P00000947,0.022222222222222223,30.0,0.06666666666666667,8925.399588712085,13064.333333333334
46-50,M,1,A,5+,12,0.13636363636363635,P00000925,0.045454545454545456,7.0,0.06818181818181818,6864.85586864368,7281.636363636364
36-45,M,0,A,4,19,0.16666666666666666,P00020406,0.05555555555555555,7.0,0.1388888888888889,8402.77081681989,11667.833333333334
26-35,M,0,A,3,4,0.1,P00000610,0.03333333333333333,35.0,0.16666666666666666,9138.22133803885,10060.533333333333
51-55,F,1,C,2,16,0.2222222222222222,P00001229,0.05555555555555555,7.0,0.1111111111111111,5237.953430853586,3399.4444444444443
46-50,F,1,B,2,10,0.18181818181818182,P00000573,0.09090909090909091,24.0,0.18181818181818182,8501.022061547015,5521.909090909091
46-50,F,1,B,1,3,0.22,P00008604,0.04,44.0,0.12,10036.308285928848,11977.3
46-50,F,1,B,5+,3,0.12244897959183673,P00003382,0.04081632653061224,40.0,0.10204081632653061,7480.591615418307,10665.857142857143
36-45,M,1,A,4,3,0.12195121951219512,P00001708,0.024390243902439025,27.0,0.0975609756097561,9457.810343579635,10036.170731707318
46-50,M,1,B,5+,3,0.12195121951219512,P00001409,0.024390243902439025,20.0,0.07317073170731707,5430.838226749343,5582.170731707317
46-50,F,1,B,3,18,0.15555555555555556,P00052424,0.044444444444444446,35.0,0.08888888888888889,10009.37955836596,11656.644444444444
36-45,M,0,A,5+,16,0.16279069767441862,P00000070,0.023255813953488372,40.0,0.11627906976744186,4642.682262231594,4623.46511627907
26-35,M,0,A,3,18,0.17391304347826086,P00002627,0.021739130434782608,42.0,0.10869565217391304,9594.533082692416,11396.760869565218
26-35,M,0,B,1,10,0.15,P00001398,0.05,40.0,0.1,8386.291429909195,4277.5
55+,F,1,C,4,3,0.1,P00003453,0.02,20.0,0.12,6680.039519741341,7277.12
46-50,F,1,B,2,1,0.1875,P00013678,0.0625,42.0,0.125,4102.237923784203,5223.125
55+,F,1,C,4,11,0.12,P00018406,0.04,21.0,0.1,5978.128385051903,6192.46
46-50,F,1,B,4,1,0.15,P00000101,0.05,21.0,0.2,9058.265104021677,10247.8
36-45,M,1,A,4,3,0.38235294117647056,P00014993,0.058823529411764705,21.0,0.11764705882352941,9785.261523024055,12732.323529411764
46-50,F,1,B,5+,17,0.13636363636363635,P00068100,0.045454545454545456,36.0,0.09090909090909091,9206.714685156094,9684.09090909091
26-35,M,0,A,4,11,0.15384615384615385,P00014700,0.07692307692307693,27.0,0.15384615384615385,6687.494051758677,7802.2307692307695
51-55,F,1,B,5+,8,0.14,P00048569,0.04,40.0,0.14,7016.321410999428,7831.98
26-35,M,0,A,2,17,0.29411764705882354,P00008655,0.058823529411764705,6.0,0.11764705882352941,6337.494704719913,2176.5882352941176
51-55,F,1,B,1,10,0.14,P00041701,0.04,9.0,0.12,7051.021431317448,7000.86
26-35,M,0,A,1,3,0.12903225806451613,P00004622,0.03225806451612903,40.0,0.12903225806451613,10344.546479402377,14284.741935483871
26-35,M,0,A,5+,14,0.18181818181818182,P00004977,0.09090909090909091,40.0,0.18181818181818182,8932.185343922383,9503.272727272728
36-45,M,0,A,4,11,0.125,P00006603,0.041666666666666664,36.0,0.10416666666666667,6903.205320359194,7109.916666666667
51-55,F,1,C,5+,3,0.1875,P00000101,0.020833333333333332,21.0,0.08333333333333333,10144.726195057954,10167.208333333334
26-35,M,0,A,1,3,0.16666666666666666,P00001853,0.03333333333333333,42.0,0.13333333333333333,8576.312854092042,10984.366666666667
51-55,F,1,C,3,9,0.14285714285714285,P00000247,0.07142857142857142,12.0,0.14285714285714285,6557.87651447638,7872.928571428572
51-55,F,1,C,3,20,0.16216216216216217,P00080607,0.05405405405405406,7.0,0.16216216216216217,9061.192736323668,10780.972972972973
36-45,M,0,A,1,3,0.14634146341463414,P00087183,0.04878048780487805,42.0,0.12195121951219512,9113.831588279005,10322.926829268292
18-25,M,0,A,1,5,0.2,P00000743,0.05,40.0,0.15,3510.9827875127107,2113.65
46-50,F,1,B,3,9,0.23076923076923078,P00018886,0.07692307692307693,27.0,0.23076923076923078,4805.9146958828305,10057.692307692309
36-45,M,0,A,3,6,0.25,P00012374,0.08333333333333333,9.0,0.25,4044.254371851803,7527.166666666667
46-50,M,1,B,4,3,0.11904761904761904,P00003745,0.023809523809523808,10.0,0.09523809523809523,8003.196320276212,8372.690476190477
55+,F,1,C,5+,8,0.16326530612244897,P00001853,0.02040816326530612,36.0,0.10204081632653061,6079.297872698787,6683.857142857143
55+,F,1,C,4,3,0.14285714285714285,P00043600,0.05714285714285714,20.0,0.11428571428571428,9773.021146387186,13525.714285714286
18-25,M,0,A,2,17,0.5,P00007816,0.1,20.0,0.2,4703.923747492323,2715.2
26-35,M,0,B,1,10,0.2,P00012325,0.05,42.0,0.15,9028.908236151374,5807.6
36-45,M,1,A,4,20,0.18421052631578946,P00004649,0.02631578947368421,20.0,0.13157894736842105,9564.98996068891,11154.605263157895
46-50,F,1,B,4,3,0.13333333333333333,P00002084,0.03333333333333333,10.0,0.06666666666666667,10057.307368219916,12090.133333333333
46-50,M,1,B,5+,3,0.0851063829787234,P00008564,0.0425531914893617,21.0,0.1276595744680851,9103.59684108201,9873.106382978724
36-45,M,0,B,4,16,0.26666666666666666,P00007348,0.06666666666666667,4.0,0.13333333333333333,3005.444839905448,1874.4
0-17,M,0,A,2,4,0.15,P00005989,0.05,6.0,0.1,7867.4436763157055,5390.0
26-35,M,0,A,4,12,0.25,P00005819,0.0625,7.0,0.1875,6006.1818567067485,7045.3125
26-35,M,0,A,3,11,0.23076923076923078,P00010292,0.07692307692307693,9.0,0.15384615384615385,3726.507834558468,7347.846153846154
46-50,F,1,B,3,18,0.18421052631578946,P00009028,0.05263157894736842,12.0,0.07894736842105263,9773.689378981391,11957.368421052632
51-55,F,1,C,5+,11,0.23809523809523808,P00000925,0.023809523809523808,30.0,0.09523809523809523,7759.69278041712,7794.380952380952
55+,F,1,C,1,4,0.42105263157894735,P00001802,0.05263157894736842,6.0,0.10526315789473684,2410.8506397156884,1538.157894736842
36-45,M,0,A,4,11,0.10638297872340426,P00028267,0.0425531914893617,28.0,0.10638297872340426,7846.677583296463,7187.234042553191
51-55,F,1,C,5+,5,0.1875,P00012789,0.0625,40.0,0.125,7644.1186182580905,4297.625
46-50,M,1,B,5+,3,0.12,P00000573,0.02,7.0,0.1,8445.858944851407,8486.1
18-25,M,0,A,3,15,0.21052631578947367,P00000718,0.05263157894736842,8.0,0.10526315789473684,3767.549648873276,1980.3684210526317
51-55,F,1,C,4,10,0.2631578947368421,P00003018,0.05263157894736842,30.0,0.15789473684210525,6374.466231065479,3380.7894736842104
51-55,F,1,C,1,3,0.16279069767441862,P00033616,0.046511627906976744,40.0,0.09302325581395349,9635.448697227297,10434.697674418605
55+,F,1,C,5+,3,0.15217391304347827,P00027739,0.043478260869565216,14.0,0.10869565217391304,8711.323040361125,12003.326086956522
0-17,M,0,A,1,10,0.29411764705882354,P00002346,0.058823529411764705,4.0,0.17647058823529413,6155.001799708247,2788.176470588235
18-25,M,0,A,2,17,0.2,P00000772,0.05,36.0,0.15,6165.1880858746335,3554.35
46-50,F,1,C,2,4,0.2,P00003852,0.1,4.0,0.1,3619.0264820498037,1680.7
46-50,F,1,B,3,3,0.11764705882352941,P00000101,0.029411764705882353,42.0,0.08823529411764706,9249.564021714772,10603.117647058823
36-45,F,1,B,4,3,0.25,P00012904,0.0625,10.0,0.125,4645.846147814913,7129.1875
26-35,M,0,A,5+,3,0.1794871794871795,P00086361,0.05128205128205128,21.0,0.10256410256410256,9810.036797739825,12182.97435897436
51-55,F,1,C,5+,3,0.16279069767441862,P00009929,0.046511627906976744,21.0,0.09302325581395349,9759.820627334338,12154.581395348838
46-50,M,1,B,5+,12,0.19148936170212766,P00033979,0.0425531914893617,5.0,0.06382978723404255,6940.61844750578,7266.851063829788
51-55,F,1,C,2,1,0.14285714285714285,P00000809,0.07142857142857142,36.0,0.21428571428571427,6318.5657208919465,7767.0
26-35,M,0,A,4,3,0.21951219512195122,P00022507,0.04878048780487805,18.0,0.0975609756097561,8624.038472808885,11089.341463414634
55+,F,1,C,4,11,0.12,P00004150,0.02,10.0,0.06,7647.573104600182,8460.76
26-35,M,0,A,3,3,0.11428571428571428,P00062696,0.05714285714285714,35.0,0.11428571428571428,9583.075913366467,12175.742857142857
51-55,F,1,B,5+,3,0.1276595744680851,P00000809,0.02127659574468085,30.0,0.14893617021276595,5671.154571179731,6061.702127659574
36-45,M,1,A,2,3,0.1702127659574468,P00000101,0.02127659574468085,7.0,0.06382978723404255,6748.206150166383,6669.191489361702
55+,F,1,C,3,3,0.18181818181818182,P00081708,0.06060606060606061,5.0,0.06060606060606061,10133.872270419724,11308.454545454546
46-50,M,1,A,5+,3,0.1388888888888889,P00023520,0.05555555555555555,13.0,0.08333333333333333,10737.617309927024,12157.361111111111
0-17,M,0,A,2,10,0.2222222222222222,P00007524,0.05555555555555555,24.0,0.16666666666666666,10385.18667200635,8659.722222222223
51-55,F,1,C,4,17,0.25,P00002264,0.0625,8.0,0.125,4290.775079555363,3238.625
51-55,F,1,C,1,10,0.16666666666666666,P00013941,0.05555555555555555,40.0,0.16666666666666666,8210.130209415413,6790.944444444444
26-35,M,0,A,2,3,0.22916666666666666,P00042138,0.041666666666666664,30.0,0.10416666666666667,7070.995842791635,9005.4375
51-55,F,1,B,4,20,0.20512820512820512,P00000404,0.05128205128205128,39.0,0.10256410256410256,9689.366108210968,12288.0
55+,F,1,C,4,3,0.16,P00001069,0.02,36.0,0.08,6680.323296252135,7120.38
55+,F,1,C,4,3,0.1,P00069827,0.04,21.0,0.1,6977.220117420604,7051.62
55+,F,1,C,3,11,0.16,P00004405,0.04,40.0,0.12,4360.5607432428,5985.38
26-35,M,0,B,2,5,0.25,P00019880,0.08333333333333333,13.0,0.08333333333333333,9514.267084306344,6642.166666666667
46-50,M,1,A,3,3,0.12195121951219512,P00000205,0.024390243902439025,18.0,0.14634146341463414,4607.85718663665,5237.4390243902435
0-17,M,0,A,2,15,0.16666666666666666,P00001576,0.05555555555555555,6.0,0.1111111111111111,7346.908154993398,4132.444444444444
46-50,F,1,B,1,19,0.1388888888888889,P00000070,0.027777777777777776,7.0,0.08333333333333333,9557.124931751761,11266.805555555555
26-35,M,0,A,2,3,0.25,P00000925,0.08333333333333333,44.0,0.16666666666666666,5253.133462443385,3944.0833333333335
0-17,M,0,A,3,4,0.1875,P00044540,0.125,40.0,0.125,6907.8929249446255,5324.4375
46-50,M,1,B,4,3,0.12,P00082148,0.04,21.0,0.1,8138.5319050169965,8535.68
36-45,M,1,A,3,3,0.15217391304347827,P00064867,0.043478260869565216,21.0,0.10869565217391304,9916.224392914271,13683.478260869566
55+,F,1,C,3,10,0.2,P00000718,0.05,6.0,0.1,6785.64566915842,3077.1
36-45,M,0,B,1,10,0.25,P00012687,0.0625,18.0,0.125,7975.565400020239,4100.875
26-35,M,0,A,3,13,0.15384615384615385,P00019169,0.05128205128205128,9.0,0.10256410256410256,9636.739133275687,10984.333333333334
46-50,M,1,B,4,3,0.16279069767441862,P00002152,0.023255813953488372,36.0,0.11627906976744186,4318.160205755365,5796.093023255814
51-55,F,1,B,5+,3,0.24390243902439024,P00000953,0.024390243902439025,20.0,0.07317073170731707,9323.227113295994,9433.512195121952
46-50,F,1,B,2,12,0.19148936170212766,P00082828,0.0425531914893617,27.0,0.0851063829787234,9392.846359029265,12484.595744680852
46-50,F,1,B,3,3,0.16,P00041389,0.04,20.0,0.14,8273.35424268162,10953.94
55+,F,1,C,3,3,0.23255813953488372,P00037512,0.046511627906976744,12.0,0.09302325581395349,8809.979488199888,10511.418604651162
36-45,M,1,A,2,13,0.1951219512195122,P00088465,0.04878048780487805,10.0,0.0975609756097561,10389.969294362947,15294.634146341463
46-50,F,1,B,1,3,0.18181818181818182,P00005261,0.06060606060606061,7.0,0.12121212121212122,9050.417312390025,8997.181818181818
55+,F,1,C,3,3,0.1891891891891892,P00080853,0.05405405405405406,28.0,0.08108108108108109,8580.147455280377,11294.081081081082
46-50,F,1,B,1,3,0.23529411764705882,P00001409,0.058823529411764705,14.0,0.11764705882352941,7583.765077938065,6739.588235294118
26-35,M,0,A,1,19,0.18,P00082961,0.04,30.0,0.06,11085.205943499466,13030.08
18-25,M,0,A,5+,10,0.25,P00002743,0.05,42.0,0.15,7568.734924536248,4766.4
51-55,F,1,B,4,11,0.15217391304347827,P00002675,0.021739130434782608,42.0,0.13043478260869565,7582.044503473783,7470.239130434783
18-25,M,0,A,1,10,0.16666666666666666,P00031161,0.1111111111111111,44.0,0.2222222222222222,4235.7492504181955,2892.222222222222
51-55,F,1,B,2,13,0.15151515151515152,P00000404,0.030303030303030304,20.0,0.09090909090909091,9201.438220195567,12274.151515151516
51-55,F,1,C,5+,17,0.125,P00000610,0.025,9.0,0.075,6409.118620952174,6165.7
36-45,F,1,B,4,1,0.3076923076923077,P00089510,0.15384615384615385,9.0,0.23076923076923078,5418.218255487922,6479.307692307692
26-35,M,0,A,4,1,0.16666666666666666,P00004911,0.08333333333333333,9.0,0.16666666666666666,4413.376041460022,7247.916666666667
51-55,F,1,B,5+,18,0.16,P00004649,0.04,42.0,0.12,9579.289942349164,13654.58
55+,F,1,C,3,3,0.13043478260869565,P00001575,0.021739130434782608,20.0,0.08695652173913043,10191.76147909967,11756.326086956522
36-45,M,0,B,1,16,0.25,P00005460,0.0625,16.0,0.125,3140.188003262437,1933.1875
18-25,M,0,A,1,17,0.21428571428571427,P00006470,0.07142857142857142,40.0,0.21428571428571427,7774.438667415583,4451.857142857143
18-25,M,0,A,1,5,0.2,P00003451,0.05,42.0,0.2,9079.639973589261,6395.55
46-50,M,1,B,4,6,0.18604651162790697,P00000718,0.023255813953488372,21.0,0.13953488372093023,5666.363304791055,6622.604651162791
51-55,F,1,B,5+,9,0.23809523809523808,P00022092,0.047619047619047616,18.0,0.16666666666666666,7641.620298300055,7740.261904761905
26-35,M,0,B,1,3,0.11764705882352941,P00006470,0.058823529411764705,6.0,0.058823529411764705,8690.489758503087,6023.64705882353
51-55,F,1,B,5+,3,0.23333333333333334,P00000404,0.03333333333333333,36.0,0.16666666666666666,10044.875886819567,15004.066666666668
36-45,M,1,A,5+,3,0.21621621621621623,P00005261,0.02702702702702703,7.0,0.16216216216216217,10558.817009762297,13195.513513513513
26-35,M,0,A,4,3,0.21951219512195122,P00000772,0.024390243902439025,28.0,0.0975609756097561,7837.510632194135,7739.878048780488
46-50,F,1,C,2,4,0.1875,P00006469,0.0625,32.0,0.125,6697.807052809649,5264.875
36-45,M,0,A,1,3,0.3235294117647059,P00071018,0.058823529411764705,13.0,0.11764705882352941,9472.536282296815,15291.676470588236
55+,F,1,C,5+,17,0.16279069767441862,P00000105,0.023255813953488372,40.0,0.11627906976744186,6896.391522135185,7007.209302325581
36-45,M,0,A,4,11,0.125,P00000953,0.025,30.0,0.125,6848.450663452543,8414.85
0-17,M,0,A,1,5,0.25,P00000781,0.0625,4.0,0.125,3311.616754572706,2988.9375
51-55,F,1,B,3,8,0.14,P00029768,0.04,36.0,0.1,6044.156880012636,7655.24
55+,F,1,C,2,14,0.2,P00031451,0.1,6.0,0.1,4633.268292109434,4937.2
36-45,M,1,A,2,12,0.2,P00012023,0.03333333333333333,40.0,0.1,8562.101582709916,10512.066666666668
36-45,M,1,A,4,3,0.2608695652173913,P00000947,0.021739130434782608,40.0,0.10869565217391304,6871.917658929791,6083.0
36-45,M,0,A,4,3,0.0975609756097561,P00000925,0.024390243902439025,12.0,0.07317073170731707,8084.05564118383,8224.121951219513
36-45,M,1,A,4,11,0.15555555555555556,P00004424,0.022222222222222223,9.0,0.08888888888888889,5643.129287420718,6594.733333333334
46-50,F,1,B,1,20,0.14285714285714285,P00000549,0.023809523809523808,35.0,0.09523809523809523,9122.676708357216,12030.666666666666
36-45,M,0,A,5+,13,0.14634146341463414,P00028092,0.04878048780487805,35.0,0.0975609756097561,9587.993416819581,11441.80487804878
36-45,M,1,A,4,3,0.1111111111111111,P00000781,0.022222222222222223,20.0,0.13333333333333333,5865.982429364765,5726.044444444445
55+,F,1,C,4,12,0.2391304347826087,P00050923,0.043478260869565216,40.0,0.08695652173913043,5540.779418523562,7072.45652173913
26-35,M,0,A,4,12,0.12,P00003448,0.02,40.0,0.1,6386.493846439708,6208.32
36-45,M,0,A,4,3,0.14,P00000953,0.02,20.0,0.12,7766.80972816184,8198.56
51-55,F,1,C,2,4,0.16666666666666666,P00005261,0.05555555555555555,20.0,0.1111111111111111,8136.874395497609,4866.111111111111
46-50,F,1,B,3,19,0.16666666666666666,P00007687,0.05555555555555555,20.0,0.16666666666666666,7848.695494831497,6223.5
26-35,M,0,B,2,17,0.2222222222222222,P00003982,0.05555555555555555,40.0,0.2777777777777778,7863.663352424329,6222.555555555556
51-55,F,1,B,5+,20,0.1702127659574468,P00001575,0.0425531914893617,7.0,0.14893617021276595,10194.656403525276,12779.340425531915
36-45,F,1,B,5+,17,0.2777777777777778,P00003936,0.05555555555555555,21.0,0.1111111111111111,5540.392163038771,4633.444444444444
26-35,M,0,A,2,3,0.17647058823529413,P00001790,0.058823529411764705,9.0,0.11764705882352941,4615.172314512975,8396.64705882353
36-45,F,1,B,1,15,0.15789473684210525,P00006172,0.05263157894736842,45.0,0.15789473684210525,7012.91369358587,4932.8421052631575
55+,F,1,C,2,3,0.16666666666666666,P00003018,0.023809523809523808,42.0,0.09523809523809523,5275.093468465302,5690.857142857143
18-25,M,0,A,1,16,0.25,P00005588,0.05,21.0,0.15,3033.4732741962894,2220.0
26-35,M,0,A,4,12,0.2777777777777778,P00078491,0.1111111111111111,7.0,0.1111111111111111,5124.6866625081475,9821.277777777777
46-50,M,1,A,4,2,0.12244897959183673,P00000215,0.02040816326530612,20.0,0.10204081632653061,6197.343791543134,5887.367346938776
26-35,M,0,A,1,10,0.16666666666666666,P00026772,0.05555555555555555,20.0,0.1111111111111111,7842.315148531643,5112.777777777777
46-50,F,1,B,4,13,0.20930232558139536,P00001409,0.023255813953488372,24.0,0.11627906976744186,9791.56134390706,12736.139534883721
46-50,M,1,A,5+,3,0.15217391304347827,P00001156,0.021739130434782608,10.0,0.06521739130434782,8008.411730090265,9702.695652173914
26-35,M,0,A,4,3,0.1794871794871795,P00038881,0.05128205128205128,9.0,0.07692307692307693,8568.335915075706,10224.25641025641
46-50,F,1,B,1,3,0.1836734693877551,P00043600,0.04081632653061224,10.0,0.12244897959183673,10267.393208111102,14011.040816326531
55+,F,1,C,4,11,0.17777777777777778,P00004819,0.022222222222222223,18.0,0.06666666666666667,6187.664762993541,6607.0888888888885
36-45,M,1,A,4,1,0.12,P00037640,0.04,20.0,0.1,10121.520772561194,11366.84
55+,F,1,C,1,3,0.12244897959183673,P00044517,0.04081632653061224,14.0,0.08163265306122448,6855.115631700139,7564.734693877551
51-55,F,1,C,5+,7,0.13043478260869565,P00004130,0.043478260869565216,28.0,0.08695652173913043,6726.481813183752,7112.195652173913
36-45,M,0,A,2,3,0.14893617021276595,P00003072,0.02127659574468085,30.0,0.06382978723404255,5948.496509566878,6507.595744680851
0-17,M,0,A,2,5,0.23529411764705882,P00003235,0.058823529411764705,44.0,0.11764705882352941,3561.4621336484493,2013.8235294117646
51-55,F,1,C,1,5,0.125,P00001708,0.0625,28.0,0.125,9360.150360036958,7433.3125
51-55,F,1,C,1,4,0.4,P00010305,0.1,42.0,0.2,7360.557032060972,4214.6
55+,F,1,C,1,3,0.16279069767441862,P00000247,0.023255813953488372,40.0,0.11627906976744186,8950.280458742285,10703.255813953489
26-35,M,0,A,5+,9,0.13043478260869565,P00003525,0.021739130434782608,36.0,0.10869565217391304,5307.523936108734,6621.608695652174
26-35,M,0,A,1,3,0.15789473684210525,P00003161,0.02631578947368421,42.0,0.10526315789473684,10060.22505626927,14247.921052631578
46-50,M,1,A,4,13,0.16129032258064516,P00006613,0.03225806451612903,7.0,0.0967741935483871,10366.6651483939,11893.032258064517
51-55,F,1,B,2,3,0.22,P00000101,0.02,20.0,0.08,8514.668184218744,12162.28
55+,F,1,C,5+,3,0.19148936170212766,P00002815,0.02127659574468085,10.0,0.06382978723404255,6520.840326402893,6622.787234042553
51-55,F,1,B,4,3,0.11627906976744186,P00040834,0.046511627906976744,40.0,0.09302325581395349,8251.283183137504,7563.302325581395
26-35,M,0,B,2,4,0.18181818181818182,P00004622,0.09090909090909091,26.0,0.18181818181818182,9538.236330208489,7133.090909090909
55+,F,1,C,3,3,0.15384615384615385,P00000610,0.02564102564102564,40.0,0.10256410256410256,8204.828794716394,8647.76923076923
26-35,M,0,A,1,10,0.18181818181818182,P00004424,0.09090909090909091,16.0,0.18181818181818182,7867.847092612264,5555.545454545455
55+,F,1,C,4,19,0.16326530612244897,P00032596,0.04081632653061224,40.0,0.12244897959183673,8806.1874198855,13004.204081632653
36-45,F,1,B,2,10,0.16666666666666666,P00007851,0.05555555555555555,4.0,0.1111111111111111,8351.74404861612,5212.777777777777
26-35,M,0,A,2,3,0.2,P00008604,0.06666666666666667,10.0,0.2,8337.011847921349,9348.466666666667
51-55,F,1,C,5+,10,0.10204081632653061,P00080334,0.04081632653061224,28.0,0.10204081632653061,7866.402508626233,7632.224489795918
26-35,M,0,A,2,3,0.14705882352941177,P00046993,0.058823529411764705,7.0,0.058823529411764705,9788.470821490602,13252.35294117647
55+,F,1,C,4,8,0.16666666666666666,P00090982,0.041666666666666664,18.0,0.08333333333333333,5584.838721226418,5663.770833333333
18-25,M,0,A,4,4,0.13333333333333333,P00007435,0.06666666666666667,12.0,0.13333333333333333,8996.215279348364,6196.733333333334
55+,F,1,C,4,11,0.1702127659574468,P00001085,0.02127659574468085,30.0,0.0851063829787234,6284.742265160956,7580.553191489362
51-55,F,1,B,5+,9,0.16326530612244897,P00004150,0.04081632653061224,28.0,0.10204081632653061,6837.929633867336,7212.775510204082
36-45,M,1,A,1,20,0.14285714285714285,P00001383,0.02857142857142857,18.0,0.11428571428571428,9116.929446609412,11416.628571428571
51-55,F,1,C,5+,3,0.1590909090909091,P00085406,0.045454545454545456,7.0,0.09090909090909091,9066.767642208622,11910.318181818182
36-45,M,0,B,1,4,0.15789473684210525,P00006962,0.05263157894736842,40.0,0.21052631578947367,6641.823313656015,3155.4736842105262
36-45,M,0,A,5+,3,0.2391304347826087,P00003382,0.021739130434782608,12.0,0.06521739130434782,10081.565596537806,13289.478260869566
46-50,F,1,B,5+,3,0.20588235294117646,P00064596,0.058823529411764705,28.0,0.11764705882352941,9271.977540743012,11017.617647058823
51-55,F,1,C,2,8,0.14285714285714285,P00048891,0.047619047619047616,30.0,0.16666666666666666,5625.634193697704,6280.333333333333
51-55,F,1,B,4,10,0.18604651162790697,P00001576,0.023255813953488372,20.0,0.11627906976744186,5595.602226764979,6654.6511627906975
55+,F,1,C,5+,12,0.125,P00000105,0.020833333333333332,30.0,0.125,7054.069858916063,7042.5
55+,F,1,C,4,3,0.27906976744186046,P00016652,0.046511627906976744,27.0,0.11627906976744186,7524.926610606684,7905.930232558139
26-35,M,0,B,1,5,0.15384615384615385,P00001976,0.07692307692307693,4.0,0.15384615384615385,10216.458335601283,6756.615384615385
46-50,F,1,B,3,3,0.19047619047619047,P00004898,0.023809523809523808,40.0,0.09523809523809523,9644.87313049021,13949.833333333334
51-55,F,1,C,5+,3,0.125,P00000526,0.020833333333333332,18.0,0.08333333333333333,6724.241675949639,6292.270833333333
51-55,F,1,C,1,17,0.26666666666666666,P00001794,0.06666666666666667,36.0,0.13333333333333333,6773.957156078044,3610.866666666667
26-35,M,0,A,4,9,0.16666666666666666,P00008016,0.05555555555555555,14.0,0.16666666666666666,4762.265556646977,8039.944444444444
36-45,M,1,A,2,19,0.13636363636363635,P00000101,0.022727272727272728,30.0,0.09090909090909091,7944.645162792671,8518.068181818182
36-45,M,0,A,4,11,0.16666666666666666,P00051079,0.041666666666666664,40.0,0.08333333333333333,6429.439439293762,6884.166666666667
0-17,M,0,A,3,17,0.2,P00007153,0.06666666666666667,6.0,0.13333333333333333,9347.41141758101,6200.266666666666
51-55,F,1,C,1,5,0.18181818181818182,P00000205,0.09090909090909091,24.0,0.18181818181818182,4700.22915108692,2195.5454545454545
26-35,M,0,A,4,3,0.16326530612244897,P00010273,0.04081632653061224,42.0,0.10204081632653061,6394.635864412874,5994.489795918367
51-55,F,1,B,4,3,0.12195121951219512,P00028271,0.04878048780487805,10.0,0.0975609756097561,7409.514767776796,8378.609756097561
0-17,M,0,A,2,4,0.13333333333333333,P00022514,0.06666666666666667,4.0,0.06666666666666667,10251.418324635213,5844.333333333333
18-25,M,0,A,1,4,0.25,P00000526,0.08333333333333333,40.0,0.25,8630.593409845038,8075.666666666667
26-35,M,0,A,5+,8,0.25,P00026305,0.08333333333333333,27.0,0.16666666666666666,4881.089666594267,6957.166666666667
26-35,M,0,A,2,3,0.225,P00063137,0.05,42.0,0.1,9992.906286397263,12122.95
36-45,M,1,A,2,18,0.16666666666666666,P00000573,0.020833333333333332,18.0,0.0625,9083.596615515478,12297.875
36-45,M,1,A,1,20,0.16326530612244897,P00043444,0.04081632653061224,42.0,0.12244897959183673,9200.554195172122,12401.959183673469
51-55,F,1,C,5+,3,0.1590909090909091,P00002733,0.045454545454545456,36.0,0.11363636363636363,6678.908689506809,7851.204545454545
26-35,M,0,A,4,3,0.1956521739130435,P00056084,0.043478260869565216,18.0,0.10869565217391304,6112.336038009191,6251.260869565217
26-35,M,0,B,1,10,0.2222222222222222,P00005612,0.05555555555555555,16.0,0.2222222222222222,5631.810396299691,2874.1111111111113
18-25,M,0,A,1,10,0.23529411764705882,P00012412,0.058823529411764705,14.0,0.11764705882352941,5840.036156465431,3629.9411764705883
26-35,M,0,B,1,17,0.21428571428571427,P00001455,0.07142857142857142,24.0,0.14285714285714285,7131.333813252887,3730.4285714285716
36-45,M,1,A,3,3,0.16666666666666666,P00028767,0.05555555555555555,42.0,0.1111111111111111,9664.863899673206,12121.472222222223
26-35,M,0,A,1,3,0.2127659574468085,P00050604,0.0425531914893617,45.0,0.0851063829787234,9999.126686473019,14113.170212765957
46-50,F,1,B,5+,13,0.1590909090909091,P00004082,0.022727272727272728,7.0,0.11363636363636363,9592.67833341403,13396.204545454546
36-45,M,0,A,4,12,0.1111111111111111,P00002469,0.022222222222222223,14.0,0.06666666666666667,6812.233769573173,6958.977777777778
18-25,M,0,A,1,15,0.2,P00005873,0.05,16.0,0.15,9055.041104123626,5487.65
36-45,F,1,B,1,10,0.18181818181818182,P00007781,0.09090909090909091,7.0,0.09090909090909091,7786.724873433339,7109.363636363636
51-55,F,1,B,4,12,0.19148936170212766,P00000809,0.02127659574468085,30.0,0.0851063829787234,6409.719215521975,8333.27659574468
46-50,F,1,B,3,3,0.15789473684210525,P00004649,0.02631578947368421,14.0,0.10526315789473684,9455.422995029678,12007.657894736842
55+,F,1,C,4,18,0.15555555555555556,P00009955,0.022222222222222223,28.0,0.08888888888888889,9196.261628366918,12450.511111111111
36-45,M,0,B,2,4,0.25,P00009159,0.08333333333333333,20.0,0.16666666666666666,5255.764148806412,3411.6666666666665
0-17,M,0,A,1,10,0.1875,P00016536,0.0625,30.0,0.25,10159.244931752228,6802.625
46-50,F,1,C,3,17,0.25,P00007524,0.08333333333333333,36.0,0.16666666666666666,3405.8691977855296,2836.0833333333335
51-55,F,1,B,3,3,0.1590909090909091,P00027739,0.045454545454545456,14.0,0.11363636363636363,9133.909448067505,12901.90909090909
26-35,M,0,A,4,16,0.14583333333333334,P00028174,0.041666666666666664,21.0,0.125,6174.268718722316,6629.458333333333
0-17,M,0,A,1,10,0.21428571428571427,P00003936,0.07142857142857142,4.0,0.21428571428571427,10040.603964803213,5913.142857142857
26-35,M,0,A,2,4,0.15384615384615385,P00004403,0.07692307692307693,20.0,0.23076923076923078,10015.644158528017,5043.076923076923
51-55,F,1,C,5+,16,0.35714285714285715,P00002815,0.07142857142857142,36.0,0.21428571428571427,4259.61943883914,5157.071428571428
55+,F,1,C,3,3,0.21875,P00004819,0.03125,44.0,0.09375,8761.210286108839,12503.75
26-35,M,0,A,2,8,0.14893617021276595,P00058690,0.0425531914893617,20.0,0.0851063829787234,9156.216838150682,10073.31914893617
26-35,M,0,A,5+,13,0.13333333333333333,P00095328,0.044444444444444446,44.0,0.1111111111111111,9803.511474688212,12578.755555555555
46-50,M,1,B,5+,3,0.175,P00067491,0.05,30.0,0.075,5830.092601630761,6547.5
36-45,F,1,B,2,11,0.21052631578947367,P00010017,0.05263157894736842,12.0,0.15789473684210525,4833.20951928529,4352.578947368421
51-55,F,1,B,4,1,0.10204081632653061,P00000205,0.02040816326530612,21.0,0.08163265306122448,7098.09156641446,6495.102040816327
26-35,M,0,A,1,7,0.09523809523809523,P00055150,0.047619047619047616,27.0,0.11904761904761904,6950.680790735813,7786.642857142857
46-50,F,1,B,3,3,0.14285714285714285,P00024235,0.047619047619047616,30.0,0.07142857142857142,10203.159434650455,13236.880952380952
46-50,M,1,A,5+,3,0.2,P00022514,0.04,7.0,0.06,10260.548842562577,13420.98
55+,F,1,C,1,11,0.21052631578947367,P00000718,0.05263157894736842,9.0,0.15789473684210525,7038.273837254923,9831.052631578947
18-25,M,0,A,3,6,0.15789473684210525,P00018406,0.10526315789473684,20.0,0.10526315789473684,4693.624863852362,7343.8421052631575
51-55,F,1,C,2,17,0.21052631578947367,P00017902,0.05263157894736842,30.0,0.21052631578947367,11380.209338098633,7632.368421052632
26-35,M,0,B,5+,10,0.1875,P00012412,0.0625,36.0,0.1875,6101.483480474237,3175.4375
46-50,F,1,C,1,16,0.2,P00006603,0.06666666666666667,30.0,0.13333333333333333,6838.2079259185475,5033.733333333334
46-50,F,1,B,5+,20,0.15384615384615385,P00007687,0.05128205128205128,24.0,0.07692307692307693,10480.29481852161,12654.871794871795
46-50,F,1,B,5+,4,0.2,P00005857,0.05,36.0,0.1,8055.844802639294,3496.7
55+,F,1,C,4,20,0.1951219512195122,P00063082,0.04878048780487805,28.0,0.07317073170731707,9335.83859252128,11228.219512195123
46-50,F,1,B,3,3,0.23404255319148937,P00004752,0.02127659574468085,7.0,0.10638297872340426,10242.470096292716,13339.978723404256
26-35,M,0,A,5+,20,0.225,P00005627,0.025,30.0,0.1,10028.751979005676,13555.0
46-50,F,1,B,5+,3,0.1956521739130435,P00001110,0.021739130434782608,30.0,0.13043478260869565,9353.74753080541,11116.41304347826
55+,F,1,C,5+,8,0.14,P00002084,0.02,36.0,0.1,5143.680629507177,5301.7
51-55,F,1,C,2,11,0.26666666666666666,P00000953,0.06666666666666667,40.0,0.13333333333333333,3040.173605631914,5886.466666666666
36-45,M,0,A,1,19,0.2,P00003658,0.1,40.0,0.2,9429.711615715274,15401.6
46-50,F,1,B,1,4,0.1875,P00005627,0.0625,4.0,0.0625,8916.813724410382,5916.0625
26-35,M,0,A,4,9,0.15,P00018479,0.05,42.0,0.125,8139.857675943443,9284.3
46-50,F,1,B,2,10,0.3125,P00008604,0.0625,4.0,0.1875,9304.442603536227,4814.8125
26-35,M,0,A,2,12,0.25,P00004649,0.0625,42.0,0.1875,5242.245600249318,8802.0
55+,F,1,C,4,10,0.17647058823529413,P00004150,0.058823529411764705,36.0,0.11764705882352941,4260.341249967714,5387.235294117647
46-50,F,1,B,1,1,0.2,P00003525,0.1,42.0,0.2,4447.418578356563,4700.7
51-55,F,1,B,5+,3,0.18181818181818182,P00000247,0.022727272727272728,20.0,0.09090909090909091,7051.287590087245,6447.704545454545
0-17,M,0,A,3,5,0.2,P00002052,0.06666666666666667,18.0,0.13333333333333333,10660.036995379385,7000.8
0-17,M,0,A,2,8,0.2,P00021640,0.06666666666666667,10.0,0.13333333333333333,5398.27760714559,5501.533333333334
46-50,F,1,B,5+,17,0.18421052631578946,P00041636,0.05263157894736842,18.0,0.07894736842105263,9297.000933551837,11718.578947368422
36-45,M,0,A,1,3,0.16129032258064516,P00061669,0.06451612903225806,4.0,0.0967741935483871,9318.794646085616,11613.451612903225
36-45,M,1,A,2,3,0.22,P00005627,0.04,42.0,0.1,10162.966366114546,13731.78
36-45,M,1,A,3,3,0.16666666666666666,P00000101,0.023809523809523808,10.0,0.07142857142857142,8941.709825820528,11873.690476190477
46-50,M,1,B,5+,11,0.18181818181818182,P00023511,0.06818181818181818,10.0,0.09090909090909091,5834.92533739015,6240.568181818182
0-17,M,0,A,1,4,0.18181818181818182,P00018683,0.09090909090909091,8.0,0.18181818181818182,8069.303998374446,6344.272727272727
18-25,M,0,A,1,3,0.2,P00029964,0.1,6.0,0.1,11383.207857287955,9857.3
51-55,F,1,C,3,3,0.14634146341463414,P00038508,0.04878048780487805,12.0,0.07317073170731707,10122.297496423307,12029.512195121952
46-50,M,1,B,4,3,0.1276595744680851,P00000070,0.02127659574468085,40.0,0.10638297872340426,7974.925624365004,7219.36170212766
46-50,M,1,B,5+,3,0.13953488372093023,P00008564,0.046511627906976744,36.0,0.13953488372093023,7039.692946480755,7069.930232558139
36-45,M,1,B,4,3,0.15,P00000404,0.05,36.0,0.15,6232.342415935896,6268.1
26-35,M,0,A,4,3,0.14285714285714285,P00005627,0.047619047619047616,14.0,0.09523809523809523,11264.964575219596,14189.738095238095
55+,F,1,C,4,1,0.11627906976744186,P00007161,0.023255813953488372,42.0,0.11627906976744186,6489.940070741499,6484.209302325581
46-50,M,1,A,5+,7,0.11627906976744186,P00054306,0.046511627906976744,30.0,0.11627906976744186,6137.494104306632,6310.023255813953
55+,F,1,C,4,3,0.16666666666666666,P00008197,0.023809523809523808,36.0,0.14285714285714285,7291.026787905199,8154.5
26-35,M,0,A,3,3,0.15151515151515152,P00028347,0.06060606060606061,20.0,0.12121212121212122,9972.857401277335,12801.060606060606
26-35,M,0,B,2,5,0.25,P00005311,0.08333333333333333,4.0,0.08333333333333333,10984.375916052379,5769.916666666667
55+,F,1,C,1,5,0.3,P00013130,0.05,4.0,0.15,4367.302757875548,2312.7
36-45,M,0,B,2,15,0.21052631578947367,P00008564,0.05263157894736842,21.0,0.10526315789473684,3835.185567001072,2514.0
51-55,F,1,C,5+,3,0.2222222222222222,P00028904,0.044444444444444446,20.0,0.1111111111111111,9969.739712568411,11964.866666666667
36-45,M,1,A,2,3,0.175,P00047826,0.05,7.0,0.1,10044.8353327239,14850.9
18-25,M,0,A,2,4,0.15384615384615385,P00017389,0.07692307692307693,7.0,0.15384615384615385,9566.25030162463,5810.0
46-50,M,1,B,2,3,0.125,P00003088,0.025,40.0,0.1,6665.78773981798,5741.25
46-50,F,1,B,4,3,0.28125,P00054968,0.0625,13.0,0.09375,9605.433186934848,13123.46875
26-35,M,0,A,3,19,0.13636363636363635,P00025310,0.045454545454545456,10.0,0.11363636363636363,10179.760040571447,12472.431818181818
46-50,F,1,B,4,20,0.1388888888888889,P00019327,0.05555555555555555,28.0,0.08333333333333333,9622.125555528217,11297.277777777777
55+,F,1,C,3,3,0.22448979591836735,P00000947,0.02040816326530612,40.0,0.10204081632653061,7401.223051162641,7108.816326530612
46-50,F,1,B,2,3,0.1111111111111111,P00000781,0.05555555555555555,27.0,0.16666666666666666,6247.775173423501,3500.5
51-55,F,1,C,3,11,0.26666666666666666,P00002379,0.06666666666666667,10.0,0.13333333333333333,4057.62636220218,6169.133333333333
26-35,M,0,A,2,1,0.21428571428571427,P00007992,0.07142857142857142,28.0,0.21428571428571427,4976.678247498112,6139.071428571428
0-17,M,0,A,2,5,0.18181818181818182,P00004270,0.09090909090909091,18.0,0.18181818181818182,7741.500743630809,5213.818181818182
46-50,M,1,B,1,10,0.16666666666666666,P00088724,0.041666666666666664,27.0,0.16666666666666666,7434.674756886914,7678.0625
55+,F,1,C,3,3,0.16279069767441862,P00046599,0.046511627906976744,24.0,0.11627906976744186,8971.586849925636,14807.32558139535
46-50,F,1,B,3,1,0.125,P00008415,0.0625,20.0,0.125,7146.348586282835,8292.625
51-55,F,1,B,2,13,0.18421052631578946,P00008270,0.05263157894736842,42.0,0.10526315789473684,9182.363426986713,14584.947368421053
51-55,F,1,C,2,10,0.0975609756097561,P00000148,0.024390243902439025,20.0,0.07317073170731707,7125.037577051102,6908.024390243902
18-25,M,0,A,1,10,0.2,P00001229,0.05,6.0,0.1,6873.313276533263,3694.65
26-35,M,0,A,5+,3,0.2,P00000404,0.03333333333333333,28.0,0.1,9803.147913608767,12839.533333333333
55+,F,1,C,2,10,0.23529411764705882,P00011310,0.058823529411764705,7.0,0.11764705882352941,8331.744468138284,5456.411764705882
26-35,M,0,B,2,10,0.16666666666666666,P00000070,0.08333333333333333,24.0,0.16666666666666666,3876.9667345240478,2865.8333333333335
26-35,M,0,A,5+,12,0.17777777777777778,P00019026,0.044444444444444446,40.0,0.1111111111111111,5909.8493574094355,5828.733333333334
18-25,M,0,A,2,5,0.25,P00012025,0.0625,6.0,0.125,5537.037509655623,3269.375
51-55,F,1,B,5+,3,0.22,P00026913,0.04,42.0,0.1,8634.242049714683,10437.32
46-50,M,1,A,4,3,0.13333333333333333,P00042825,0.044444444444444446,20.0,0.2,9108.214197008429,10584.777777777777
51-55,F,1,C,5+,3,0.12,P00080456,0.04,28.0,0.12,8006.802850663163,8644.78
36-45,F,1,B,2,5,0.15789473684210525,P00000772,0.05263157894736842,28.0,0.10526315789473684,10024.690473703777,7581.736842105263
36-45,M,0,B,2,5,0.2727272727272727,P00009397,0.09090909090909091,40.0,0.18181818181818182,8350.229269579695,4601.636363636364
46-50,F,1,C,1,10,0.2,P00004082,0.06666666666666667,20.0,0.13333333333333333,9805.43517064461,9019.2
26-35,M,0,A,5+,3,0.14285714285714285,P00024562,0.047619047619047616,40.0,0.11904761904761904,10042.288825531792,11157.785714285714
55+,F,1,C,2,19,0.16279069767441862,P00061128,0.06976744186046512,14.0,0.09302325581395349,9386.90521639205,13427.511627906977
55+,F,1,C,1,10,0.23529411764705882,P00007153,0.058823529411764705,12.0,0.11764705882352941,7875.466450237949,5852.941176470588
26-35,M,0,A,1,3,0.24,P00096841,0.08,27.0,0.1,10104.126279285858,14015.36
51-55,F,1,B,1,3,0.24390243902439024,P00001383,0.024390243902439025,14.0,0.0975609756097561,9296.634597412381,12496.634146341463
36-45,M,0,A,5+,10,0.1111111111111111,P00008131,0.022222222222222223,18.0,0.06666666666666667,7798.916627819325,7716.977777777778
0-17,M,0,A,1,10,0.3333333333333333,P00006469,0.05555555555555555,4.0,0.1111111111111111,4584.801362045227,2503.3333333333335
26-35,M,0,A,3,3,0.13636363636363635,P00053573,0.045454545454545456,22.0,0.09090909090909091,9698.768076208895,11063.386363636364
26-35,M,0,A,3,3,0.15789473684210525,P00058765,0.10526315789473684,21.0,0.10526315789473684,6954.375216722976,8635.105263157895
36-45,F,1,B,1,5,0.17647058823529413,P00004898,0.058823529411764705,18.0,0.17647058823529413,7771.952842924811,4013.3529411764707
51-55,F,1,C,3,11,0.21428571428571427,P00000148,0.07142857142857142,20.0,0.21428571428571427,6149.857004055434,4348.642857142857
18-25,M,0,A,3,5,0.17647058823529413,P00019327,0.058823529411764705,28.0,0.17647058823529413,6767.7455392341335,3596.9411764705883
51-55,F,1,C,2,18,0.16326530612244897,P00028290,0.04081632653061224,42.0,0.10204081632653061,9298.649448375583,9752.755102040815
46-50,F,1,B,2,15,0.36363636363636365,P00016051,0.09090909090909091,24.0,0.18181818181818182,2046.3533108256922,1094.4545454545455
18-25,M,0,A,3,3,0.11764705882352941,P00005621,0.058823529411764705,40.0,0.23529411764705882,6244.66050859829,6031.64705882353
36-45,M,0,A,4,3,0.125,P00000105,0.020833333333333332,10.0,0.08333333333333333,5130.420740733684,6194.208333333333
18-25,M,0,A,5+,10,0.25,P00004604,0.08333333333333333,28.0,0.16666666666666666,2829.3820866797478,2450.5833333333335
36-45,F,1,B,2,5,0.26666666666666666,P00000770,0.06666666666666667,42.0,0.2,5985.159884087912,3542.4666666666667
0-17,M,0,A,5+,10,0.2222222222222222,P00000925,0.05555555555555555,40.0,0.2222222222222222,4746.572003145613,3399.3888888888887
18-25,M,0,A,3,10,0.25,P00000781,0.0625,42.0,0.1875,3170.1965232195516,2001.5625
46-50,M,1,B,2,12,0.20454545454545456,P00012609,0.045454545454545456,12.0,0.09090909090909091,7692.499049587655,7819.0
51-55,F,1,C,2,17,0.3125,P00001803,0.0625,18.0,0.1875,5304.628594837405,3458.4375
36-45,M,0,A,5+,3,0.15555555555555556,P00017257,0.044444444444444446,42.0,0.13333333333333333,6446.1985908539355,6504.666666666667
26-35,M,0,B,2,3,0.26666666666666666,P00005818,0.06666666666666667,20.0,0.13333333333333333,9894.662467834916,6696.933333333333
0-17,M,0,A,1,16,0.25,P00010617,0.08333333333333333,40.0,0.25,7573.026164978868,4478.75
51-55,F,1,B,3,12,0.14583333333333334,P00072755,0.041666666666666664,10.0,0.14583333333333334,7462.340365970226,8754.416666666666
36-45,M,1,B,4,3,0.21428571428571427,P00073899,0.14285714285714285,7.0,0.21428571428571427,7796.360752877653,8296.285714285714
51-55,F,1,C,2,12,0.17647058823529413,P00000809,0.058823529411764705,7.0,0.17647058823529413,4323.573467562655,6907.176470588235
26-35,M,0,A,4,19,0.1875,P00037915,0.0625,10.0,0.09375,9345.08787109829,13694.8125
55+,F,1,C,1,10,0.17647058823529413,P00000549,0.058823529411764705,20.0,0.23529411764705882,4281.869929783977,3509.294117647059
26-35,M,0,A,2,3,0.12,P00083865,0.04,40.0,0.1,9731.045423545303,11004.16
36-45,M,0,B,2,17,0.2,P00022092,0.06666666666666667,36.0,0.13333333333333333,7727.657078559421,6178.066666666667
36-45,M,0,A,1,3,0.2222222222222222,P00003954,0.022222222222222223,10.0,0.08888888888888889,9195.524287511953,12824.822222222223
51-55,F,1,B,3,19,0.13513513513513514,P00066097,0.05405405405405406,42.0,0.10810810810810811,10111.645643074677,11870.0
26-35,M,0,A,4,3,0.21951219512195122,P00000526,0.024390243902439025,36.0,0.0975609756097561,6343.782155030845,6562.658536585366
51-55,F,1,C,5+,9,0.3076923076923077,P00000337,0.07692307692307693,7.0,0.15384615384615385,6251.45366582025,8403.461538461539
26-35,M,0,A,5+,3,0.18181818181818182,P00042233,0.045454545454545456,9.0,0.11363636363636363,10254.087837155144,10632.5
36-45,M,1,A,1,20,0.21428571428571427,P00020929,0.047619047619047616,14.0,0.07142857142857142,9449.653042564834,11604.904761904761
46-50,F,1,B,1,3,0.15384615384615385,P00003693,0.07692307692307693,42.0,0.15384615384615385,7647.738351789757,4957.307692307692
46-50,F,1,B,3,20,0.15217391304347827,P00001575,0.021739130434782608,7.0,0.08695652173913043,10049.132239437418,12509.891304347826
46-50,F,1,B,1,10,0.15789473684210525,P00004008,0.05263157894736842,30.0,0.15789473684210525,8242.561294285804,6158.368421052632
46-50,M,1,B,5+,3,0.13953488372093023,P00011524,0.046511627906976744,18.0,0.11627906976744186,5931.824766817571,7135.46511627907
18-25,M,0,A,1,17,0.26666666666666666,P00005588,0.06666666666666667,32.0,0.2,2595.9157261249557,1145.2
36-45,M,1,A,3,20,0.14893617021276595,P00032403,0.0425531914893617,14.0,0.06382978723404255,8453.435587182406,9635.234042553191
0-17,M,0,A,2,12,0.2631578947368421,P00001803,0.05263157894736842,21.0,0.10526315789473684,8283.631760306036,6040.8421052631575
18-25,M,0,A,5+,4,0.25,P00000772,0.08333333333333333,28.0,0.25,6898.450055935929,3564.5833333333335
46-50,M,1,A,1,12,0.20930232558139536,P00001575,0.023255813953488372,9.0,0.13953488372093023,7282.442139485226,7264.093023255814
55+,F,1,C,2,19,0.20512820512820512,P00054273,0.05128205128205128,20.0,0.15384615384615385,9029.846960098881,12784.333333333334
26-35,M,0,A,3,3,0.16,P00023359,0.04,40.0,0.1,9697.08611526879,12007.66
46-50,M,1,A,5+,10,0.14,P00028381,0.04,30.0,0.08,7090.901292703006,7622.0
46-50,M,1,B,4,3,0.14634146341463414,P00003658,0.024390243902439025,36.0,0.12195121951219512,4546.620459734686,4928.463414634146
26-35,M,0,A,4,3,0.15217391304347827,P00027480,0.043478260869565216,20.0,0.08695652173913043,9905.058406258942,12494.54347826087
46-50,F,1,B,3,3,0.16666666666666666,P00004979,0.03333333333333333,28.0,0.1,10261.439355693465,10711.266666666666
55+,F,1,C,2,17,0.35714285714285715,P00000953,0.07142857142857142,42.0,0.2857142857142857,1714.764412101846,979.2857142857143
36-45,M,1,B,2,11,0.21428571428571427,P00012502,0.07142857142857142,27.0,0.21428571428571427,5485.232888962313,7912.0
36-45,M,1,A,1,3,0.17391304347826086,P00000370,0.021739130434782608,40.0,0.08695652173913043,9707.716054444516,11636.630434782608
55+,F,1,C,1,5,0.25,P00002052,0.05,6.0,0.1,7103.789740991108,5167.5
55+,F,1,C,1,17,0.3076923076923077,P00001802,0.07692307692307693,4.0,0.15384615384615385,4000.8778331632966,2505.5384615384614
46-50,M,1,B,3,3,0.13953488372093023,P00056515,0.046511627906976744,42.0,0.11627906976744186,7439.324224927157,7346.069767441861
51-55,F,1,C,1,3,0.16,P00082828,0.04,7.0,0.08,10370.695041454894,12042.5
36-45,M,1,A,4,16,0.20454545454545456,P00095315,0.045454545454545456,36.0,0.11363636363636363,8144.886151197077,7806.159090909091
55+,F,1,C,4,3,0.1875,P00004819,0.0625,21.0,0.125,6162.751246737667,8128.5625
55+,F,1,C,5+,3,0.10869565217391304,P00007816,0.043478260869565216,10.0,0.06521739130434782,6051.580739594084,7347.413043478261
18-25,M,0,A,3,3,0.25,P00001069,0.0625,18.0,0.1875,8995.188465461226,6047.9375
0-17,M,0,A,2,4,0.2857142857142857,P00003003,0.07142857142857142,10.0,0.14285714285714285,4537.007360112421,3564.6428571428573
46-50,M,1,B,3,3,0.26666666666666666,P00043444,0.044444444444444446,9.0,0.08888888888888889,8405.325174308164,11649.622222222222
55+,F,1,C,3,8,0.14285714285714285,P00003426,0.023809523809523808,7.0,0.07142857142857142,7940.9572355285,7845.523809523809
18-25,M,0,A,2,16,0.16666666666666666,P00001803,0.08333333333333333,16.0,0.16666666666666666,6478.324284711193,3486.5833333333335
46-50,F,1,B,1,3,0.14583333333333334,P00033049,0.041666666666666664,42.0,0.08333333333333333,9113.43572317311,11034.854166666666
36-45,F,1,B,1,19,0.25,P00021541,0.08333333333333333,4.0,0.16666666666666666,8678.77115786596,6151.083333333333
51-55,F,1,B,5+,12,0.24,P00099835,0.04,18.0,0.1,4678.191379154982,5607.46
36-45,M,1,A,1,11,0.13953488372093023,P00068130,0.046511627906976744,36.0,0.09302325581395349,8621.450296617983,10969.790697674418
26-35,M,0,B,1,15,0.2,P00033485,0.1,4.0,0.1,6822.541103037165,4633.95
46-50,M,1,A,5+,11,0.19047619047619047,P00004911,0.023809523809523808,7.0,0.14285714285714285,5487.683825414139,5723.523809523809
55+,F,1,C,1,3,0.14285714285714285,P00010786,0.07142857142857142,40.0,0.21428571428571427,7247.093992812522,3821.4285714285716
46-50,M,1,A,4,3,0.15,P00036873,0.05,36.0,0.125,6293.6964539010105,6864.85
26-35,M,0,A,2,3,0.2,P00009387,0.1,28.0,0.2,10665.47509438229,7150.1
36-45,M,0,A,2,20,0.16,P00030655,0.04,27.0,0.12,9965.648784208888,11992.06
51-55,F,1,B,4,17,0.1956521739130435,P00000947,0.021739130434782608,7.0,0.06521739130434782,7587.621660685282,6426.608695652174
51-55,F,1,B,5+,20,0.14705882352941177,P00094639,0.058823529411764705,4.0,0.08823529411764706,8949.49361820442,8043.088235294118
36-45,M,0,B,2,4,0.36363636363636365,P00008010,0.09090909090909091,24.0,0.18181818181818182,6499.249727328672,2779.2727272727275
36-45,M,0,B,2,5,0.23529411764705882,P00002274,0.058823529411764705,18.0,0.11764705882352941,9399.864323958273,5138.941176470588
51-55,F,1,B,5+,12,0.1,P00000101,0.025,10.0,0.1,9418.918198232746,11736.025
36-45,M,1,A,4,17,0.13043478260869565,P00071598,0.043478260869565216,30.0,0.08695652173913043,6816.155274109662,7574.347826086957
26-35,M,0,A,4,13,0.22727272727272727,P00003063,0.022727272727272728,7.0,0.06818181818181818,10223.185263291956,13288.15909090909
51-55,F,1,B,5+,12,0.13043478260869565,P00003018,0.021739130434782608,45.0,0.08695652173913043,7225.229367102914,6607.717391304348
55+,F,1,C,4,3,0.17073170731707318,P00082828,0.04878048780487805,10.0,0.0975609756097561,10199.073917249163,15791.073170731708
51-55,F,1,B,3,3,0.11764705882352941,P00047580,0.058823529411764705,11.0,0.08823529411764706,10264.93003749602,11594.14705882353
26-35,M,0,A,1,20,0.16666666666666666,P00000404,0.027777777777777776,42.0,0.1388888888888889,10331.946688375265,11980.166666666666
26-35,M,0,A,5+,3,0.23529411764705882,P00000925,0.058823529411764705,20.0,0.17647058823529413,9126.472210408188,5928.411764705882
36-45,F,1,B,1,10,0.23076923076923078,P00008604,0.07692307692307693,16.0,0.15384615384615385,8245.475360649434,4917.384615384615
55+,F,1,C,1,3,0.14634146341463414,P00005131,0.024390243902439025,20.0,0.0975609756097561,6834.431904326653,7436.463414634146
46-50,F,1,B,4,6,0.21428571428571427,P00003982,0.07142857142857142,10.0,0.14285714285714285,3566.594645125426,8279.857142857143
18-25,M,0,A,1,11,0.14285714285714285,P00004008,0.07142857142857142,18.0,0.14285714285714285,8254.612416936738,6487.0
36-45,M,0,A,5+,3,0.11904761904761904,P00015458,0.047619047619047616,35.0,0.09523809523809523,5795.7441948189025,6221.357142857143
51-55,F,1,B,4,3,0.14893617021276595,P00002152,0.02127659574468085,10.0,0.06382978723404255,5219.326251616588,5341.851063829788
51-55,F,1,C,1,10,0.2,P00000518,0.06666666666666667,28.0,0.2,8962.6360636547,6099.933333333333
18-25,M,0,A,1,12,0.23529411764705882,P00006962,0.058823529411764705,20.0,0.11764705882352941,6938.323144595064,5340.058823529412
46-50,F,1,B,3,3,0.23529411764705882,P00016734,0.058823529411764705,9.0,0.17647058823529413,4538.362872906537,7949.764705882353
26-35,M,0,A,4,11,0.1951219512195122,P00000549,0.024390243902439025,40.0,0.12195121951219512,6337.499321980049,6784.512195121952
46-50,F,1,B,1,5,0.17647058823529413,P00002675,0.058823529411764705,5.0,0.11764705882352941,7605.441491419927,4115.823529411765
26-35,M,0,B,2,16,0.23076923076923078,P00003426,0.07692307692307693,45.0,0.15384615384615385,7830.935964297185,5512.923076923077
46-50,M,1,B,5+,20,0.14893617021276595,P00071397,0.0425531914893617,42.0,0.10638297872340426,9370.216543948227,12699.531914893618
18-25,M,0,A,1,10,0.23529411764705882,P00004697,0.058823529411764705,10.0,0.11764705882352941,5213.100170695541,3545.470588235294
36-45,M,1,A,4,3,0.16,P00000953,0.02,40.0,0.1,9977.884308073835,10715.6
46-50,F,1,B,3,12,0.25,P00006684,0.0625,9.0,0.1875,2280.3285691613246,6035.375
51-55,F,1,B,5+,14,0.13953488372093023,P00001790,0.023255813953488372,18.0,0.09302325581395349,6980.186090755212,8240.255813953489
55+,F,1,C,2,15,0.15,P00008902,0.05,36.0,0.15,8183.458318622487,4779.5
26-35,M,0,A,2,11,0.17647058823529413,P00000221,0.058823529411764705,28.0,0.17647058823529413,4840.456974355648,7913.294117647059
46-50,F,1,B,2,5,0.25,P00004631,0.05,18.0,0.1,6750.287197788816,3225.9
51-55,F,1,B,4,11,0.23255813953488372,P00000404,0.023255813953488372,27.0,0.13953488372093023,6470.929498258234,8746.0
55+,F,1,C,4,4,0.21428571428571427,P00005254,0.07142857142857142,30.0,0.14285714285714285,5941.109656961734,3365.4285714285716
26-35,M,0,B,1,4,0.15789473684210525,P00008353,0.05263157894736842,16.0,0.10526315789473684,5459.346930932371,3340.3684210526317
55+,F,1,C,4,16,0.17391304347826086,P00061027,0.043478260869565216,30.0,0.10869565217391304,6485.927036231882,6647.239130434783
26-35,M,0,A,4,20,0.13157894736842105,P00096342,0.05263157894736842,9.0,0.07894736842105263,9114.104979470758,10405.131578947368
36-45,M,0,B,2,4,0.25,P00005612,0.0625,6.0,0.125,7360.707410523349,3255.125
55+,F,1,C,4,11,0.14634146341463414,P00036068,0.04878048780487805,42.0,0.0975609756097561,6543.247631029687,7094.195121951219
26-35,M,0,A,3,11,0.1951219512195122,P00001029,0.024390243902439025,7.0,0.0975609756097561,6030.896314992915,6377.707317073171
51-55,F,1,B,4,16,0.17391304347826086,P00028267,0.043478260869565216,18.0,0.10869565217391304,6731.250543274147,7098.347826086957
36-45,F,1,B,2,10,0.15,P00008270,0.05,42.0,0.2,7677.750793860894,6250.9
18-25,M,0,A,5+,10,0.3157894736842105,P00002370,0.05263157894736842,8.0,0.10526315789473684,5780.187928206151,2827.5263157894738
46-50,M,1,B,4,3,0.2127659574468085,P00095824,0.0425531914893617,27.0,0.0851063829787234,5285.176286927787,5454.085106382979
36-45,F,1,B,2,15,0.21052631578947367,P00002743,0.05263157894736842,6.0,0.15789473684210525,7644.090752519134,3947.8947368421054
55+,F,1,C,1,4,0.2727272727272727,P00013981,0.09090909090909091,6.0,0.18181818181818182,7648.328834695613,4634.181818181818
46-50,F,1,B,1,1,0.2,P00014020,0.06666666666666667,9.0,0.13333333333333333,5226.497391270025,8037.866666666667
46-50,F,1,B,1,16,0.2,P00028193,0.13333333333333333,42.0,0.2,10141.775284623965,11150.933333333332
26-35,M,0,B,1,5,0.3333333333333333,P00000925,0.08333333333333333,9.0,0.08333333333333333,5412.08270208821,3388.0833333333335
0-17,M,0,A,1,17,0.35294117647058826,P00001790,0.058823529411764705,18.0,0.11764705882352941,3516.0130276058594,2809.8823529411766
0-17,M,0,A,5+,4,0.23076923076923078,P00004568,0.07692307692307693,4.0,0.15384615384615385,4574.641088625815,3534.6153846153848
46-50,M,1,A,3,3,0.15217391304347827,P00020406,0.043478260869565216,36.0,0.08695652173913043,9399.168055074675,13728.304347826086
26-35,M,0,A,5+,3,0.1111111111111111,P00056364,0.044444444444444446,36.0,0.08888888888888889,6337.160765172078,7523.6
46-50,F,1,B,3,15,0.23529411764705882,P00001708,0.058823529411764705,8.0,0.11764705882352941,3758.8078190548977,2416.294117647059
26-35,M,0,A,1,12,0.15,P00003492,0.05,45.0,0.15,6731.021595059542,6921.65
46-50,F,1,B,1,3,0.14,P00056195,0.06,42.0,0.14,8484.141956037987,10268.38
36-45,M,0,A,3,3,0.14285714285714285,P00005131,0.023809523809523808,7.0,0.11904761904761904,6487.79729012092,7389.071428571428
18-25,M,0,A,2,10,0.25,P00076601,0.16666666666666666,20.0,0.16666666666666666,9095.438911894247,7289.5
26-35,M,0,A,4,16,0.14285714285714285,P00045019,0.047619047619047616,20.0,0.09523809523809523,6440.046436204057,6108.4047619047615
51-55,F,1,C,1,20,0.16666666666666666,P00024091,0.047619047619047616,12.0,0.07142857142857142,9662.514012833293,13775.309523809523
51-55,F,1,C,2,4,0.2857142857142857,P00009787,0.07142857142857142,4.0,0.07142857142857142,3223.435759156151,1996.357142857143
55+,F,1,C,2,15,0.21052631578947367,P00007851,0.05263157894736842,16.0,0.15789473684210525,3676.800675135703,2765.7368421052633
46-50,F,1,B,2,13,0.16129032258064516,P00047826,0.06451612903225806,10.0,0.0967741935483871,9332.688925641725,10925.129032258064
26-35,M,0,A,2,3,0.13953488372093023,P00000101,0.023255813953488372,9.0,0.06976744186046512,9322.166259316256,11391.744186046511
51-55,F,1,C,1,10,0.2,P00001085,0.05,36.0,0.2,3690.2449982851304,2649.4
46-50,F,1,B,5+,11,0.15384615384615385,P00001790,0.02564102564102564,9.0,0.05128205128205128,9931.741838198412,11216.48717948718
0-17,M,0,A,2,17,0.25,P00003088,0.05,18.0,0.1,5567.717102566413,2820.45
55+,F,1,C,4,3,0.1590909090909091,P00000148,0.022727272727272728,27.0,0.11363636363636363,6785.297193508057,7154.363636363636
36-45,F,1,B,2,5,0.2,P00003693,0.05,44.0,0.2,1912.498492603465,1464.2
36-45,M,0,A,5+,3,0.16129032258064516,P00098002,0.06451612903225806,13.0,0.0967741935483871,9011.20723226337,12567.870967741936
26-35,M,0,A,3,19,0.1388888888888889,P00000370,0.027777777777777776,28.0,0.1111111111111111,9752.451619977408,14344.833333333334
36-45,M,1,A,3,3,0.3,P00096342,0.04,7.0,0.06,9305.075543761159,11805.32
26-35,M,0,A,5+,3,0.16279069767441862,P00002152,0.023255813953488372,14.0,0.09302325581395349,9818.675316292794,10676.441860465116
55+,F,1,C,5+,3,0.09302325581395349,P00003708,0.023255813953488372,20.0,0.09302325581395349,5572.603304980929,6932.023255813953
18-25,M,0,A,2,4,0.16666666666666666,P00000148,0.05555555555555555,18.0,0.1111111111111111,4604.6470548783645,3031.1666666666665
18-25,M,0,A,3,16,0.2857142857142857,P00003426,0.07142857142857142,7.0,0.14285714285714285,7794.762387739518,3448.714285714286
36-45,F,1,B,1,3,0.15,P00001794,0.05,44.0,0.15,7144.09317493167,3582.85
36-45,M,1,A,3,19,0.15384615384615385,P00071018,0.05128205128205128,42.0,0.10256410256410256,10040.737661485566,13759.948717948719
36-45,M,0,A,4,10,0.13953488372093023,P00000101,0.023255813953488372,18.0,0.09302325581395349,6659.6930980771085,6529.488372093023
26-35,M,0,A,4,12,0.3,P00005451,0.1,21.0,0.3,2931.3980055029488,5178.4
51-55,F,1,C,4,11,0.13043478260869565,P00032596,0.043478260869565216,28.0,0.10869565217391304,8552.319194117326,10382.04347826087
46-50,M,1,B,5+,3,0.19047619047619047,P00005818,0.047619047619047616,27.0,0.09523809523809523,6493.011056210695,8120.761904761905
18-25,M,0,A,3,17,0.2777777777777778,P00000925,0.05555555555555555,4.0,0.1111111111111111,5574.3453216235075,4397.0
36-45,M,0,A,4,3,0.15217391304347827,P00020406,0.043478260869565216,7.0,0.06521739130434782,9067.546140449396,11446.54347826087
36-45,M,1,A,3,3,0.15,P00001575,0.025,20.0,0.125,10733.737328885629,11831.675
55+,F,1,C,2,10,0.16666666666666666,P00019486,0.08333333333333333,4.0,0.08333333333333333,6873.707196905312,6585.416666666667
55+,F,1,C,3,4,0.2,P00005261,0.06666666666666667,28.0,0.2,10465.325616848559,7956.466666666666
36-45,M,0,A,1,6,0.125,P00000953,0.0625,9.0,0.125,7651.832711841001,7392.125
36-45,M,0,A,4,3,0.3,P00037299,0.05,21.0,0.075,10253.664244320486,12613.225
18-25,M,0,A,1,17,0.2,P00024477,0.05,40.0,0.1,9314.84618852021,5887.4
36-45,M,0,B,4,10,0.1875,P00005758,0.0625,12.0,0.125,6826.946960391592,4690.5
55+,F,1,C,1,15,0.1875,P00006172,0.0625,40.0,0.125,4356.35590019533,3356.0625
36-45,M,1,A,5+,11,0.14285714285714285,P00098209,0.047619047619047616,40.0,0.14285714285714285,5698.396647420716,6755.880952380952
46-50,F,1,B,2,5,0.21428571428571427,P00000770,0.07142857142857142,18.0,0.14285714285714285,3812.1341229590244,2490.4285714285716
46-50,F,1,B,2,10,0.17647058823529413,P00012025,0.058823529411764705,32.0,0.17647058823529413,5387.7871044013,3844.5882352941176
36-45,M,0,B,2,5,0.1875,P00000205,0.0625,18.0,0.125,4337.954248548502,2665.4375
55+,F,1,C,2,11,0.15217391304347827,P00003161,0.021739130434782608,9.0,0.08695652173913043,6232.968159380041,7229.54347826087
26-35,M,0,A,5+,3,0.175,P00006962,0.025,20.0,0.075,10107.58269862856,11373.125
26-35,M,0,B,2,5,0.46153846153846156,P00018095,0.07692307692307693,4.0,0.15384615384615385,4317.684052466446,2599.923076923077
0-17,M,0,A,1,17,0.26666666666666666,P00002627,0.06666666666666667,28.0,0.13333333333333333,6395.168516339578,3847.9333333333334
36-45,M,0,A,3,3,0.13953488372093023,P00003658,0.023255813953488372,40.0,0.09302325581395349,9904.736321478056,12163.790697674418
46-50,F,1,B,1,3,0.2857142857142857,P00000070,0.07142857142857142,36.0,0.14285714285714285,5566.740334885754,8667.42857142857
26-35,M,0,A,4,11,0.13636363636363635,P00000070,0.022727272727272728,7.0,0.13636363636363635,4929.397871095868,5030.477272727273
26-35,M,0,A,4,3,0.18421052631578946,P00034037,0.05263157894736842,36.0,0.13157894736842105,9462.56020754244,12431.315789473685
51-55,F,1,C,4,19,0.1875,P00000101,0.03125,21.0,0.125,9957.7041965975,13167.1875
36-45,M,0,A,4,7,0.10869565217391304,P00042106,0.043478260869565216,21.0,0.08695652173913043,7317.403860818318,8549.065217391304
36-45,F,1,B,1,5,0.15,P00006613,0.05,6.0,0.15,6697.5668315559105,4114.1
36-45,M,1,A,3,10,0.0975609756097561,P00000404,0.024390243902439025,20.0,0.0975609756097561,9004.148793411981,9232.609756097561
26-35,M,0,A,5+,3,0.16216216216216217,P00003954,0.02702702702702703,10.0,0.08108108108108109,9089.06067332722,10994.486486486487
51-55,F,1,C,2,17,0.36363636363636365,P00021723,0.09090909090909091,7.0,0.18181818181818182,12790.197800019996,8700.181818181818
0-17,M,0,A,2,4,0.23076923076923078,P00005627,0.07692307692307693,36.0,0.15384615384615385,8041.755607851451,4237.615384615385
51-55,F,1,C,1,3,0.14583333333333334,P00028092,0.041666666666666664,26.0,0.10416666666666667,10140.957808617117,15348.854166666666
26-35,M,0,A,2,20,0.17777777777777778,P00071843,0.044444444444444446,21.0,0.08888888888888889,10140.991364085892,14746.711111111112
46-50,M,1,B,1,3,0.14,P00001575,0.02,44.0,0.08,9206.843517244139,11219.4
46-50,M,1,A,5+,8,0.1956521739130435,P00089766,0.08695652173913043,18.0,0.13043478260869565,7104.540040866159,6750.913043478261
46-50,F,1,B,5+,18,0.15555555555555556,P00055045,0.044444444444444446,7.0,0.15555555555555556,9693.27741887087,13273.711111111112
46-50,F,1,B,2,10,0.23076923076923078,P00003982,0.07692307692307693,32.0,0.15384615384615385,6497.941014127238,3328.6153846153848
26-35,M,0,A,3,3,0.15151515151515152,P00000518,0.030303030303030304,10.0,0.09090909090909091,9485.07288433843,9738.60606060606
46-50,F,1,C,2,4,0.16666666666666666,P00009690,0.05555555555555555,8.0,0.16666666666666666,4948.972715743791,2947.6666666666665
46-50,M,1,B,1,10,0.10810810810810811,P00090602,0.05405405405405406,40.0,0.10810810810810811,10011.097224637324,9541.567567567568
26-35,M,0,A,5+,3,0.19444444444444445,P00088589,0.05555555555555555,27.0,0.08333333333333333,9609.968929470939,13031.444444444445
55+,F,1,C,5+,20,0.14,P00028904,0.04,7.0,0.1,10355.842003449463,12142.46
46-50,M,1,B,1,3,0.13333333333333333,P00000101,0.022222222222222223,36.0,0.1111111111111111,6674.134249685741,6602.488888888889
26-35,M,0,B,1,16,0.15,P00004130,0.05,40.0,0.15,9411.911391954347,7360.55
55+,F,1,C,4,3,0.18181818181818182,P00090195,0.045454545454545456,20.0,0.06818181818181818,8134.2202279120365,8913.068181818182
46-50,F,1,B,1,3,0.16666666666666666,P00023404,0.08333333333333333,4.0,0.16666666666666666,10530.782034832528,6181.083333333333
51-55,F,1,C,4,3,0.14893617021276595,P00003426,0.02127659574468085,21.0,0.10638297872340426,8352.89116160577,7746.36170212766
46-50,M,1,B,4,8,0.13333333333333333,P00000526,0.044444444444444446,45.0,0.08888888888888889,7356.567432017338,8328.266666666666
26-35,M,0,B,2,10,0.15,P00001156,0.05,28.0,0.15,6663.159440851654,3864.55
36-45,M,0,A,5+,8,0.11904761904761904,P00000518,0.023809523809523808,42.0,0.11904761904761904,6320.980057548119,6429.119047619048
51-55,F,1,C,4,5,0.21428571428571427,P00015489,0.07142857142857142,20.0,0.14285714285714285,3792.040811552997,2519.8571428571427
26-35,M,0,A,4,11,0.2777777777777778,P00010106,0.05555555555555555,9.0,0.1111111111111111,6895.929065267609,9686.444444444445
46-50,F,1,B,4,17,0.125,P00000205,0.025,10.0,0.1,9639.010634908118,10044.325
18-25,M,0,A,1,10,0.4,P00004398,0.06666666666666667,4.0,0.13333333333333333,1977.8696259215008,1542.4
0-17,M,0,A,1,3,0.25,P00013845,0.0625,16.0,0.125,7694.45047528845,4096.875
26-35,M,0,A,3,10,0.2,P00008017,0.1,20.0,0.3,8558.078045527122,4994.5
55+,F,1,C,5+,3,0.14893617021276595,P00078516,0.0425531914893617,7.0,0.10638297872340426,7075.563001955011,8104.659574468085
18-25,M,0,A,1,17,0.26666666666666666,P00032600,0.06666666666666667,30.0,0.2,6559.049176156411,3325.6666666666665
26-35,M,0,B,2,10,0.25,P00007781,0.0625,18.0,0.1875,4800.346138561261,3098.625
26-35,M,0,A,1,3,0.2916666666666667,P00093027,0.041666666666666664,14.0,0.08333333333333333,9234.518823837085,11052.416666666666
51-55,F,1,C,2,10,0.375,P00003852,0.0625,12.0,0.125,969.0647359696875,578.9375
46-50,M,1,B,3,3,0.1875,P00064227,0.041666666666666664,40.0,0.125,8032.944377272325,8832.3125
51-55,F,1,C,2,8,0.15384615384615385,P00004979,0.07692307692307693,36.0,0.15384615384615385,7106.702937440515,5353.846153846154
55+,F,1,C,2,16,0.2857142857142857,P00001029,0.07142857142857142,20.0,0.21428571428571427,7516.711418894905,5573.642857142857
51-55,F,1,B,3,18,0.13513513513513514,P00002152,0.02702702702702703,10.0,0.08108108108108109,8547.248078370794,10066.18918918919
36-45,M,0,A,4,3,0.2558139534883721,P00032615,0.046511627906976744,36.0,0.09302325581395349,7340.599639885675,6463.302325581395
26-35,M,0,A,3,3,0.17777777777777778,P00003382,0.06666666666666667,14.0,0.08888888888888889,8316.883836843914,11647.488888888889
0-17,M,0,A,1,16,0.15789473684210525,P00013748,0.05263157894736842,40.0,0.15789473684210525,9248.916534617852,7130.210526315789
36-45,F,1,B,2,15,0.16666666666666666,P00001282,0.05555555555555555,6.0,0.1111111111111111,10796.668939214842,9865.777777777777
36-45,M,0,B,1,5,0.2,P00000518,0.05,36.0,0.2,4367.78712459633,2912.95
26-35,M,0,A,3,11,0.1875,P00079375,0.125,10.0,0.1875,6930.584966893727,7505.625
46-50,M,1,B,4,7,0.125,P00000526,0.020833333333333332,20.0,0.08333333333333333,5678.278915904757,6391.0
36-45,M,1,A,5+,13,0.13953488372093023,P00061128,0.046511627906976744,36.0,0.11627906976744186,10031.446690002003,13413.139534883721
26-35,M,0,A,2,3,0.23076923076923078,P00023709,0.07692307692307693,6.0,0.15384615384615385,6661.695498163843,3610.923076923077
51-55,F,1,C,2,17,0.36363636363636365,P00019538,0.09090909090909091,42.0,0.18181818181818182,10826.63685378042,7217.181818181818
46-50,M,1,B,4,3,0.14583333333333334,P00096841,0.041666666666666664,21.0,0.10416666666666667,10175.857178507169,12836.291666666666
55+,F,1,C,5+,8,0.175,P00051148,0.05,21.0,0.125,6870.324713288713,6474.225
46-50,M,1,A,4,3,0.14,P00002274,0.02,10.0,0.1,7163.380314702076,7001.24
36-45,M,0,A,4,11,0.23529411764705882,P00012025,0.058823529411764705,18.0,0.11764705882352941,4734.675185299845,6946.117647058823
36-45,M,1,A,5+,10,0.14634146341463414,P00000070,0.024390243902439025,21.0,0.0975609756097561,5706.353409930408,5125.756097560976
55+,F,1,C,4,3,0.13636363636363635,P00000610,0.022727272727272728,18.0,0.11363636363636363,6275.277287026427,6398.75
36-45,F,1,B,2,4,0.21428571428571427,P00004622,0.07142857142857142,12.0,0.14285714285714285,6201.819080889729,3715.714285714286
46-50,F,1,B,4,3,0.13333333333333333,P00003382,0.022222222222222223,10.0,0.06666666666666667,10244.548003694455,12385.2
18-25,M,0,A,2,3,0.15,P00001039,0.05,40.0,0.15,5190.873944266337,5117.1
36-45,F,1,B,2,10,0.3333333333333333,P00005871,0.06666666666666667,36.0,0.2,3974.507686793542,2724.733333333333
55+,F,1,C,3,11,0.16666666666666666,P00000215,0.05555555555555555,40.0,0.2222222222222222,4400.679041853855,5793.833333333333
46-50,M,1,A,2,3,0.13333333333333333,P00000070,0.022222222222222223,9.0,0.08888888888888889,6609.077556625807,6794.377777777778
55+,F,1,C,1,16,0.1875,P00004977,0.0625,42.0,0.1875,3720.506694882656,2706.75
46-50,M,1,A,5+,3,0.14705882352941177,P00034077,0.058823529411764705,27.0,0.08823529411764706,9541.818654029297,10424.529411764706
36-45,M,1,A,1,3,0.13333333333333333,P00067672,0.044444444444444446,30.0,0.08888888888888889,8093.033414953602,8579.68888888889
36-45,M,1,A,3,3,0.15,P00098209,0.05,21.0,0.1,8964.126251663864,11248.075
26-35,M,0,A,2,20,0.1590909090909091,P00000404,0.022727272727272728,14.0,0.11363636363636363,9362.807545227237,12942.181818181818
55+,F,1,C,3,3,0.23529411764705882,P00003235,0.029411764705882353,26.0,0.08823529411764706,10274.548587912914,14077.264705882353
36-45,F,1,B,2,4,0.25,P00003235,0.08333333333333333,4.0,0.08333333333333333,7964.063425314005,4483.333333333333
51-55,F,1,B,5+,7,0.13043478260869565,P00057189,0.043478260869565216,42.0,0.15217391304347827,7206.9315684196745,8053.347826086957
26-35,M,0,B,1,4,0.125,P00001282,0.0625,10.0,0.1875,7703.863654037499,5111.5
46-50,M,1,B,5+,11,0.1276595744680851,P00026377,0.0425531914893617,7.0,0.06382978723404255,7607.821290802279,7009.893617021276
46-50,M,1,B,5+,17,0.14285714285714285,P00031671,0.04081632653061224,40.0,0.10204081632653061,5523.3030332500175,6248.244897959184
26-35,M,0,A,2,10,0.14285714285714285,P00000101,0.023809523809523808,13.0,0.07142857142857142,9173.151223475892,9705.595238095239
46-50,M,1,B,5+,3,0.13636363636363635,P00000148,0.022727272727272728,27.0,0.13636363636363635,6068.135961264997,5981.045454545455
26-35,M,0,A,2,17,0.25,P00000285,0.05,30.0,0.15,3627.038096748249,2644.25
46-50,M,1,B,4,12,0.2,P00000404,0.02,40.0,0.12,5058.811323839237,5918.7
36-45,M,1,A,4,18,0.14634146341463414,P00099120,0.04878048780487805,10.0,0.0975609756097561,9150.360423062646,13284.317073170732
55+,F,1,C,5+,12,0.14285714285714285,P00000610,0.023809523809523808,10.0,0.11904761904761904,4276.615905997781,5431.380952380952
46-50,M,1,B,1,3,0.1875,P00000070,0.020833333333333332,30.0,0.08333333333333333,9741.523811145797,11094.916666666666
0-17,M,0,A,2,5,0.4,P00008564,0.1,7.0,0.1,6587.730856169926,4731.5
51-55,F,1,C,4,3,0.12,P00000070,0.02,7.0,0.1,7309.891132638051,7035.58
26-35,M,0,A,1,3,0.2,P00003227,0.025,21.0,0.075,9538.479110478023,13343.45
26-35,M,0,A,2,3,0.225,P00000947,0.025,21.0,0.125,10130.62543073964,14700.35
51-55,F,1,B,4,3,0.14634146341463414,P00002002,0.024390243902439025,7.0,0.07317073170731707,6989.08339204617,6924.804878048781
46-50,M,1,A,2,3,0.24324324324324326,P00004631,0.02702702702702703,7.0,0.10810810810810811,9882.339976894082,11568.567567567568
46-50,M,1,A,4,12,0.12244897959183673,P00002152,0.02040816326530612,10.0,0.14285714285714285,6958.638534530422,7549.530612244898
51-55,F,1,C,2,4,0.14285714285714285,P00008604,0.07142857142857142,30.0,0.14285714285714285,9391.66816069751,5101.928571428572
46-50,F,1,B,4,5,0.23529411764705882,P00005857,0.058823529411764705,20.0,0.23529411764705882,2862.11947509287,1833.4705882352941
46-50,M,1,A,4,10,0.15555555555555556,P00003018,0.022222222222222223,36.0,0.1111111111111111,3865.3873356425042,4474.133333333333
18-25,M,0,A,2,4,0.23529411764705882,P00053813,0.11764705882352941,14.0,0.11764705882352941,6228.368721729914,4697.058823529412
26-35,M,0,A,4,3,0.2,P00057355,0.044444444444444446,18.0,0.1111111111111111,4365.0706211094375,5887.866666666667
51-55,F,1,C,4,3,0.10526315789473684,P00006469,0.02631578947368421,20.0,0.07894736842105263,9254.752977368953,10646.236842105263
46-50,F,1,B,3,3,0.1590909090909091,P00000101,0.022727272727272728,9.0,0.06818181818181818,8910.092467392476,11869.386363636364
36-45,M,0,B,2,9,0.2727272727272727,P00001110,0.09090909090909091,6.0,0.09090909090909091,5748.2960257801615,6422.0
46-50,F,1,C,2,4,0.2,P00003161,0.06666666666666667,30.0,0.2,8477.996435029974,5545.866666666667
55+,F,1,C,4,2,0.13333333333333333,P00019758,0.044444444444444446,30.0,0.15555555555555556,6117.33995154988,6594.688888888889
46-50,F,1,B,2,7,0.15789473684210525,P00004082,0.05263157894736842,14.0,0.15789473684210525,5793.605525776164,9831.894736842105
51-55,F,1,C,5+,3,0.13333333333333333,P00001029,0.022222222222222223,7.0,0.1111111111111111,7070.161601599166,8142.866666666667
26-35,M,0,A,5+,12,0.10869565217391304,P00000101,0.021739130434782608,45.0,0.08695652173913043,6661.129539538476,6976.45652173913
51-55,F,1,C,2,17,0.23529411764705882,P00000795,0.058823529411764705,6.0,0.17647058823529413,3729.2463962338998,2334.0588235294117
46-50,F,1,B,1,18,0.15625,P00077084,0.0625,14.0,0.09375,10089.748012644784,11934.40625
36-45,F,1,B,1,10,0.25,P00005857,0.05,12.0,0.15,3991.520439434208,3896.05
55+,F,1,C,3,3,0.16666666666666666,P00062501,0.047619047619047616,28.0,0.09523809523809523,9870.162469200231,11040.380952380952
46-50,M,1,B,4,12,0.15,P00001409,0.025,18.0,0.1,5153.733194093135,7289.1
18-25,M,0,A,1,17,0.2,P00004568,0.05,27.0,0.15,7544.440033456496,5117.55
55+,F,1,C,1,3,0.3225806451612903,P00085406,0.06451612903225806,21.0,0.06451612903225806,11304.068864460845,14539.322580645161
55+,F,1,C,5+,12,0.17073170731707318,P00008415,0.024390243902439025,20.0,0.12195121951219512,5641.849066379291,6797.365853658536
36-45,F,1,B,3,5,0.15,P00015635,0.05,36.0,0.2,3051.832158504824,2428.55
26-35,M,0,A,2,7,0.14893617021276595,P00024477,0.0425531914893617,14.0,0.10638297872340426,8688.501449583118,12129.31914893617
36-45,M,0,A,2,9,0.1875,P00000925,0.0625,35.0,0.125,6884.227535642616,8513.6875
36-45,M,1,A,3,3,0.16216216216216217,P00057831,0.05405405405405406,40.0,0.13513513513513514,9637.53179497215,12679.891891891892
18-25,M,0,A,2,8,0.3,P00019234,0.1,10.0,0.1,8345.377004332666,6299.7
46-50,M,1,A,3,3,0.2,P00005818,0.03333333333333333,10.0,0.1,10904.82300045555,9689.133333333333
46-50,M,1,B,4,3,0.18604651162790697,P00035048,0.046511627906976744,40.0,0.11627906976744186,6940.438222383035,6261.2558139534885
51-55,F,1,B,4,18,0.13513513513513514,P00004082,0.02702702702702703,20.0,0.13513513513513514,9825.202599367538,11599.216216216217
36-45,M,0,B,1,17,0.3333333333333333,P00006347,0.06666666666666667,8.0,0.13333333333333333,7888.462867347721,4835.133333333333
55+,F,1,C,1,17,0.26666666666666666,P00004398,0.06666666666666667,6.0,0.13333333333333333,5809.787929085913,4224.733333333334
26-35,M,0,A,2,7,0.25,P00002264,0.0625,27.0,0.125,5204.6079183098245,8116.375
55+,F,1,C,5+,11,0.16666666666666666,P00036410,0.047619047619047616,45.0,0.09523809523809523,6486.454052111291,6880.976190476191
55+,F,1,C,4,3,0.19047619047619047,P00000101,0.023809523809523808,42.0,0.09523809523809523,9565.271211866506,10121.095238095239
51-55,F,1,C,1,17,0.2,P00023970,0.05,42.0,0.15,11061.078994193536,8305.9
26-35,M,0,A,1,6,0.1875,P00004907,0.0625,45.0,0.1875,5850.733822920563,9264.0
51-55,F,1,B,3,12,0.1702127659574468,P00079375,0.0425531914893617,10.0,0.0851063829787234,8905.296081166925,9642.574468085106
26-35,M,0,B,2,20,0.2,P00015001,0.05,10.0,0.1,9797.241648733801,9124.65
46-50,F,1,B,2,3,0.17073170731707318,P00001110,0.024390243902439025,36.0,0.12195121951219512,8760.144528543784,10490.80487804878
55+,F,1,C,4,3,0.11363636363636363,P00062696,0.045454545454545456,12.0,0.09090909090909091,9067.798161306086,8684.75
36-45,M,1,B,3,7,0.3,P00000070,0.1,35.0,0.3,4410.360610098806,6398.6
46-50,F,1,B,4,3,0.16666666666666666,P00004424,0.08333333333333333,12.0,0.08333333333333333,5206.31972324079,5737.833333333333
55+,F,1,C,5+,10,0.15555555555555556,P00000148,0.044444444444444446,10.0,0.1111111111111111,5671.563577723662,5935.2444444444445
55+,F,1,C,2,5,0.3333333333333333,P00002084,0.06666666666666667,40.0,0.13333333333333333,2520.2718579739053,1843.6666666666667
55+,F,1,C,3,3,0.2857142857142857,P00096342,0.05714285714285714,14.0,0.08571428571428572,8532.392688844007,10814.342857142858
36-45,M,1,A,5+,20,0.1282051282051282,P00014365,0.05128205128205128,20.0,0.1282051282051282,8819.833878312316,11022.128205128205
46-50,F,1,B,2,10,0.17647058823529413,P00007255,0.058823529411764705,18.0,0.17647058823529413,8792.663354618273,4690.35294117647
55+,F,1,C,1,17,0.2727272727272727,P00041274,0.09090909090909091,5.0,0.09090909090909091,5373.400083238308,4012.3636363636365
55+,F,1,C,1,3,0.15789473684210525,P00003852,0.05263157894736842,16.0,0.15789473684210525,9627.707748232708,7511.473684210527
26-35,M,0,A,4,6,0.2631578947368421,P00004232,0.05263157894736842,9.0,0.10526315789473684,4200.446687468965,7088.526315789473
36-45,M,0,A,4,12,0.12195121951219512,P00045432,0.04878048780487805,9.0,0.0975609756097561,6946.918898191397,7156.1463414634145
46-50,M,1,B,5+,3,0.16666666666666666,P00034057,0.047619047619047616,5.0,0.09523809523809523,6781.635157197903,5894.238095238095
18-25,M,0,A,1,4,0.1111111111111111,P00001853,0.05555555555555555,27.0,0.1111111111111111,6799.526072488988,6378.888888888889
26-35,M,0,A,1,12,0.25,P00004405,0.08333333333333333,9.0,0.16666666666666666,6810.545786432311,8307.5
36-45,M,0,A,4,3,0.2222222222222222,P00055630,0.05555555555555555,28.0,0.1111111111111111,10000.011231739725,13315.222222222223
0-17,M,0,A,2,5,0.26666666666666666,P00024740,0.06666666666666667,4.0,0.06666666666666667,6829.294650882434,3920.0
18-25,M,0,A,1,16,0.23076923076923078,P00011630,0.07692307692307693,40.0,0.3076923076923077,6498.600953972659,5995.7692307692305
46-50,M,1,A,5+,12,0.1836734693877551,P00029962,0.04081632653061224,10.0,0.10204081632653061,7205.277938196878,8034.714285714285
55+,F,1,C,3,8,0.15789473684210525,P00009397,0.05263157894736842,18.0,0.15789473684210525,4241.7101765941325,3075.0
36-45,M,0,B,2,17,0.2,P00003227,0.06666666666666667,40.0,0.13333333333333333,10070.0940909209,8314.0
36-45,F,1,B,1,10,0.1875,P00001085,0.0625,10.0,0.125,6863.983561254111,4096.0625
26-35,M,0,A,2,3,0.1590909090909091,P00008655,0.022727272727272728,18.0,0.06818181818181818,9303.556072496169,10325.181818181818
55+,F,1,C,2,11,0.25,P00005776,0.0625,32.0,0.125,4764.969146017632,4388.1875
26-35,M,0,A,2,9,0.13333333333333333,P00001575,0.06666666666666667,13.0,0.13333333333333333,9369.492224387464,11452.4
46-50,F,1,B,3,3,0.15555555555555556,P00023520,0.044444444444444446,40.0,0.08888888888888889,9438.444022114336,12464.622222222222
26-35,M,0,A,4,3,0.15555555555555556,P00019226,0.044444444444444446,42.0,0.08888888888888889,9870.398158947875,9573.044444444444
55+,F,1,C,1,10,0.15384615384615385,P00014343,0.07692307692307693,7.0,0.15384615384615385,9329.384227488037,6127.692307692308
51-55,F,1,C,2,15,0.23529411764705882,P00014665,0.058823529411764705,4.0,0.11764705882352941,1428.5457743494833,763.1764705882352
55+,F,1,C,5+,1,0.2222222222222222,P00016835,0.05555555555555555,36.0,0.16666666666666666,7118.974647106407,8450.555555555555
55+,F,1,C,2,3,0.15789473684210525,P00000148,0.05263157894736842,12.0,0.10526315789473684,8435.105072540313,6605.8421052631575
26-35,M,0,B,1,4,0.2,P00003235,0.1,12.0,0.1,2382.569353077098,1398.5
51-55,F,1,C,2,16,0.2777777777777778,P00003448,0.05555555555555555,4.0,0.1111111111111111,8456.821034900755,6530.388888888889
51-55,F,1,C,2,14,0.25,P00013551,0.08333333333333333,40.0,0.16666666666666666,3934.3792962765674,2932.4166666666665
51-55,F,1,C,3,9,0.2,P00000215,0.1,6.0,0.1,5431.11163268319,5936.3
46-50,F,1,B,2,4,0.25,P00005612,0.0625,14.0,0.1875,8236.7804852685,6501.3125
36-45,M,1,A,5+,20,0.21212121212121213,P00007362,0.030303030303030304,7.0,0.09090909090909091,9428.848733709849,13321.454545454546
26-35,M,0,A,1,3,0.16666666666666666,P00052838,0.05555555555555555,10.0,0.08333333333333333,11351.718196637592,11389.611111111111
51-55,F,1,C,1,3,0.17142857142857143,P00009771,0.02857142857142857,14.0,0.11428571428571428,7455.656925330947,9593.6
0-17,M,0,A,5+,16,0.2,P00013324,0.05,16.0,0.1,7066.527475023582,5196.15
18-25,M,0,A,1,4,0.2631578947368421,P00004979,0.05263157894736842,18.0,0.10526315789473684,3200.536098185658,2291.7368421052633
26-35,M,0,B,2,3,0.15,P00005857,0.05,21.0,0.15,7550.167418150756,5793.4
26-35,M,0,A,5+,18,0.18421052631578946,P00004898,0.02631578947368421,14.0,0.07894736842105263,8461.192791305244,13270.815789473685
55+,F,1,C,5+,13,0.15625,P00088465,0.0625,7.0,0.09375,8277.649644926585,11151.96875
26-35,M,0,A,2,1,0.12903225806451613,P00003936,0.03225806451612903,20.0,0.12903225806451613,8818.218931549114,9782.516129032258
26-35,M,0,A,3,3,0.25,P00014993,0.05555555555555555,35.0,0.08333333333333333,9448.392417013227,13965.138888888889
55+,F,1,C,1,3,0.1951219512195122,P00000070,0.024390243902439025,30.0,0.12195121951219512,6783.261439821969,7107.195121951219
46-50,M,1,B,4,12,0.14,P00073508,0.04,40.0,0.1,5841.783334788466,6196.8
46-50,M,1,B,4,3,0.20930232558139536,P00000610,0.023255813953488372,21.0,0.06976744186046512,9453.50933930622,12611.06976744186
46-50,M,1,A,4,20,0.1794871794871795,P00024866,0.05128205128205128,39.0,0.10256410256410256,10044.768914542472,13447.923076923076
55+,F,1,C,1,10,0.26666666666666666,P00007781,0.06666666666666667,7.0,0.13333333333333333,4754.708676669897,3738.8
0-17,M,0,A,1,5,0.15384615384615385,P00003658,0.07692307692307693,40.0,0.3076923076923077,9899.33728551097,6440.2307692307695
51-55,F,1,B,4,7,0.13636363636363635,P00006603,0.022727272727272728,21.0,0.09090909090909091,7583.05632975329,8936.045454545454
26-35,M,0,A,1,11,0.12,P00000285,0.02,40.0,0.08,10616.313780946297,12983.48
55+,F,1,C,1,19,0.16129032258064516,P00000404,0.03225806451612903,39.0,0.12903225806451613,10168.630041265591,13512.870967741936
55+,F,1,C,5+,3,0.11363636363636363,P00000148,0.022727272727272728,40.0,0.1590909090909091,7349.331583527172,7876.704545454545
36-45,M,0,B,2,9,0.17647058823529413,P00000809,0.058823529411764705,30.0,0.17647058823529413,5324.626107420457,5221.941176470588
0-17,M,0,A,2,10,0.26666666666666666,P00000772,0.06666666666666667,6.0,0.06666666666666667,8818.416531544059,5494.466666666666
36-45,M,1,B,3,12,0.2,P00000105,0.05,10.0,0.15,7336.865451984677,9932.15
51-55,F,1,C,4,12,0.14634146341463414,P00001853,0.024390243902439025,10.0,0.12195121951219512,7771.236876472362,7371.09756097561
46-50,M,1,B,3,3,0.16666666666666666,P00038508,0.041666666666666664,9.0,0.0625,7761.060302644,9464.5
26-35,M,0,A,2,13,0.14634146341463414,P00000215,0.024390243902439025,36.0,0.07317073170731707,9408.485793388341,9425.975609756097
36-45,M,0,B,1,3,0.3076923076923077,P00023649,0.07692307692307693,30.0,0.15384615384615385,5061.835644283958,3688.6153846153848
36-45,M,0,A,2,12,0.14893617021276595,P00001029,0.02127659574468085,36.0,0.0851063829787234,7251.758180574433,8356.170212765957
46-50,F,1,B,2,3,0.2,P00002815,0.022222222222222223,20.0,0.1111111111111111,10238.040156221505,12967.622222222222
18-25,M,0,A,2,15,0.25,P00025639,0.08333333333333333,6.0,0.16666666666666666,6426.757664898633,4836.916666666667
46-50,M,1,B,5+,6,0.125,P00000148,0.020833333333333332,27.0,0.08333333333333333,8418.371451392306,7933.25
55+,F,1,C,5+,10,0.13953488372093023,P00000247,0.023255813953488372,21.0,0.09302325581395349,7505.726004077386,7020.906976744186
46-50,M,1,A,5+,3,0.17073170731707318,P00006347,0.024390243902439025,36.0,0.12195121951219512,6260.015994875537,6728.487804878048
46-50,F,1,C,2,17,0.2631578947368421,P00005451,0.05263157894736842,6.0,0.10526315789473684,3996.2063164927567,2353.4210526315787
18-25,M,0,A,2,3,0.15789473684210525,P00019026,0.05263157894736842,42.0,0.15789473684210525,8749.46802225796,5912.315789473684
36-45,M,0,B,2,5,0.15,P00006275,0.05,27.0,0.1,8937.91641370745,5797.35
18-25,M,0,A,2,17,0.3157894736842105,P00001282,0.05263157894736842,12.0,0.15789473684210525,5094.467912921768,2229.7368421052633
36-45,M,0,B,1,10,0.2,P00002346,0.06666666666666667,4.0,0.06666666666666667,2146.1762675578566,1395.0
51-55,F,1,C,3,11,0.2,P00011460,0.1,30.0,0.3,4323.557819923567,4845.0
26-35,M,0,A,5+,3,0.19148936170212766,P00034037,0.0425531914893617,11.0,0.06382978723404255,10100.988755789622,11955.63829787234
55+,F,1,C,2,13,0.16326530612244897,P00001575,0.02040816326530612,42.0,0.12244897959183673,9957.326068632825,13064.979591836734
46-50,F,1,B,3,9,0.15789473684210525,P00006213,0.05263157894736842,30.0,0.15789473684210525,4862.88905116872,5566.421052631579
46-50,M,1,A,5+,3,0.15384615384615385,P00028582,0.07692307692307693,36.0,0.10256410256410256,8961.618314066804,11496.666666666666
51-55,F,1,B,1,18,0.18421052631578946,P00004270,0.02631578947368421,21.0,0.10526315789473684,9561.15489287203,14045.078947368422
51-55,F,1,B,2,3,0.23333333333333334,P00046599,0.06666666666666667,21.0,0.13333333333333333,9434.430225959899,12687.366666666667
51-55,F,1,C,1,4,0.15,P00000795,0.05,44.0,0.15,7591.3572262700245,4878.7
26-35,M,0,A,3,5,0.18181818181818182,P00005057,0.09090909090909091,18.0,0.18181818181818182,2883.1155654320146,3687.181818181818
36-45,M,0,A,4,3,0.16279069767441862,P00000221,0.023255813953488372,20.0,0.11627906976744186,5150.669598117327,6870.976744186047
51-55,F,1,C,2,12,0.375,P00004189,0.0625,20.0,0.125,5037.59038256387,7058.9375
26-35,M,0,A,5+,3,0.16279069767441862,P00001039,0.023255813953488372,27.0,0.13953488372093023,6848.574199730462,8026.953488372093
51-55,F,1,C,3,4,0.23076923076923078,P00010326,0.07692307692307693,8.0,0.07692307692307693,9390.817545169679,5263.0
55+,F,1,C,3,12,0.18181818181818182,P00091499,0.045454545454545456,7.0,0.11363636363636363,7051.171089515217,7494.818181818182
36-45,M,1,B,2,14,0.23529411764705882,P00002815,0.058823529411764705,18.0,0.11764705882352941,3480.885600845921,5468.235294117647
51-55,F,1,C,1,10,0.21052631578947367,P00005394,0.05263157894736842,30.0,0.15789473684210525,9050.23987533864,7399.631578947368
26-35,M,0,A,5+,3,0.17391304347826086,P00091957,0.043478260869565216,27.0,0.10869565217391304,5813.606646114681,5169.826086956522
46-50,F,1,B,4,16,0.13513513513513514,P00009387,0.02702702702702703,42.0,0.13513513513513514,9627.475489701586,11077.027027027027
55+,F,1,C,3,3,0.1875,P00022092,0.0625,21.0,0.125,6051.661870580125,7911.0625
46-50,M,1,B,1,18,0.1891891891891892,P00034573,0.05405405405405406,20.0,0.13513513513513514,9842.906293763432,12856.432432432432
26-35,M,0,B,1,4,0.2,P00000404,0.05,36.0,0.15,6918.989777188726,4928.2
51-55,F,1,C,5+,3,0.17647058823529413,P00005057,0.11764705882352941,7.0,0.11764705882352941,5636.346484308472,7625.235294117647
26-35,M,0,A,4,13,0.14,P00066727,0.04,42.0,0.08,10478.357589813395,14264.34
55+,F,1,C,1,3,0.1111111111111111,P00000247,0.027777777777777776,21.0,0.1111111111111111,8939.94618441066,10233.638888888889
26-35,M,0,A,5+,8,0.1282051282051282,P00074467,0.05128205128205128,30.0,0.10256410256410256,7991.3914192157235,7690.641025641025
55+,F,1,C,2,5,0.16666666666666666,P00004398,0.08333333333333333,40.0,0.16666666666666666,3249.7405898802376,3084.4166666666665
0-17,M,0,A,1,5,0.2222222222222222,P00009690,0.05555555555555555,4.0,0.1111111111111111,9102.80051283508,5928.666666666667
26-35,M,0,A,4,3,0.14705882352941177,P00005311,0.029411764705882353,10.0,0.08823529411764706,9564.64474760825,11420.941176470587
36-45,M,0,B,3,5,0.2,P00001794,0.05,4.0,0.1,6719.38582406395,3820.8
51-55,F,1,B,5+,3,0.1590909090909091,P00000947,0.022727272727272728,30.0,0.06818181818181818,8528.629584886103,9170.90909090909
26-35,M,0,A,2,19,0.15789473684210525,P00002002,0.05263157894736842,8.0,0.10526315789473684,8163.343380034364,7234.8421052631575
18-25,M,0,A,2,17,0.23529411764705882,P00007232,0.058823529411764705,30.0,0.11764705882352941,7644.03647892764,4585.764705882353
26-35,M,0,A,1,3,0.1935483870967742,P00000101,0.03225806451612903,10.0,0.12903225806451613,9118.8330518744,10197.806451612903
36-45,M,1,A,5+,17,0.21428571428571427,P00000947,0.023809523809523808,28.0,0.07142857142857142,6076.161270070693,6272.690476190476
46-50,F,1,B,5+,20,0.1875,P00001575,0.020833333333333332,14.0,0.125,9299.754818319196,12359.75
51-55,F,1,B,1,3,0.17073170731707318,P00053573,0.04878048780487805,35.0,0.0975609756097561,9729.190164265421,10442.439024390244
55+,F,1,C,1,4,0.16666666666666666,P00000526,0.05555555555555555,20.0,0.2222222222222222,6077.102018328841,3721.3333333333335
36-45,M,1,A,4,13,0.16326530612244897,P00002152,0.02040816326530612,20.0,0.08163265306122448,9278.028562375292,12250.530612244898
36-45,M,1,A,5+,3,0.2222222222222222,P00038508,0.05555555555555555,20.0,0.16666666666666666,10781.321560333019,10350.611111111111
0-17,M,0,A,1,10,0.1875,P00006469,0.0625,7.0,0.125,4800.025553751424,4372.625
51-55,F,1,C,4,3,0.2,P00036897,0.05,18.0,0.1,6608.914451960574,5851.15
51-55,F,1,C,1,20,0.21212121212121213,P00001575,0.06060606060606061,13.0,0.09090909090909091,9948.17142783415,14133.151515151516
51-55,F,1,B,5+,11,0.13043478260869565,P00003492,0.043478260869565216,24.0,0.10869565217391304,6647.242952645674,5836.130434782609
36-45,M,1,A,4,3,0.22,P00097209,0.06,10.0,0.08,8777.156195674388,8038.88
55+,F,1,C,2,17,0.14893617021276595,P00001069,0.02127659574468085,42.0,0.14893617021276595,6800.0112848847975,7351.702127659574
26-35,M,0,B,1,1,0.13333333333333333,P00003982,0.06666666666666667,18.0,0.13333333333333333,4804.528343136296,5446.2
26-35,M,0,A,5+,8,0.17391304347826086,P00017752,0.043478260869565216,10.0,0.08695652173913043,4143.133535647011,5966.195652173913
26-35,M,0,A,2,8,0.25,P00001029,0.0625,27.0,0.125,6910.30468696328,6851.25
51-55,F,1,C,2,4,0.2,P00004358,0.1,40.0,0.3,5371.854106772115,5030.1
55+,F,1,C,2,12,0.125,P00003161,0.025,10.0,0.1,7932.42037286192,9546.45
55+,F,1,C,5+,3,0.13953488372093023,P00003492,0.023255813953488372,30.0,0.11627906976744186,6710.241558467099,7120.418604651163
51-55,F,1,C,5+,12,0.16,P00000221,0.02,30.0,0.08,5430.068061699951,5403.22
26-35,M,0,A,5+,9,0.125,P00001575,0.0625,27.0,0.125,8305.035154450983,9748.875
51-55,F,1,B,1,3,0.2,P00007161,0.02,14.0,0.08,9526.494073597367,13597.82
55+,F,1,C,4,8,0.12195121951219512,P00059268,0.07317073170731707,30.0,0.0975609756097561,7517.043719312052,6228.1463414634145
46-50,M,1,B,5+,20,0.18,P00043044,0.04,28.0,0.08,9693.814453283798,12835.72
51-55,F,1,C,2,3,0.2,P00002538,0.06666666666666667,36.0,0.13333333333333333,6667.2365646888375,4448.533333333334
51-55,F,1,C,1,17,0.25,P00003227,0.08333333333333333,24.0,0.16666666666666666,5956.729051453007,4839.583333333333
26-35,M,0,A,1,3,0.21428571428571427,P00000947,0.023809523809523808,36.0,0.11904761904761904,9188.786479525914,11318.761904761905
55+,F,1,C,3,10,0.1875,P00008270,0.0625,42.0,0.125,10357.13204974395,6825.1875
36-45,M,0,B,2,4,0.25,P00003235,0.08333333333333333,24.0,0.16666666666666666,1794.6463313269985,992.0
36-45,M,1,A,2,18,0.14,P00040352,0.04,14.0,0.12,10254.819979633667,11685.04
36-45,F,1,B,3,16,0.2,P00003018,0.05,20.0,0.1,5547.314004139869,4485.65
51-55,F,1,C,4,3,0.18181818181818182,P00002379,0.045454545454545456,14.0,0.09090909090909091,7681.952004701474,7512.954545454545
36-45,M,1,B,5+,3,0.125,P00004405,0.0625,10.0,0.125,5832.058744560106,5638.0
51-55,F,1,C,1,11,0.16,P00005254,0.02,10.0,0.1,6874.798504832038,7625.74
55+,F,1,C,2,16,0.25,P00002346,0.0625,7.0,0.125,8369.53636310479,4460.0
46-50,F,1,B,2,3,0.2,P00018089,0.1,24.0,0.2,7818.846960318951,4963.3
51-55,F,1,B,1,3,0.175,P00006098,0.025,30.0,0.1,4964.678299284317,7083.0
36-45,M,0,A,4,3,0.325,P00070874,0.05,20.0,0.1,9862.957918230966,13743.775
55+,F,1,C,1,1,0.15789473684210525,P00017884,0.05263157894736842,42.0,0.21052631578947367,5137.150970486195,6931.263157894737
36-45,M,0,A,1,3,0.15384615384615385,P00008415,0.07692307692307693,3.0,0.15384615384615385,8073.136115760079,9388.923076923076
26-35,M,0,B,3,4,0.2,P00009387,0.1,4.0,0.1,7954.932603248265,4956.5
46-50,M,1,B,2,19,0.20588235294117646,P00003658,0.029411764705882353,21.0,0.08823529411764706,10249.329833315229,13521.70588235294
51-55,F,1,C,2,15,0.25,P00077359,0.1,20.0,0.15,7262.047028359515,3826.9
46-50,F,1,B,1,10,0.2222222222222222,P00000936,0.05555555555555555,36.0,0.1111111111111111,7628.995761570808,4979.722222222223
51-55,F,1,C,5+,7,0.16666666666666666,P00000247,0.05555555555555555,35.0,0.1111111111111111,4750.311934717991,7470.777777777777
46-50,M,1,A,2,3,0.1590909090909091,P00000936,0.022727272727272728,20.0,0.09090909090909091,10491.406686000551,12496.568181818182
36-45,M,0,A,1,3,0.1891891891891892,P00063463,0.05405405405405406,7.0,0.13513513513513514,10280.795802676774,13465.675675675675
55+,F,1,C,1,16,0.29411764705882354,P00000148,0.058823529411764705,18.0,0.11764705882352941,5072.215984424072,2660.3529411764707
26-35,M,0,A,5+,12,0.2,P00018479,0.05,10.0,0.15,4744.714631760492,6174.9
36-45,M,1,B,4,11,0.15384615384615385,P00005451,0.07692307692307693,24.0,0.15384615384615385,8224.754946859963,7857.538461538462
55+,F,1,C,4,11,0.17391304347826086,P00000526,0.021739130434782608,20.0,0.10869565217391304,6691.656131058178,8557.847826086956
46-50,M,1,A,5+,3,0.0975609756097561,P00009923,0.024390243902439025,10.0,0.12195121951219512,6542.1508161475085,6219.268292682927
55+,F,1,C,4,3,0.2,P00001457,0.022222222222222223,30.0,0.1111111111111111,6201.730709888957,6711.555555555556
46-50,F,1,C,1,3,0.13333333333333333,P00004898,0.06666666666666667,21.0,0.13333333333333333,9805.260122335698,8992.733333333334
55+,F,1,C,2,14,0.23529411764705882,P00003676,0.058823529411764705,40.0,0.23529411764705882,3406.9735200286586,5246.764705882353
18-25,M,0,A,2,16,0.2727272727272727,P00021729,0.09090909090909091,4.0,0.18181818181818182,7512.306797394646,5905.272727272727
55+,F,1,C,2,3,0.1836734693877551,P00000947,0.02040816326530612,10.0,0.08163265306122448,9530.914261355672,12883.734693877552
36-45,M,0,A,5+,8,0.125,P00056724,0.041666666666666664,21.0,0.125,8548.876999369835,8111.583333333333
36-45,M,1,A,4,11,0.16666666666666666,P00087183,0.047619047619047616,40.0,0.14285714285714285,5834.644303127533,6750.952380952381
18-25,M,0,A,2,3,0.21052631578947367,P00011460,0.05263157894736842,6.0,0.10526315789473684,7882.918726903808,7065.105263157895
36-45,M,1,A,3,3,0.18,P00000947,0.04,13.0,0.08,9504.439301952,11694.62
55+,F,1,C,5+,10,0.29411764705882354,P00007801,0.058823529411764705,42.0,0.17647058823529413,6114.158236517638,3125.764705882353
46-50,F,1,C,1,4,0.25,P00005989,0.0625,20.0,0.125,361.5407768611078,516.5
26-35,M,0,A,3,3,0.1,P00008016,0.05,36.0,0.25,6533.138792663946,6716.8
26-35,M,0,A,4,3,0.14893617021276595,P00000518,0.02127659574468085,14.0,0.10638297872340426,6800.7337151097,7344.744680851064
51-55,F,1,B,5+,3,0.19047619047619047,P00071843,0.047619047619047616,35.0,0.14285714285714285,9452.063972749429,15236.142857142857
51-55,F,1,C,5+,13,0.11428571428571428,P00008270,0.05714285714285714,40.0,0.08571428571428572,9590.501079609092,9971.42857142857
55+,F,1,C,2,16,0.2,P00004403,0.05,16.0,0.1,5435.426323036483,3191.55
46-50,M,1,B,2,3,0.16666666666666666,P00091846,0.05555555555555555,42.0,0.1111111111111111,8664.615905353312,9576.888888888889
26-35,M,0,A,3,3,0.25,P00004907,0.03125,18.0,0.09375,9665.097850861825,14144.28125
55+,F,1,C,1,4,0.21428571428571427,P00002387,0.07142857142857142,40.0,0.14285714285714285,7480.215619872211,5534.785714285715
36-45,M,0,A,2,20,0.14634146341463414,P00000404,0.024390243902439025,20.0,0.12195121951219512,9838.483935856051,12994.487804878048
51-55,F,1,B,5+,3,0.1836734693877551,P00021075,0.04081632653061224,20.0,0.10204081632653061,7971.739709163004,8589.265306122448
46-50,M,1,A,5+,11,0.13636363636363635,P00002469,0.022727272727272728,21.0,0.11363636363636363,7405.005913342573,7462.931818181818
26-35,M,0,B,3,5,0.14285714285714285,P00012621,0.07142857142857142,7.0,0.14285714285714285,7381.695505300056,6077.071428571428
46-50,M,1,A,4,3,0.1951219512195122,P00000936,0.024390243902439025,7.0,0.07317073170731707,9887.910292125525,13210.170731707318
26-35,M,0,A,1,5,0.25,P00003745,0.05,40.0,0.1,3687.068632753068,2685.05
26-35,M,0,A,2,12,0.2857142857142857,P00014700,0.07142857142857142,42.0,0.21428571428571427,7024.736303368841,7218.857142857143
51-55,F,1,C,2,13,0.2727272727272727,P00000947,0.09090909090909091,20.0,0.18181818181818182,8797.717571775493,5749.545454545455
51-55,F,1,B,5+,3,0.1,P00010273,0.04,21.0,0.12,5817.415485086351,5979.18
26-35,M,0,A,2,3,0.15555555555555556,P00004855,0.022222222222222223,13.0,0.06666666666666667,9578.924318997979,10525.933333333332
46-50,M,1,B,5+,11,0.15217391304347827,P00001576,0.021739130434782608,42.0,0.08695652173913043,6594.272667111405,7723.760869565217
55+,F,1,C,5+,12,0.1951219512195122,P00000404,0.04878048780487805,20.0,0.12195121951219512,7210.776614917696,6850.90243902439
51-55,F,1,C,4,10,0.14285714285714285,P00001790,0.023809523809523808,40.0,0.09523809523809523,4022.1992961190217,5686.428571428572
51-55,F,1,C,1,17,0.2,P00009447,0.05,20.0,0.2,6172.532938028977,4756.15
55+,F,1,C,1,15,0.1875,P00014882,0.0625,40.0,0.1875,6752.133034580012,4240.125
36-45,M,1,A,2,3,0.1875,P00022507,0.041666666666666664,20.0,0.08333333333333333,9267.696658821385,11904.708333333334
46-50,M,1,B,1,10,0.1702127659574468,P00000370,0.02127659574468085,42.0,0.0851063829787234,5388.784828411645,5240.829787234043
26-35,M,0,A,4,7,0.2857142857142857,P00002084,0.07142857142857142,27.0,0.14285714285714285,4666.458254699933,7271.214285714285
36-45,M,0,B,4,6,0.2,P00001282,0.06666666666666667,6.0,0.06666666666666667,4028.4063291059597,3239.133333333333
36-45,M,0,A,3,11,0.1875,P00005989,0.020833333333333332,20.0,0.10416666666666667,8140.151058834124,8793.125
36-45,M,0,B,5+,17,0.2727272727272727,P00017709,0.09090909090909091,8.0,0.09090909090909091,8648.000868303716,4827.727272727273
26-35,M,0,A,4,3,0.22448979591836735,P00009929,0.02040816326530612,42.0,0.12244897959183673,9889.421760143512,12074.714285714286
26-35,M,0,B,2,4,0.1875,P00001110,0.0625,12.0,0.125,7457.2635617340675,4119.6875
46-50,F,1,C,2,4,0.125,P00000337,0.0625,44.0,0.125,6313.910140845105,3986.25
51-55,F,1,B,4,3,0.15789473684210525,P00000238,0.02631578947368421,42.0,0.10526315789473684,8567.035447152872,12690.842105263158
51-55,F,1,B,5+,3,0.16,P00012393,0.04,7.0,0.08,7805.234350153514,7590.38
0-17,M,0,A,1,12,0.1875,P00004398,0.0625,4.0,0.125,3701.029145161293,3120.25
51-55,F,1,B,3,3,0.1836734693877551,P00014993,0.04081632653061224,14.0,0.061224489795918366,10721.926621033963,13518.30612244898
55+,F,1,C,5+,3,0.15384615384615385,P00002733,0.07692307692307693,35.0,0.15384615384615385,5168.133808649169,8725.307692307691
46-50,F,1,B,1,6,0.15384615384615385,P00012283,0.07692307692307693,27.0,0.15384615384615385,8472.662430822242,5583.0
26-35,M,0,A,1,3,0.2857142857142857,P00003982,0.07142857142857142,35.0,0.21428571428571427,6476.756529533679,10940.285714285714
51-55,F,1,C,1,3,0.2222222222222222,P00001029,0.05555555555555555,10.0,0.16666666666666666,7009.07250933934,7474.833333333333
36-45,M,0,B,5+,5,0.16666666666666666,P00005758,0.08333333333333333,4.0,0.16666666666666666,2149.042894787436,1300.5
46-50,F,1,B,2,20,0.1891891891891892,P00000070,0.02702702702702703,20.0,0.10810810810810811,10366.839377490069,13202.351351351352
18-25,M,0,A,3,17,0.16666666666666666,P00000795,0.05555555555555555,16.0,0.1111111111111111,5803.097186633732,3901.6111111111113
26-35,M,0,A,1,3,0.17777777777777778,P00006603,0.044444444444444446,9.0,0.08888888888888889,10169.654207692629,12353.422222222222
26-35,M,0,A,4,3,0.15625,P00000101,0.03125,44.0,0.125,9760.782512537426,11551.03125
46-50,F,1,B,3,10,0.10416666666666667,P00000221,0.020833333333333332,13.0,0.0625,8989.850472391488,11602.375
36-45,M,1,A,5+,12,0.15,P00001853,0.025,9.0,0.1,8566.158410705915,11011.325
51-55,F,1,C,3,3,0.16666666666666666,P00000953,0.08333333333333333,6.0,0.08333333333333333,10817.111527014908,11796.833333333334
26-35,M,0,A,5+,3,0.14634146341463414,P00000947,0.07317073170731707,12.0,0.04878048780487805,10019.368240575048,13053.90243902439
46-50,M,1,B,1,3,0.15384615384615385,P00003018,0.02564102564102564,42.0,0.1282051282051282,9111.47514628836,10048.358974358975
26-35,M,0,A,3,20,0.14634146341463414,P00000404,0.024390243902439025,14.0,0.07317073170731707,9479.788372522082,10273.634146341463
18-25,M,0,A,2,5,0.16666666666666666,P00000101,0.05555555555555555,4.0,0.16666666666666666,8266.005791301506,5602.277777777777
55+,F,1,C,4,11,0.16279069767441862,P00004232,0.023255813953488372,30.0,0.16279069767441862,5500.114659330361,6505.139534883721
46-50,F,1,C,2,5,0.17647058823529413,P00007992,0.058823529411764705,20.0,0.11764705882352941,8361.982435843367,6676.411764705882
55+,F,1,C,1,5,0.18181818181818182,P00002370,0.09090909090909091,12.0,0.18181818181818182,8814.251339321298,6419.454545454545
36-45,M,0,A,5+,3,0.12195121951219512,P00000070,0.024390243902439025,9.0,0.0975609756097561,5558.174552942324,5930.195121951219
26-35,M,0,A,5+,1,0.3125,P00006469,0.0625,9.0,0.125,4469.784215056323,6253.4375
55+,F,1,C,1,4,0.15789473684210525,P00000105,0.05263157894736842,40.0,0.15789473684210525,6464.892599389214,3540.8947368421054
55+,F,1,C,4,11,0.18181818181818182,P00033328,0.045454545454545456,18.0,0.11363636363636363,4653.307125817955,5896.045454545455
26-35,M,0,A,2,1,0.14285714285714285,P00001156,0.07142857142857142,28.0,0.21428571428571427,6875.317586670626,8770.92857142857
46-50,F,1,B,5+,3,0.26666666666666666,P00088465,0.044444444444444446,20.0,0.08888888888888889,9300.457674032212,14342.68888888889
26-35,M,0,A,4,9,0.13043478260869565,P00003088,0.021739130434782608,30.0,0.08695652173913043,5870.746147839059,6986.391304347826
46-50,M,1,B,3,3,0.14285714285714285,P00000105,0.023809523809523808,18.0,0.09523809523809523,9496.275386121615,10815.285714285714
51-55,F,1,C,1,4,0.1111111111111111,P00003451,0.05555555555555555,20.0,0.1111111111111111,9291.356087133274,7214.055555555556
26-35,M,0,A,2,10,0.26666666666666666,P00008270,0.06666666666666667,36.0,0.26666666666666666,4263.274894792902,1922.4
55+,F,1,C,1,20,0.13333333333333333,P00024972,0.06666666666666667,27.0,0.13333333333333333,10146.242438153797,11838.2
0-17,M,0,A,1,5,0.36363636363636365,P00034411,0.09090909090909091,10.0,0.18181818181818182,4554.64987378034,3026.4545454545455
26-35,M,0,A,5+,3,0.13157894736842105,P00003003,0.02631578947368421,9.0,0.13157894736842105,8634.609178639881,11086.815789473685
55+,F,1,C,5+,10,0.12195121951219512,P00006542,0.024390243902439025,36.0,0.0975609756097561,7783.107588812093,7183.756097560976
26-35,M,0,A,1,3,0.25,P00005261,0.03125,12.0,0.09375,10091.529390909023,12289.1875
36-45,F,1,B,2,16,0.2,P00001029,0.05,12.0,0.15,6716.348338000971,3840.05
51-55,F,1,C,2,5,0.16666666666666666,P00004898,0.05555555555555555,7.0,0.1111111111111111,6764.235324810319,4727.666666666667
46-50,F,1,B,1,5,0.25,P00000285,0.05,6.0,0.1,7052.606040173712,3986.8
26-35,M,0,A,2,10,0.3333333333333333,P00014175,0.1111111111111111,9.0,0.1111111111111111,4560.764537158073,2191.8888888888887
46-50,F,1,B,1,10,0.15789473684210525,P00000953,0.05263157894736842,36.0,0.10526315789473684,8089.483793953208,5387.9473684210525
26-35,M,0,A,4,18,0.19444444444444445,P00004622,0.05555555555555555,40.0,0.1111111111111111,9939.58061629251,12540.972222222223
26-35,M,0,A,5+,10,0.14893617021276595,P00006347,0.0425531914893617,18.0,0.14893617021276595,5566.627305785534,6843.297872340426
36-45,M,1,A,1,3,0.2564102564102564,P00000404,0.02564102564102564,39.0,0.10256410256410256,10141.700495709256,13120.28205128205
36-45,M,0,A,4,3,0.1956521739130435,P00016119,0.043478260869565216,10.0,0.10869565217391304,8675.693121038501,11979.739130434782
51-55,F,1,C,2,4,0.2631578947368421,P00018415,0.05263157894736842,20.0,0.21052631578947367,4730.319164460345,3552.7894736842104
26-35,M,0,A,2,3,0.36363636363636365,P00003658,0.09090909090909091,36.0,0.2727272727272727,3441.744850825206,2867.2727272727275
26-35,M,0,A,4,11,0.14583333333333334,P00001029,0.020833333333333332,36.0,0.10416666666666667,5726.449759605926,6321.958333333333
55+,F,1,C,5+,10,0.2222222222222222,P00009387,0.05555555555555555,4.0,0.1111111111111111,9549.933467926887,7082.777777777777
36-45,M,1,B,3,17,0.21052631578947367,P00004819,0.05263157894736842,7.0,0.10526315789473684,7463.77899126236,8342.947368421053
18-25,M,0,A,5+,5,0.15,P00002387,0.05,42.0,0.15,5717.611909244702,3558.45
46-50,F,1,B,3,3,0.1388888888888889,P00029424,0.05555555555555555,6.0,0.05555555555555555,10984.767579164067,11965.444444444445
18-25,M,0,A,4,11,0.2222222222222222,P00000215,0.05555555555555555,20.0,0.1111111111111111,6686.09519384644,9869.0
55+,F,1,C,3,16,0.23529411764705882,P00002815,0.058823529411764705,20.0,0.17647058823529413,6464.60929566422,3039.705882352941
46-50,M,1,B,4,3,0.16326530612244897,P00000518,0.02040816326530612,7.0,0.08163265306122448,6794.833720991144,6385.530612244898
51-55,F,1,C,1,16,0.3,P00001802,0.05,42.0,0.2,9526.94702299469,6090.0
36-45,M,0,B,3,4,0.18181818181818182,P00007255,0.09090909090909091,44.0,0.2727272727272727,8913.982014993993,4935.181818181818
46-50,M,1,B,1,3,0.18181818181818182,P00082148,0.06060606060606061,44.0,0.09090909090909091,9675.27804725356,12347.666666666666
36-45,M,0,A,2,3,0.18181818181818182,P00091299,0.06060606060606061,40.0,0.09090909090909091,8316.141442090104,8724.787878787878
46-50,M,1,A,4,1,0.16279069767441862,P00000781,0.023255813953488372,20.0,0.11627906976744186,6884.215442125494,7382.279069767442
51-55,F,1,B,4,11,0.15,P00026245,0.05,18.0,0.125,5526.355067091156,6110.675
46-50,M,1,A,5+,17,0.21621621621621623,P00038673,0.05405405405405406,21.0,0.08108108108108109,8913.72698725417,8330.594594594595
18-25,M,0,A,1,17,0.23529411764705882,P00037169,0.11764705882352941,8.0,0.17647058823529413,6428.383594057914,4905.411764705882
26-35,M,0,A,2,18,0.15217391304347827,P00071018,0.043478260869565216,44.0,0.10869565217391304,10022.023355763959,13016.108695652174
26-35,M,0,A,3,3,0.175,P00003382,0.025,27.0,0.075,9031.943036544499,10493.9
51-55,F,1,C,2,5,0.14285714285714285,P00013551,0.07142857142857142,40.0,0.21428571428571427,6997.111072623999,5944.857142857143
46-50,M,1,B,3,12,0.14583333333333334,P00002627,0.020833333333333332,40.0,0.10416666666666667,6249.773337131051,6560.854166666667
18-25,M,0,A,2,9,0.17647058823529413,P00006613,0.058823529411764705,16.0,0.23529411764705882,8066.016945202516,6798.117647058823
51-55,F,1,C,2,5,0.15384615384615385,P00004082,0.07692307692307693,16.0,0.15384615384615385,8320.17169833313,5500.615384615385
46-50,F,1,C,5+,10,0.21052631578947367,P00022305,0.05263157894736842,36.0,0.15789473684210525,6238.050828612322,4288.8421052631575
46-50,F,1,B,2,5,0.2,P00001409,0.05,20.0,0.1,4557.973128716893,2817.9
36-45,M,1,A,5+,3,0.14583333333333334,P00036562,0.041666666666666664,10.0,0.08333333333333333,9656.667771907842,12351.270833333334
46-50,F,1,B,1,3,0.18,P00096342,0.04,7.0,0.08,8856.216719413798,10665.48
36-45,M,0,A,2,6,0.15384615384615385,P00001853,0.07692307692307693,7.0,0.15384615384615385,4691.248068040896,8280.461538461539
26-35,M,0,A,4,14,0.16666666666666666,P00000573,0.05555555555555555,42.0,0.1111111111111111,8689.378433399223,8054.5
46-50,M,1,A,3,13,0.2,P00009387,0.05,21.0,0.075,9229.238909504833,12697.85
46-50,M,1,B,2,3,0.14285714285714285,P00028092,0.047619047619047616,42.0,0.16666666666666666,8974.26896142444,11990.785714285714
36-45,M,1,B,4,10,0.17647058823529413,P00006603,0.058823529411764705,30.0,0.17647058823529413,4328.9571747232885,4241.705882352941
51-55,F,1,C,1,14,0.21428571428571427,P00011129,0.07142857142857142,40.0,0.21428571428571427,5286.174682057978,8135.0
55+,F,1,C,5+,12,0.175,P00032603,0.05,20.0,0.1,7192.823879279496,7448.225
36-45,F,1,B,2,17,0.2,P00000148,0.06666666666666667,4.0,0.13333333333333333,6677.2633744243285,3672.2
51-55,F,1,C,2,19,0.1935483870967742,P00001409,0.03225806451612903,40.0,0.12903225806451613,9337.843490652109,11475.548387096775
51-55,F,1,B,4,3,0.12195121951219512,P00001790,0.04878048780487805,36.0,0.0975609756097561,7203.882910896211,8275.609756097561
51-55,F,1,C,3,3,0.1111111111111111,P00004398,0.022222222222222223,42.0,0.13333333333333333,8412.63331759822,9260.266666666666
26-35,M,0,B,1,4,0.1875,P00000205,0.0625,40.0,0.1875,8507.750001958999,4704.3125
46-50,M,1,A,3,3,0.1702127659574468,P00004622,0.0425531914893617,14.0,0.06382978723404255,9477.606333908183,11967.510638297872
55+,F,1,C,1,17,0.10204081632653061,P00064596,0.04081632653061224,21.0,0.08163265306122448,9389.595773557898,9513.795918367347
36-45,M,0,B,4,10,0.25,P00004008,0.0625,12.0,0.125,3372.831406375559,1470.3125
36-45,M,0,B,1,4,0.13333333333333333,P00002370,0.06666666666666667,20.0,0.2,7098.794600560886,6396.733333333334
46-50,F,1,B,5+,18,0.13333333333333333,P00002370,0.03333333333333333,18.0,0.1,9586.816326326098,11040.633333333333
26-35,M,0,A,5+,18,0.125,P00000404,0.025,10.0,0.075,10014.660694099863,12890.55
51-55,F,1,B,3,16,0.13953488372093023,P00030886,0.046511627906976744,9.0,0.06976744186046512,8104.538244679238,7169.53488372093
46-50,M,1,B,4,17,0.14893617021276595,P00058766,0.0425531914893617,36.0,0.10638297872340426,5375.839865541429,5170.851063829788
36-45,M,0,B,2,16,0.4375,P00004697,0.0625,36.0,0.1875,1012.4145972212503,580.125
0-17,M,0,A,2,17,0.25,P00005612,0.05,16.0,0.15,7365.963331431944,4398.3
26-35,M,0,A,1,3,0.36363636363636365,P00030955,0.09090909090909091,40.0,0.18181818181818182,3158.7623295438766,7081.636363636364
55+,F,1,C,1,5,0.3157894736842105,P00009447,0.05263157894736842,4.0,0.10526315789473684,8556.253542880697,4739.368421052632
26-35,M,0,A,1,3,0.16216216216216217,P00000404,0.02702702702702703,36.0,0.08108108108108109,9447.863669736238,10271.54054054054
36-45,M,1,A,3,3,0.1875,P00021541,0.041666666666666664,7.0,0.0625,10877.848226592432,14057.291666666666
26-35,M,0,A,5+,8,0.13636363636363635,P00002815,0.022727272727272728,20.0,0.09090909090909091,6386.159645926167,6081.0
26-35,M,0,A,4,12,0.2222222222222222,P00003745,0.05555555555555555,9.0,0.2777777777777778,4518.791981336189,8014.166666666667
51-55,F,1,B,2,3,0.1935483870967742,P00029424,0.06451612903225806,42.0,0.1935483870967742,10365.214336257555,12815.645161290322
46-50,F,1,B,1,3,0.2564102564102564,P00028381,0.05128205128205128,18.0,0.10256410256410256,8950.560355425427,9658.538461538461
55+,F,1,C,3,5,0.2222222222222222,P00006213,0.05555555555555555,18.0,0.1111111111111111,4719.413834490092,3696.0
51-55,F,1,C,2,17,0.2,P00003227,0.05,28.0,0.1,5232.958437683823,2938.7
36-45,F,1,B,1,2,0.2,P00000370,0.1,42.0,0.2,3965.97521284348,4950.5
26-35,M,0,A,3,3,0.15,P00022259,0.05,42.0,0.1,9496.662101186002,10679.75
18-25,M,0,A,1,10,0.15,P00001039,0.05,27.0,0.1,8375.67522431224,5203.9
55+,F,1,C,3,3,0.17777777777777778,P00097619,0.044444444444444446,36.0,0.13333333333333333,6400.432924356907,6925.711111111111
46-50,M,1,B,4,3,0.14285714285714285,P00002815,0.04081632653061224,20.0,0.10204081632653061,6818.0724044318285,7033.9795918367345
18-25,M,0,A,4,5,0.2222222222222222,P00002733,0.05555555555555555,44.0,0.16666666666666666,3986.5155801261126,2536.0
46-50,F,1,B,4,1,0.17647058823529413,P00004855,0.058823529411764705,9.0,0.11764705882352941,7739.458483963848,11352.0
36-45,M,1,A,2,3,0.28888888888888886,P00028904,0.044444444444444446,20.0,0.08888888888888889,9736.618534785019,12009.68888888889
55+,F,1,C,5+,12,0.16,P00015866,0.04,10.0,0.08,6266.377564691208,6118.82
18-25,M,0,A,1,10,0.2631578947368421,P00002152,0.05263157894736842,44.0,0.10526315789473684,7032.906922303022,3622.0
36-45,M,1,A,2,13,0.17647058823529413,P00054631,0.08823529411764706,35.0,0.11764705882352941,9507.13985042149,13057.529411764706
36-45,M,1,A,2,19,0.14634146341463414,P00031330,0.04878048780487805,7.0,0.0975609756097561,10012.191443739854,11275.512195121952
36-45,M,0,A,1,12,0.10869565217391304,P00002675,0.021739130434782608,14.0,0.08695652173913043,7051.141078587559,7193.391304347826
36-45,M,0,A,1,8,0.17777777777777778,P00001398,0.022222222222222223,27.0,0.1111111111111111,5364.16879729363,5782.577777777778
46-50,M,1,B,5+,9,0.1590909090909091,P00095824,0.045454545454545456,27.0,0.13636363636363635,7783.218132963088,8495.227272727272
0-17,M,0,A,1,16,0.2857142857142857,P00008270,0.07142857142857142,42.0,0.21428571428571427,4394.186016460017,2170.1428571428573
51-55,F,1,B,1,3,0.125,P00012374,0.041666666666666664,30.0,0.08333333333333333,9819.770697925713,12138.3125
51-55,F,1,B,1,11,0.3,P00018329,0.1,10.0,0.1,4721.793186915327,6214.7
36-45,M,1,A,4,3,0.13333333333333333,P00001156,0.03333333333333333,20.0,0.1,10004.58765347638,8694.233333333334
51-55,F,1,C,2,13,0.1702127659574468,P00010770,0.0425531914893617,7.0,0.10638297872340426,9237.469888742311,14014.574468085106
46-50,F,1,B,4,3,0.18,P00012601,0.04,10.0,0.08,9401.612346218675,12640.84
55+,F,1,C,2,17,0.25,P00006962,0.0625,40.0,0.1875,7505.205570968726,4490.5625
55+,F,1,C,1,11,0.12244897959183673,P00003676,0.02040816326530612,10.0,0.14285714285714285,7558.471292289238,7966.122448979592
51-55,F,1,C,5+,18,0.1276595744680851,P00087033,0.0425531914893617,13.0,0.10638297872340426,8654.32666069673,12249.531914893618
26-35,M,0,B,1,10,0.25,P00009145,0.0625,16.0,0.125,9056.044077253968,5274.9375
51-55,F,1,B,5+,3,0.15555555555555556,P00002538,0.022222222222222223,42.0,0.13333333333333333,6355.311282539967,6674.155555555555
26-35,M,0,A,3,6,0.1875,P00008131,0.0625,20.0,0.125,5050.518075323231,7261.8125
36-45,F,1,B,3,3,0.17647058823529413,P00000925,0.058823529411764705,40.0,0.17647058823529413,6231.951961464401,7551.0
55+,F,1,C,1,6,0.11627906976744186,P00000953,0.023255813953488372,9.0,0.09302325581395349,6597.935758853852,6960.232558139535
46-50,M,1,A,4,12,0.11627906976744186,P00068700,0.046511627906976744,27.0,0.11627906976744186,6893.2626219997055,7475.7441860465115
26-35,M,0,A,4,3,0.2222222222222222,P00014175,0.05555555555555555,35.0,0.1111111111111111,4532.8763624929215,7190.0
36-45,M,1,A,1,3,0.19148936170212766,P00000247,0.02127659574468085,36.0,0.0851063829787234,9348.69595025947,10478.829787234043
55+,F,1,C,5+,20,0.17391304347826086,P00023520,0.043478260869565216,40.0,0.15217391304347827,8922.293606358606,11000.95652173913
36-45,M,0,A,5+,3,0.1702127659574468,P00002084,0.02127659574468085,27.0,0.1276595744680851,6325.544436645868,5676.595744680851
26-35,M,0,A,4,3,0.20408163265306123,P00043318,0.04081632653061224,30.0,0.08163265306122448,4567.721135675789,5526.040816326531
55+,F,1,C,1,16,0.17647058823529413,P00001085,0.058823529411764705,13.0,0.11764705882352941,9972.173289223072,10762.882352941177
51-55,F,1,B,5+,1,0.125,P00091572,0.05,30.0,0.1,8010.943448351904,7575.875
55+,F,1,C,1,10,0.3076923076923077,P00019774,0.07692307692307693,4.0,0.07692307692307693,2671.201215913439,1631.4615384615386
51-55,F,1,C,3,12,0.21052631578947367,P00001282,0.05263157894736842,36.0,0.15789473684210525,4460.420836752479,6491.526315789473
55+,F,1,C,5+,11,0.15555555555555556,P00067357,0.044444444444444446,18.0,0.08888888888888889,6613.9703122186065,6489.733333333334
55+,F,1,C,1,5,0.23529411764705882,P00012393,0.058823529411764705,36.0,0.11764705882352941,5070.721670995745,3445.470588235294
36-45,M,1,A,4,3,0.175,P00000573,0.025,20.0,0.1,9714.888700914378,11122.875
36-45,M,0,A,3,10,0.18,P00002274,0.02,30.0,0.1,6736.496398798146,7042.06
51-55,F,1,C,1,17,0.23529411764705882,P00001085,0.058823529411764705,36.0,0.23529411764705882,7044.4782370558105,4880.588235294118
46-50,F,1,B,3,3,0.125,P00014700,0.0625,6.0,0.125,7898.341740517436,6592.375
51-55,F,1,C,1,5,0.14285714285714285,P00001708,0.07142857142857142,40.0,0.21428571428571427,8239.169015497502,5461.285714285715
55+,F,1,C,2,4,0.2,P00013896,0.06666666666666667,30.0,0.13333333333333333,5205.831740873471,4288.6
46-50,F,1,B,1,3,0.2,P00000070,0.06666666666666667,30.0,0.13333333333333333,9395.100768865806,10225.2
26-35,M,0,A,5+,20,0.21212121212121213,P00012601,0.06060606060606061,22.0,0.09090909090909091,9826.32513588556,13260.636363636364
36-45,F,1,B,2,5,0.125,P00001069,0.0625,20.0,0.125,8329.583598035779,6950.375
26-35,M,0,B,2,11,0.11764705882352941,P00003852,0.058823529411764705,6.0,0.11764705882352941,4743.370923782814,4072.294117647059
26-35,M,0,A,2,1,0.11764705882352941,P00002743,0.058823529411764705,40.0,0.17647058823529413,6760.371401975416,4194.64705882353
51-55,F,1,B,5+,3,0.0975609756097561,P00000247,0.024390243902439025,10.0,0.0975609756097561,6877.131585561087,6550.829268292683
46-50,M,1,B,5+,3,0.16,P00036897,0.04,27.0,0.12,5636.389495094193,7374.52
51-55,F,1,B,4,17,0.175,P00090337,0.05,9.0,0.1,6562.664948793912,6856.725
55+,F,1,C,4,1,0.14285714285714285,P00098209,0.14285714285714285,20.0,0.14285714285714285,8460.653515662247,8717.285714285714
26-35,M,0,A,1,5,0.3333333333333333,P00013668,0.08333333333333333,28.0,0.16666666666666666,3602.1249873154634,1951.3333333333333
36-45,M,1,A,1,3,0.18,P00004405,0.04,18.0,0.12,9239.254133780034,9949.52
55+,F,1,C,3,1,0.17391304347826086,P00000247,0.043478260869565216,36.0,0.10869565217391304,7169.803640274719,6779.934782608696
46-50,F,1,B,4,3,0.1836734693877551,P00054273,0.04081632653061224,42.0,0.12244897959183673,10127.78409530547,12749.836734693878
51-55,F,1,C,5+,3,0.23684210526315788,P00000404,0.02631578947368421,10.0,0.07894736842105263,10068.239563864317,12911.763157894737
46-50,M,1,A,1,13,0.16129032258064516,P00000947,0.03225806451612903,42.0,0.06451612903225806,9798.305324177567,12707.322580645161
36-45,M,0,A,5+,3,0.20833333333333334,P00000947,0.020833333333333332,35.0,0.08333333333333333,8818.749799799949,10552.395833333334
46-50,F,1,B,4,14,0.15789473684210525,P00003382,0.05263157894736842,40.0,0.15789473684210525,4886.051102298154,6401.473684210527
18-25,M,0,A,2,15,0.23076923076923078,P00002274,0.07692307692307693,24.0,0.15384615384615385,7835.93316567485,4941.076923076923
36-45,M,0,A,1,16,0.15,P00003018,0.05,33.0,0.15,8882.92692635414,9150.4
51-55,F,1,B,1,3,0.14285714285714285,P00003088,0.047619047619047616,24.0,0.11904761904761904,9698.173190317051,10697.880952380952
26-35,M,0,B,1,5,0.13333333333333333,P00006275,0.06666666666666667,6.0,0.13333333333333333,8908.296074580197,5830.333333333333
46-50,F,1,B,2,3,0.3333333333333333,P00016119,0.05555555555555555,12.0,0.1111111111111111,8099.4932028979965,7787.555555555556
51-55,F,1,C,2,16,0.1875,P00012070,0.0625,4.0,0.125,6703.047413614697,3644.6875
51-55,F,1,B,5+,9,0.14634146341463414,P00000285,0.024390243902439025,42.0,0.12195121951219512,6650.247612114832,7392.5609756097565
46-50,M,1,B,5+,12,0.13953488372093023,P00000105,0.023255813953488372,27.0,0.09302325581395349,5087.3665881054685,5723.767441860465
51-55,F,1,C,2,5,0.23529411764705882,P00002346,0.058823529411764705,4.0,0.11764705882352941,10813.96537741006,9136.941176470587
46-50,M,1,B,5+,3,0.20408163265306123,P00012374,0.04081632653061224,40.0,0.16326530612244897,7031.413175884347,7717.571428571428
55+,F,1,C,4,11,0.12,P00000215,0.02,30.0,0.12,6785.933515135314,6286.96
46-50,F,1,B,1,13,0.13953488372093023,P00057189,0.046511627906976744,42.0,0.11627906976744186,10058.359539932517,11847.720930232557
0-17,M,0,A,2,15,0.15789473684210525,P00002346,0.05263157894736842,12.0,0.10526315789473684,7813.692984282885,5164.0526315789475
51-55,F,1,B,5+,3,0.14285714285714285,P00058233,0.04081632653061224,27.0,0.14285714285714285,6955.4710531047585,7694.367346938776
46-50,M,1,A,2,3,0.23255813953488372,P00000337,0.023255813953488372,7.0,0.09302325581395349,9498.243007484905,12432.093023255815
46-50,M,1,B,5+,8,0.1111111111111111,P00000370,0.022222222222222223,9.0,0.06666666666666667,7884.685526161755,8241.288888888888
55+,F,1,C,4,3,0.18181818181818182,P00069782,0.045454545454545456,30.0,0.09090909090909091,6916.914560825134,7158.431818181818
26-35,M,0,A,2,11,0.36363636363636365,P00034704,0.09090909090909091,28.0,0.2727272727272727,2915.2163306597768,6892.636363636364
18-25,M,0,A,2,5,0.2,P00018095,0.06666666666666667,36.0,0.13333333333333333,7853.633281118091,4419.0
0-17,M,0,A,1,16,0.35714285714285715,P00009954,0.07142857142857142,20.0,0.21428571428571427,4123.587567043644,2869.5
51-55,F,1,B,5+,17,0.13333333333333333,P00000101,0.03333333333333333,40.0,0.13333333333333333,10336.708985650268,10610.633333333333
26-35,M,0,A,3,3,0.12244897959183673,P00003492,0.02040816326530612,21.0,0.10204081632653061,9761.475634281607,12484.061224489797
26-35,M,0,A,1,3,0.17391304347826086,P00000205,0.021739130434782608,21.0,0.08695652173913043,8811.51683553945,11816.652173913044
26-35,M,0,A,1,10,0.2,P00004622,0.05,30.0,0.1,8284.748761556095,5176.6
55+,F,1,C,3,12,0.15,P00030655,0.05,27.0,0.1,5480.323994726907,6068.2
0-17,M,0,A,3,16,0.23076923076923078,P00001229,0.07692307692307693,8.0,0.23076923076923078,2919.5268276616157,2362.3076923076924
55+,F,1,C,1,3,0.1875,P00000105,0.020833333333333332,9.0,0.041666666666666664,9487.83362916604,11967.4375
36-45,M,0,A,4,3,0.15217391304347827,P00056935,0.043478260869565216,11.0,0.08695652173913043,9782.38377153663,15225.45652173913
46-50,F,1,B,3,3,0.25,P00026653,0.041666666666666664,44.0,0.125,8406.82846479195,12341.8125
26-35,M,0,B,1,10,0.21052631578947367,P00020888,0.05263157894736842,8.0,0.10526315789473684,7373.208777222751,4121.315789473684
26-35,M,0,A,1,3,0.21052631578947367,P00016360,0.05263157894736842,7.0,0.10526315789473684,6065.089790245705,7761.9473684210525
55+,F,1,C,4,11,0.18604651162790697,P00001409,0.023255813953488372,10.0,0.11627906976744186,6195.654254848772,6869.209302325581
55+,F,1,C,5+,9,0.1111111111111111,P00007992,0.022222222222222223,9.0,0.08888888888888889,6089.014868904277,5743.511111111111
26-35,M,0,A,5+,12,0.15217391304347827,P00000247,0.021739130434782608,20.0,0.08695652173913043,6748.697507864536,6991.760869565217
55+,F,1,C,2,5,0.2857142857142857,P00004002,0.07142857142857142,24.0,0.14285714285714285,9117.199065321724,4960.785714285715
55+,F,1,C,4,3,0.24,P00000221,0.02,7.0,0.08,10064.101464723262,12806.44
18-25,M,0,A,5+,4,0.2,P00005612,0.1,27.0,0.2,4537.429938240858,3744.0
46-50,F,1,B,2,3,0.21052631578947367,P00003451,0.05263157894736842,20.0,0.15789473684210525,10341.374145742056,6512.0
36-45,M,0,A,4,12,0.2777777777777778,P00011460,0.05555555555555555,18.0,0.1111111111111111,3255.21404826165,5977.5
26-35,M,0,A,1,4,0.2,P00017924,0.1,8.0,0.1,2451.952745602302,1082.6
55+,F,1,C,1,15,0.15384615384615385,P00007722,0.07692307692307693,27.0,0.15384615384615385,9254.780781179656,8052.846153846154
36-45,M,0,A,3,20,0.17777777777777778,P00021723,0.044444444444444446,20.0,0.1111111111111111,10366.711128960484,11219.222222222223
51-55,F,1,B,5+,6,0.12,P00000953,0.02,40.0,0.12,5878.755510709208,6946.18
55+,F,1,C,2,5,0.3157894736842105,P00000781,0.05263157894736842,4.0,0.15789473684210525,8855.416084478458,5318.1578947368425
26-35,M,0,A,5+,3,0.24489795918367346,P00062696,0.04081632653061224,18.0,0.08163265306122448,11020.718957574263,12581.30612244898
36-45,M,1,A,2,3,0.13157894736842105,P00000404,0.02631578947368421,21.0,0.13157894736842105,8823.21286370586,10360.71052631579
46-50,M,1,B,4,18,0.16216216216216217,P00000404,0.02702702702702703,40.0,0.10810810810810811,9877.09577912607,12490.432432432432
51-55,F,1,C,5+,3,0.2,P00029962,0.1,9.0,0.1,2816.765641259098,6564.3
26-35,M,0,A,3,5,0.29411764705882354,P00007851,0.058823529411764705,32.0,0.17647058823529413,9199.395778592008,4629.764705882353
26-35,M,0,B,2,10,0.23529411764705882,P00004270,0.058823529411764705,20.0,0.17647058823529413,6724.742311376084,4440.823529411765
36-45,M,0,B,2,10,0.18181818181818182,P00002627,0.09090909090909091,42.0,0.18181818181818182,10160.60558681957,7925.909090909091
55+,F,1,C,4,20,0.1590909090909091,P00041636,0.045454545454545456,18.0,0.09090909090909091,10716.796909031596,12895.681818181818
18-25,M,0,A,1,4,0.21428571428571427,P00093340,0.14285714285714285,8.0,0.14285714285714285,6040.990963755517,3352.8571428571427
26-35,M,0,A,1,10,0.15789473684210525,P00011660,0.05263157894736842,40.0,0.2631578947368421,4318.577477914289,3026.1052631578946
18-25,M,0,A,1,5,0.2857142857142857,P00003451,0.07142857142857142,40.0,0.14285714285714285,9724.399728077233,5047.928571428572
51-55,F,1,C,4,3,0.20930232558139536,P00000070,0.046511627906976744,35.0,0.09302325581395349,9397.911570741282,12448.67441860465
36-45,F,1,B,2,5,0.17647058823529413,P00013436,0.058823529411764705,18.0,0.17647058823529413,3879.3430908049977,2997.764705882353
26-35,M,0,A,5+,9,0.18181818181818182,P00003246,0.09090909090909091,7.0,0.18181818181818182,4021.6766110213744,6583.181818181818
26-35,M,0,A,5+,3,0.15789473684210525,P00015036,0.07894736842105263,24.0,0.10526315789473684,10866.704521514088,13091.368421052632
26-35,M,0,A,4,3,0.21875,P00006275,0.03125,10.0,0.09375,9085.476928768541,9759.40625
51-55,F,1,B,5+,8,0.17777777777777778,P00033328,0.044444444444444446,10.0,0.06666666666666667,5408.236295249361,5434.644444444444
46-50,F,1,C,1,4,0.25,P00012783,0.0625,12.0,0.125,6685.213087790595,2885.1875
36-45,M,0,A,5+,7,0.125,P00080341,0.041666666666666664,42.0,0.10416666666666667,4862.132898091709,5997.645833333333
18-25,M,0,A,2,10,0.2777777777777778,P00000337,0.05555555555555555,36.0,0.16666666666666666,5812.373456068568,3607.6111111111113
51-55,F,1,B,3,13,0.14,P00082828,0.04,36.0,0.16,9890.552394738184,11308.02
46-50,F,1,B,2,4,0.25,P00000105,0.08333333333333333,24.0,0.16666666666666666,4237.50591579099,1891.75
46-50,F,1,B,2,7,0.2,P00001383,0.1,30.0,0.4,5871.0376605086685,7346.1
36-45,M,1,A,5+,3,0.1282051282051282,P00000101,0.02564102564102564,35.0,0.15384615384615385,8372.855540625524,9300.205128205129
55+,F,1,C,1,3,0.25,P00054306,0.05,7.0,0.1,6680.479123574358,7142.75
46-50,M,1,B,3,11,0.14285714285714285,P00076963,0.047619047619047616,9.0,0.14285714285714285,6275.643397983407,5968.547619047619
36-45,M,0,B,1,16,0.36363636363636365,P00001790,0.09090909090909091,6.0,0.18181818181818182,3115.5874712338104,3113.909090909091
46-50,F,1,B,3,16,0.17647058823529413,P00012615,0.058823529411764705,42.0,0.17647058823529413,4136.882408145479,2587.9411764705883
46-50,F,1,B,2,9,0.23529411764705882,P00000809,0.058823529411764705,7.0,0.11764705882352941,2834.4558067798894,7483.294117647059
36-45,M,1,A,5+,3,0.16666666666666666,P00000148,0.03333333333333333,35.0,0.1,10017.316745653929,12539.9
51-55,F,1,B,1,3,0.1836734693877551,P00007232,0.04081632653061224,44.0,0.08163265306122448,9987.00911477873,12601.938775510203
51-55,F,1,C,3,3,0.23076923076923078,P00012180,0.07692307692307693,7.0,0.15384615384615385,6565.89109698264,7238.692307692308
51-55,F,1,B,4,16,0.13043478260869565,P00001409,0.021739130434782608,42.0,0.08695652173913043,5873.364055793243,6772.847826086957
55+,F,1,C,4,3,0.16666666666666666,P00000221,0.023809523809523808,9.0,0.09523809523809523,6740.619382238823,5713.619047619048
18-25,M,0,A,1,4,0.23076923076923078,P00008131,0.07692307692307693,8.0,0.15384615384615385,6857.891561308524,4401.0
36-45,M,0,A,4,3,0.20454545454545456,P00030464,0.06818181818181818,7.0,0.09090909090909091,9370.567608191239,11948.84090909091
51-55,F,1,B,4,8,0.11627906976744186,P00002002,0.023255813953488372,36.0,0.16279069767441862,7417.304226755705,7254.232558139535
55+,F,1,C,5+,3,0.16279069767441862,P00052838,0.046511627906976744,42.0,0.09302325581395349,10236.139530524782,12067.813953488372
46-50,F,1,B,5+,3,0.14634146341463414,P00004907,0.024390243902439025,11.0,0.07317073170731707,8798.22128503755,12014.658536585366
26-35,M,0,A,5+,3,0.16129032258064516,P00013694,0.03225806451612903,24.0,0.0967741935483871,9817.063333424772,14150.322580645161
51-55,F,1,B,3,3,0.14285714285714285,P00062730,0.047619047619047616,28.0,0.11904761904761904,5008.387385849495,5639.190476190476
36-45,M,1,A,1,19,0.19148936170212766,P00033049,0.0425531914893617,40.0,0.0851063829787234,9180.304322123995,13345.659574468085
46-50,M,1,B,5+,3,0.1590909090909091,P00003525,0.022727272727272728,10.0,0.13636363636363635,8007.469990617153,7057.022727272727
55+,F,1,C,3,16,0.125,P00000925,0.020833333333333332,35.0,0.08333333333333333,6887.320118771868,5968.416666666667
55+,F,1,C,4,3,0.14893617021276595,P00086370,0.0425531914893617,30.0,0.10638297872340426,7081.375965401586,7537.04255319149
51-55,F,1,C,5+,10,0.2857142857142857,P00009771,0.07142857142857142,20.0,0.2857142857142857,4415.169826111629,3975.1428571428573
46-50,F,1,B,5+,3,0.13953488372093023,P00000285,0.023255813953488372,30.0,0.09302325581395349,9661.738595840407,13356.139534883721
18-25,M,0,A,1,10,0.2,P00013089,0.1,20.0,0.2,6445.958510743163,4024.3
26-35,M,0,A,4,9,0.2,P00000925,0.06666666666666667,27.0,0.13333333333333333,4814.497740703395,5690.733333333334
36-45,M,1,A,1,13,0.15789473684210525,P00062696,0.05263157894736842,13.0,0.10526315789473684,9346.279630930418,13041.921052631578
46-50,F,1,B,3,19,0.20588235294117646,P00000101,0.029411764705882353,21.0,0.08823529411764706,9661.63978643093,12105.029411764706
51-55,F,1,C,5+,3,0.2222222222222222,P00005261,0.05555555555555555,42.0,0.16666666666666666,5667.406467279321,7688.777777777777
26-35,M,0,A,1,12,0.2631578947368421,P00000070,0.05263157894736842,9.0,0.15789473684210525,4633.725106496187,7772.1578947368425
55+,F,1,C,5+,11,0.11627906976744186,P00049531,0.046511627906976744,10.0,0.11627906976744186,6191.259628490427,6455.697674418605
51-55,F,1,C,5+,10,0.25,P00001229,0.08333333333333333,12.0,0.16666666666666666,8188.717487087544,5118.583333333333
36-45,M,1,B,4,1,0.15789473684210525,P00000370,0.05263157894736842,42.0,0.15789473684210525,4006.101197800368,7491.8421052631575
36-45,M,1,A,4,19,0.15555555555555556,P00008197,0.044444444444444446,21.0,0.1111111111111111,10714.42521589799,14813.555555555555
26-35,M,0,A,2,3,0.18181818181818182,P00029336,0.06060606060606061,13.0,0.06060606060606061,8452.480021688632,11779.272727272728
51-55,F,1,C,3,17,0.3333333333333333,P00002370,0.06666666666666667,21.0,0.13333333333333333,5989.74975469005,3604.133333333333
46-50,F,1,B,3,3,0.22916666666666666,P00000953,0.020833333333333332,40.0,0.10416666666666667,10142.766625467908,11726.895833333334
36-45,M,1,A,4,3,0.1891891891891892,P00008270,0.05405405405405406,39.0,0.10810810810810811,9719.957827411943,13033.0
36-45,M,1,A,1,3,0.18,P00028904,0.04,10.0,0.1,9338.404091269382,12526.74
51-55,F,1,B,3,1,0.17647058823529413,P00000070,0.058823529411764705,9.0,0.11764705882352941,5315.399035294694,7258.176470588235
55+,F,1,C,2,18,0.14285714285714285,P00034573,0.047619047619047616,30.0,0.09523809523809523,10172.030984241397,13797.404761904761
46-50,M,1,B,2,13,0.1935483870967742,P00008604,0.06451612903225806,21.0,0.0967741935483871,10116.338827516518,13584.161290322581
26-35,M,0,A,5+,17,0.13513513513513514,P00005873,0.02702702702702703,10.0,0.08108108108108109,8610.070475849725,9187.891891891892
46-50,F,1,C,5+,5,0.15,P00006098,0.05,7.0,0.15,8878.986807418725,6457.9
51-55,F,1,C,3,5,0.21428571428571427,P00004907,0.07142857142857142,36.0,0.14285714285714285,6230.710536183998,3525.3571428571427
18-25,M,0,A,1,5,0.18181818181818182,P00004819,0.09090909090909091,20.0,0.2727272727272727,7298.16050048977,6318.090909090909
46-50,F,1,B,2,3,0.125,P00003913,0.0625,27.0,0.1875,4103.9371578806295,4019.9375
36-45,M,1,A,3,3,0.22727272727272727,P00005818,0.045454545454545456,14.0,0.09090909090909091,9961.333222132862,11848.863636363636
36-45,M,0,B,2,4,0.2222222222222222,P00002743,0.05555555555555555,6.0,0.1111111111111111,3799.3968067011956,1908.7222222222222
36-45,M,1,A,2,20,0.16666666666666666,P00027742,0.041666666666666664,24.0,0.08333333333333333,10611.35379896498,12079.5
46-50,M,1,A,4,3,0.1702127659574468,P00068146,0.0425531914893617,36.0,0.10638297872340426,5792.135102715026,5620.68085106383
36-45,F,1,B,2,10,0.2727272727272727,P00009397,0.09090909090909091,42.0,0.2727272727272727,7015.320845380941,5629.181818181818
26-35,M,0,A,1,3,0.12,P00022259,0.04,40.0,0.1,9276.932346505102,12227.56
26-35,M,0,A,5+,11,0.19148936170212766,P00000925,0.02127659574468085,21.0,0.0851063829787234,7910.829057937214,8453.91489361702
26-35,M,0,B,3,10,0.6153846153846154,P00006470,0.07692307692307693,40.0,0.15384615384615385,3370.881920666596,1547.6153846153845
18-25,M,0,A,2,12,0.16666666666666666,P00007801,0.05555555555555555,36.0,0.16666666666666666,4681.363574675722,4579.277777777777
36-45,M,1,A,2,3,0.16216216216216217,P00028582,0.05405405405405406,30.0,0.10810810810810811,9624.820686680387,12526.162162162162
55+,F,1,C,5+,3,0.13333333333333333,P00001803,0.022222222222222223,36.0,0.08888888888888889,6530.925214591411,6989.022222222222
36-45,M,0,B,1,5,0.11764705882352941,P00007789,0.058823529411764705,10.0,0.11764705882352941,8701.072121228712,6090.941176470588
46-50,F,1,B,3,3,0.24,P00005627,0.04,21.0,0.08,10137.824999194143,14678.4
46-50,M,1,A,2,12,0.12244897959183673,P00001621,0.02040816326530612,20.0,0.061224489795918366,6894.692467785648,6904.938775510204
46-50,M,1,A,5+,3,0.14634146341463414,P00000205,0.024390243902439025,9.0,0.0975609756097561,5377.682716107557,5291.829268292683
26-35,M,0,A,4,3,0.14285714285714285,P00000148,0.023809523809523808,7.0,0.09523809523809523,7163.707479586099,7815.690476190476
26-35,M,0,A,2,20,0.22916666666666666,P00056859,0.041666666666666664,24.0,0.10416666666666667,9334.533802134498,14762.375
36-45,F,1,B,5+,8,0.2,P00014911,0.1,3.0,0.1,4040.3740214655045,6346.7
51-55,F,1,B,3,3,0.25,P00037915,0.0625,28.0,0.09375,9462.189263658296,14358.125
46-50,M,1,A,4,11,0.18181818181818182,P00000936,0.022727272727272728,42.0,0.13636363636363635,6187.802069035518,6629.704545454545
51-55,F,1,C,2,4,0.1875,P00003451,0.0625,18.0,0.125,5554.468902004343,3101.875
26-35,M,0,A,5+,3,0.175,P00041855,0.05,42.0,0.1,7494.650821265277,6343.875
51-55,F,1,C,4,3,0.11363636363636363,P00004424,0.022727272727272728,16.0,0.06818181818181818,6470.253351848257,6290.431818181818
36-45,F,1,B,1,9,0.2727272727272727,P00000953,0.09090909090909091,40.0,0.2727272727272727,4576.647748973239,7049.272727272727
46-50,F,1,B,4,11,0.25,P00002733,0.08333333333333333,20.0,0.25,3651.227202370914,8032.916666666667
46-50,M,1,B,4,12,0.2,P00007789,0.025,21.0,0.1,5536.557606271617,5256.025
51-55,F,1,C,4,19,0.16129032258064516,P00083865,0.06451612903225806,7.0,0.06451612903225806,8558.121958462263,14594.451612903225
36-45,M,1,B,3,12,0.38461538461538464,P00013089,0.15384615384615385,45.0,0.23076923076923078,7211.458469436696,7558.615384615385
0-17,M,0,A,2,17,0.25,P00007722,0.05,8.0,0.2,9850.905667554258,5975.45
26-35,M,0,A,3,20,0.16666666666666666,P00000772,0.03333333333333333,14.0,0.16666666666666666,10264.429006911734,12597.3
55+,F,1,C,1,17,0.3,P00004403,0.1,32.0,0.3,759.8248628613189,567.6
46-50,F,1,B,4,3,0.15,P00037915,0.05,42.0,0.1,9812.571918240446,13648.875
26-35,M,0,A,3,3,0.2777777777777778,P00008627,0.05555555555555555,21.0,0.1111111111111111,7913.558961755227,7609.5
36-45,M,0,A,4,11,0.16326530612244897,P00078160,0.04081632653061224,28.0,0.10204081632653061,5014.635006658012,5964.142857142857
0-17,M,0,A,3,17,0.3333333333333333,P00011460,0.06666666666666667,42.0,0.13333333333333333,3678.5236725517766,2548.133333333333
18-25,M,0,A,2,3,0.3076923076923077,P00007789,0.07692307692307693,36.0,0.23076923076923078,5754.712744284529,3013.5384615384614
26-35,M,0,A,5+,11,0.1875,P00080694,0.041666666666666664,40.0,0.10416666666666667,6126.485220999116,7066.833333333333
18-25,M,0,A,3,15,0.17647058823529413,P00004405,0.058823529411764705,40.0,0.17647058823529413,3202.4605142902597,2508.294117647059
26-35,M,0,B,2,16,0.2,P00002627,0.06666666666666667,40.0,0.13333333333333333,8448.50268898071,4546.6
26-35,M,0,A,4,13,0.18181818181818182,P00036562,0.06060606060606061,18.0,0.09090909090909091,9130.893485459297,13342.69696969697
26-35,M,0,A,4,3,0.1590909090909091,P00050176,0.045454545454545456,20.0,0.09090909090909091,5227.5467036252785,5244.795454545455
36-45,M,1,A,4,8,0.20930232558139536,P00009159,0.046511627906976744,40.0,0.11627906976744186,5839.04204481415,5630.372093023256
0-17,M,0,A,2,3,0.25,P00004002,0.0625,12.0,0.125,7275.434912257823,3886.3125
51-55,F,1,B,5+,1,0.125,P00002733,0.020833333333333332,36.0,0.10416666666666667,7479.2984528680545,7256.8125
46-50,F,1,B,1,20,0.16666666666666666,P00001575,0.023809523809523808,20.0,0.07142857142857142,9804.879492762562,12377.285714285714
55+,F,1,C,5+,11,0.12,P00080803,0.04,7.0,0.1,7596.84156682424,7567.38
26-35,M,0,B,5+,4,0.1875,P00006011,0.0625,6.0,0.0625,3831.482862961371,2259.5625
55+,F,1,C,5+,12,0.1590909090909091,P00044914,0.045454545454545456,35.0,0.11363636363636363,7150.522264039185,6798.840909090909
51-55,F,1,B,4,3,0.1951219512195122,P00054882,0.04878048780487805,36.0,0.14634146341463414,4810.248290838238,5521.926829268293
36-45,M,0,A,2,3,0.16,P00003658,0.02,36.0,0.1,6397.037990877864,6036.62
51-55,F,1,C,1,7,0.2222222222222222,P00004604,0.05555555555555555,20.0,0.1111111111111111,3703.418174228049,6839.055555555556
26-35,M,0,A,4,3,0.16666666666666666,P00001575,0.03333333333333333,36.0,0.1,10376.190544349292,12904.166666666666
46-50,F,1,B,4,15,0.23529411764705882,P00031698,0.11764705882352941,18.0,0.17647058823529413,5217.287762390363,2709.705882352941
26-35,M,0,A,4,1,0.10204081632653061,P00029768,0.04081632653061224,36.0,0.12244897959183673,7279.022065177446,8741.938775510203
51-55,F,1,C,1,17,0.25,P00001398,0.05,30.0,0.15,6409.319591115162,3190.4
55+,F,1,C,2,17,0.3333333333333333,P00012904,0.08333333333333333,18.0,0.16666666666666666,6448.692538379035,4221.0
51-55,F,1,C,4,11,0.3333333333333333,P00069204,0.13333333333333333,20.0,0.2,4142.499276661719,5195.4
51-55,F,1,B,3,10,0.16279069767441862,P00038907,0.046511627906976744,10.0,0.11627906976744186,7147.940199782575,7663.7441860465115
36-45,M,1,A,3,16,0.11428571428571428,P00001976,0.02857142857142857,45.0,0.14285714285714285,10161.192155459323,10658.457142857143
51-55,F,1,C,1,10,0.16666666666666666,P00004424,0.05555555555555555,14.0,0.1111111111111111,5499.434824496867,3956.277777777778
46-50,F,1,B,3,3,0.16326530612244897,P00034723,0.04081632653061224,36.0,0.10204081632653061,7845.251502246656,8749.30612244898
36-45,M,0,A,5+,3,0.12,P00051459,0.04,12.0,0.08,8992.894489335818,9936.36
36-45,M,0,A,5+,3,0.16666666666666666,P00070856,0.041666666666666664,7.0,0.10416666666666667,7683.396179926736,9391.6875
0-17,M,0,A,4,17,0.3076923076923077,P00005451,0.07692307692307693,4.0,0.23076923076923078,5833.843937726102,3045.6153846153848
51-55,F,1,B,2,3,0.2765957446808511,P00003982,0.0425531914893617,12.0,0.0851063829787234,8588.703545528246,12820.808510638299
18-25,M,0,A,2,3,0.14285714285714285,P00004606,0.07142857142857142,44.0,0.14285714285714285,9854.520148776264,6142.142857142857
46-50,F,1,B,1,4,0.13333333333333333,P00003451,0.06666666666666667,4.0,0.13333333333333333,2789.123156289873,2831.4666666666667
36-45,M,1,A,2,3,0.20454545454545456,P00007232,0.045454545454545456,28.0,0.09090909090909091,11076.06929048342,13726.34090909091
46-50,M,1,A,4,3,0.1,P00088724,0.05,27.0,0.125,7807.96228694523,8244.45
51-55,F,1,C,4,6,0.12244897959183673,P00047008,0.04081632653061224,7.0,0.08163265306122448,4990.254182516403,6231.163265306122
18-25,M,0,A,1,16,0.2727272727272727,P00014071,0.09090909090909091,4.0,0.09090909090909091,6957.497990722605,5350.909090909091
46-50,M,1,B,5+,3,0.15,P00001156,0.025,10.0,0.1,8171.878157782397,7052.8
18-25,M,0,A,2,3,0.125,P00001853,0.0625,27.0,0.125,6538.250382365301,8051.9375
26-35,M,0,A,5+,3,0.17647058823529413,P00004270,0.029411764705882353,40.0,0.17647058823529413,9845.963416810431,9943.970588235294
36-45,F,1,B,2,5,0.15,P00007652,0.05,32.0,0.15,3739.3725690984998,2823.5
36-45,F,1,B,2,7,0.21428571428571427,P00000070,0.07142857142857142,7.0,0.07142857142857142,6663.806237124101,6698.214285714285
36-45,M,1,A,3,20,0.14893617021276595,P00029336,0.0425531914893617,7.0,0.06382978723404255,8771.248219729043,12269.191489361701
55+,F,1,C,1,5,0.2,P00001398,0.05,4.0,0.2,5606.651118608102,2554.15
46-50,F,1,B,2,3,0.1875,P00023477,0.041666666666666664,42.0,0.125,10072.435980140299,12296.645833333334
51-55,F,1,B,5+,11,0.13333333333333333,P00023511,0.044444444444444446,27.0,0.1111111111111111,6580.7881374574745,7169.888888888889
0-17,M,0,A,1,15,0.3076923076923077,P00003852,0.07692307692307693,16.0,0.15384615384615385,7052.771327459575,3121.3076923076924
36-45,M,1,A,1,3,0.1891891891891892,P00037915,0.05405405405405406,10.0,0.13513513513513514,8800.327675871093,11979.72972972973
46-50,F,1,B,3,15,0.3888888888888889,P00001085,0.05555555555555555,28.0,0.1111111111111111,7169.394694871365,4151.055555555556
36-45,M,1,A,5+,3,0.20512820512820512,P00062696,0.05128205128205128,20.0,0.1794871794871795,10491.199623677916,12223.333333333334
55+,F,1,C,2,12,0.17647058823529413,P00000610,0.058823529411764705,10.0,0.11764705882352941,5635.323204364329,6867.64705882353
46-50,M,1,B,5+,3,0.125,P00000573,0.020833333333333332,36.0,0.125,6548.657736940076,6021.8125
46-50,M,1,B,2,3,0.16666666666666666,P00023709,0.06666666666666667,18.0,0.1,9818.996386666984,15863.4
51-55,F,1,B,4,11,0.1276595744680851,P00000925,0.02127659574468085,18.0,0.0851063829787234,7587.5663493282145,7528.63829787234
18-25,M,0,A,1,5,0.2777777777777778,P00000936,0.05555555555555555,4.0,0.1111111111111111,8384.952752019226,5191.222222222223
26-35,M,0,A,2,3,0.1590909090909091,P00035438,0.045454545454545456,28.0,0.11363636363636363,8248.132969211958,9913.318181818182
46-50,F,1,B,2,5,0.2631578947368421,P00039189,0.10526315789473684,24.0,0.15789473684210525,5980.643169367174,3539.0526315789475
46-50,F,1,B,2,5,0.21052631578947367,P00000404,0.05263157894736842,40.0,0.15789473684210525,7013.716270981066,3886.4736842105262
46-50,M,1,B,2,3,0.15,P00000101,0.025,40.0,0.1,8100.014699219016,7672.025
18-25,M,0,A,2,3,0.15384615384615385,P00010326,0.07692307692307693,18.0,0.15384615384615385,3385.3871421986737,3081.4615384615386
26-35,M,0,A,1,3,0.1111111111111111,P00000953,0.027777777777777776,7.0,0.1111111111111111,9895.907867107782,11377.333333333334
18-25,M,0,A,4,6,0.14285714285714285,P00047580,0.14285714285714285,7.0,0.07142857142857142,5847.873922383066,8213.785714285714
36-45,M,1,A,3,3,0.14285714285714285,P00083865,0.05714285714285714,9.0,0.11428571428571428,9105.31798742366,11489.628571428571
36-45,M,0,B,1,8,0.18181818181818182,P00000205,0.09090909090909091,36.0,0.18181818181818182,3682.2404543479183,2702.818181818182
51-55,F,1,C,4,12,0.16,P00023709,0.06,18.0,0.08,6519.138108457502,6563.58
36-45,M,1,A,1,13,0.1590909090909091,P00081166,0.045454545454545456,36.0,0.06818181818181818,8864.075031398494,12132.022727272728
0-17,M,0,A,5+,10,0.21052631578947367,P00002052,0.05263157894736842,6.0,0.10526315789473684,7199.351547309965,4392.421052631579
55+,F,1,C,5+,3,0.14893617021276595,P00002627,0.02127659574468085,27.0,0.10638297872340426,4734.347159517034,5100.872340425532
46-50,M,1,B,4,10,0.12244897959183673,P00000105,0.02040816326530612,14.0,0.10204081632653061,5690.389745732127,6092.857142857143
55+,F,1,C,4,3,0.13043478260869565,P00057578,0.043478260869565216,20.0,0.10869565217391304,7392.776765553928,6911.304347826087
51-55,F,1,C,4,6,0.17647058823529413,P00000101,0.058823529411764705,9.0,0.17647058823529413,6219.201169859073,10174.235294117647
26-35,M,0,A,3,3,0.1702127659574468,P00029964,0.0425531914893617,11.0,0.1276595744680851,10354.515623237015,14130.765957446809
36-45,M,0,A,5+,7,0.125,P00008171,0.0625,27.0,0.1875,7452.105599258507,8120.4375
0-17,M,0,A,1,1,0.1111111111111111,P00000953,0.05555555555555555,18.0,0.1111111111111111,5202.670292571173,3928.9444444444443
36-45,M,1,A,5+,3,0.13513513513513514,P00020682,0.05405405405405406,35.0,0.10810810810810811,9368.646253334584,11810.864864864865
18-25,M,0,A,3,10,0.2857142857142857,P00006962,0.07142857142857142,44.0,0.14285714285714285,5262.691976608487,3019.9285714285716
51-55,F,1,C,3,13,0.125,P00055038,0.0625,20.0,0.125,9077.65137215986,10124.21875
55+,F,1,C,4,3,0.14285714285714285,P00040400,0.047619047619047616,20.0,0.07142857142857142,7488.441075871937,5994.761904761905
18-25,M,0,A,1,5,0.2631578947368421,P00009929,0.10526315789473684,40.0,0.21052631578947367,4592.784335587332,3029.2105263157896
26-35,M,0,A,3,13,0.13333333333333333,P00066727,0.044444444444444446,24.0,0.06666666666666667,10107.72380275239,12459.066666666668
51-55,F,1,C,5+,3,0.1951219512195122,P00003936,0.024390243902439025,7.0,0.14634146341463414,9225.892552498317,11801.90243902439
36-45,M,1,A,4,3,0.1875,P00066771,0.09375,35.0,0.125,9878.116112674716,14863.5
46-50,M,1,B,5+,3,0.21875,P00007992,0.03125,9.0,0.09375,8701.263621386894,9047.8125
55+,F,1,C,5+,12,0.18181818181818182,P00019538,0.09090909090909091,28.0,0.18181818181818182,3660.673872390164,6056.0
46-50,M,1,A,5+,3,0.16216216216216217,P00000101,0.02702702702702703,21.0,0.10810810810810811,9583.199119702558,12161.486486486487
46-50,F,1,B,4,20,0.15555555555555556,P00060293,0.044444444444444446,9.0,0.06666666666666667,10031.09861743604,11392.6
55+,F,1,C,4,8,0.1875,P00084278,0.041666666666666664,20.0,0.10416666666666667,6994.2813829146535,6863.979166666667
46-50,M,1,B,5+,12,0.125,P00003708,0.020833333333333332,36.0,0.0625,8017.794098815018,7258.958333333333
46-50,M,1,A,5+,3,0.16,P00020192,0.04,40.0,0.12,7001.699994418265,6822.38
46-50,F,1,B,1,1,0.18181818181818182,P00006540,0.09090909090909091,21.0,0.18181818181818182,3272.375836938939,4810.727272727273
26-35,M,0,B,1,17,0.21428571428571427,P00000404,0.07142857142857142,36.0,0.21428571428571427,10051.508378413595,6591.285714285715
55+,F,1,C,4,3,0.20408163265306123,P00067491,0.04081632653061224,42.0,0.12244897959183673,6747.511522776378,7254.571428571428
46-50,M,1,B,5+,3,0.12244897959183673,P00057153,0.04081632653061224,9.0,0.08163265306122448,5000.314613826304,5904.367346938776
36-45,M,1,A,3,19,0.14634146341463414,P00005818,0.024390243902439025,10.0,0.12195121951219512,10180.021725023538,15548.682926829268
36-45,M,0,A,5+,11,0.1590909090909091,P00001029,0.022727272727272728,42.0,0.11363636363636363,6105.207840126464,7264.795454545455
36-45,M,0,B,1,10,0.15789473684210525,P00003708,0.05263157894736842,20.0,0.10526315789473684,9325.095581718568,7341.0526315789475
51-55,F,1,C,4,11,0.14285714285714285,P00001853,0.023809523809523808,45.0,0.11904761904761904,6687.202807750492,7133.214285714285
46-50,F,1,B,5+,11,0.2222222222222222,P00001039,0.05555555555555555,42.0,0.16666666666666666,7594.213631641299,9563.277777777777
55+,F,1,C,4,3,0.1276595744680851,P00010535,0.02127659574468085,36.0,0.0851063829787234,5452.994174078558,5191.191489361702
26-35,M,0,A,4,3,0.1875,P00039777,0.041666666666666664,7.0,0.10416666666666667,7423.5682600972095,8218.770833333334
51-55,F,1,C,2,1,0.09090909090909091,P00014911,0.09090909090909091,18.0,0.18181818181818182,6741.14686492925,4444.363636363636
55+,F,1,C,4,3,0.14,P00000070,0.02,10.0,0.12,6972.907395844319,7635.2
26-35,M,0,A,4,17,0.11904761904761904,P00000370,0.023809523809523808,10.0,0.09523809523809523,7343.006569061945,6530.880952380952
55+,F,1,C,2,10,0.2631578947368421,P00007153,0.05263157894736842,12.0,0.10526315789473684,7413.237202377478,4190.473684210527
51-55,F,1,B,1,17,0.20833333333333334,P00000610,0.020833333333333332,42.0,0.125,7162.7341761131665,6442.125
36-45,M,1,A,5+,3,0.125,P00000947,0.025,13.0,0.075,8761.344554347808,12530.1
51-55,F,1,B,3,8,0.1875,P00000238,0.0625,10.0,0.125,4662.432919982156,7231.75
18-25,M,0,A,1,3,0.21052631578947367,P00037995,0.05263157894736842,4.0,0.15789473684210525,8971.05130389276,5227.0526315789475
51-55,F,1,C,3,3,0.24,P00076664,0.04,27.0,0.1,5711.218094599578,5959.28
26-35,M,0,A,1,3,0.18604651162790697,P00023520,0.046511627906976744,11.0,0.06976744186046512,9155.199992130296,13408.093023255815
55+,F,1,C,1,10,0.1875,P00006470,0.0625,4.0,0.0625,11343.96069501301,8499.125
55+,F,1,C,2,10,0.25,P00004398,0.08333333333333333,4.0,0.25,5715.7710765915035,3027.5
51-55,F,1,B,5+,12,0.14285714285714285,P00028620,0.04081632653061224,9.0,0.08163265306122448,5258.9591185950885,6970.775510204082
26-35,M,0,A,4,3,0.125,P00008655,0.020833333333333332,21.0,0.08333333333333333,5828.107772881581,5884.854166666667
55+,F,1,C,1,3,0.1891891891891892,P00028271,0.05405405405405406,20.0,0.10810810810810811,8869.232027112084,11457.162162162162
36-45,M,0,A,5+,3,0.2391304347826087,P00029336,0.043478260869565216,36.0,0.10869565217391304,9381.999119600963,11618.173913043478
26-35,M,0,A,5+,11,0.2631578947368421,P00000925,0.05263157894736842,20.0,0.15789473684210525,3820.621096288339,6559.684210526316
26-35,M,0,A,5+,12,0.13953488372093023,P00073081,0.046511627906976744,7.0,0.06976744186046512,6663.201165579421,7156.418604651163
36-45,M,0,B,3,15,0.15789473684210525,P00001282,0.05263157894736842,18.0,0.15789473684210525,8491.546970559391,7087.789473684211
36-45,M,1,A,1,3,0.21621621621621623,P00006347,0.02702702702702703,7.0,0.10810810810810811,9944.114433189128,10997.027027027027
55+,F,1,C,1,20,0.14,P00056859,0.04,24.0,0.1,9812.568003580813,12357.54
26-35,M,0,A,1,3,0.2222222222222222,P00003382,0.05555555555555555,3.0,0.08333333333333333,9791.289891312292,11118.583333333334
26-35,M,0,A,4,3,0.14285714285714285,P00001069,0.02040816326530612,20.0,0.10204081632653061,6855.866095298732,7023.714285714285
51-55,F,1,C,1,10,0.26666666666666666,P00001575,0.06666666666666667,12.0,0.13333333333333333,10450.215363467738,8247.0
46-50,F,1,B,4,3,0.2857142857142857,P00004270,0.02040816326530612,40.0,0.10204081632653061,9686.387514880631,10979.489795918367
36-45,F,1,B,4,11,0.21052631578947367,P00004977,0.05263157894736842,27.0,0.21052631578947367,6608.982694583936,8406.421052631578
55+,F,1,C,1,3,0.18604651162790697,P00048097,0.046511627906976744,22.0,0.09302325581395349,10708.827609329344,13402.744186046511
55+,F,1,C,4,3,0.14634146341463414,P00000936,0.024390243902439025,18.0,0.0975609756097561,5154.051128871773,5458.243902439024
51-55,F,1,C,5+,11,0.15217391304347827,P00000809,0.021739130434782608,40.0,0.15217391304347827,7063.75185678283,7754.804347826087
36-45,M,0,A,4,3,0.1951219512195122,P00078160,0.04878048780487805,18.0,0.0975609756097561,3246.0931994870534,4779.121951219512
51-55,F,1,B,4,3,0.14634146341463414,P00040834,0.04878048780487805,27.0,0.0975609756097561,6739.5382696298175,5904.365853658536
55+,F,1,C,5+,3,0.12195121951219512,P00070642,0.04878048780487805,36.0,0.07317073170731707,7347.269743277962,6536.658536585366
46-50,M,1,A,1,13,0.16279069767441862,P00004649,0.023255813953488372,20.0,0.11627906976744186,9748.447684360139,11470.53488372093
55+,F,1,C,1,11,0.15384615384615385,P00005261,0.07692307692307693,7.0,0.07692307692307693,10964.03998276136,8672.923076923076
51-55,F,1,C,1,4,0.2777777777777778,P00031455,0.1111111111111111,16.0,0.1111111111111111,5579.808308664188,2672.9444444444443
26-35,M,0,A,5+,3,0.23255813953488372,P00001790,0.023255813953488372,20.0,0.09302325581395349,9395.400963898523,11171.32558139535
26-35,M,0,A,4,20,0.1388888888888889,P00000404,0.027777777777777776,10.0,0.08333333333333333,9528.315854619683,11370.055555555555
26-35,M,0,A,2,18,0.21428571428571427,P00000549,0.023809523809523808,10.0,0.09523809523809523,9815.212532821688,13275.642857142857
0-17,M,0,A,1,4,0.23076923076923078,P00056267,0.15384615384615385,20.0,0.15384615384615385,4294.261807849979,2603.846153846154
51-55,F,1,C,3,3,0.15555555555555556,P00096342,0.044444444444444446,21.0,0.08888888888888889,9389.272303587168,13310.2
46-50,M,1,A,5+,3,0.12,P00022259,0.04,30.0,0.12,9011.481158035715,8576.46
51-55,F,1,B,5+,13,0.15,P00003018,0.025,30.0,0.15,9248.762506134093,12966.05
55+,F,1,C,1,5,0.16666666666666666,P00007652,0.05555555555555555,30.0,0.16666666666666666,7326.960008802303,3837.5
18-25,M,0,A,2,17,0.5384615384615384,P00020075,0.07692307692307693,18.0,0.15384615384615385,3818.2233534620627,2685.076923076923
51-55,F,1,C,1,3,0.25,P00001156,0.08333333333333333,24.0,0.16666666666666666,3755.2053165834977,3133.6666666666665
51-55,F,1,C,5+,3,0.29545454545454547,P00064966,0.045454545454545456,21.0,0.11363636363636363,7438.30284610972,7069.454545454545
46-50,M,1,B,4,10,0.12244897959183673,P00001790,0.02040816326530612,18.0,0.10204081632653061,7157.754157728736,7408.2040816326535
51-55,F,1,C,1,10,0.21428571428571427,P00000285,0.07142857142857142,6.0,0.14285714285714285,8220.182215033414,4484.428571428572
36-45,M,1,A,3,3,0.10416666666666667,P00000148,0.020833333333333332,20.0,0.08333333333333333,8898.62219789296,10936.479166666666
46-50,F,1,C,1,5,0.2,P00000947,0.06666666666666667,9.0,0.13333333333333333,4847.065725039959,2980.0
26-35,M,0,A,4,18,0.1935483870967742,P00006980,0.03225806451612903,30.0,0.0967741935483871,9566.100337251622,12316.064516129032
46-50,F,1,B,1,3,0.16666666666666666,P00000101,0.023809523809523808,42.0,0.09523809523809523,9383.262220577457,12856.047619047618
18-25,M,0,A,2,11,0.3333333333333333,P00039576,0.1111111111111111,14.0,0.16666666666666666,7597.447907414854,9708.666666666666
46-50,F,1,B,5+,3,0.1836734693877551,P00001409,0.02040816326530612,12.0,0.061224489795918366,10153.204405456418,11829.265306122448
26-35,M,0,B,1,15,0.2727272727272727,P00013564,0.09090909090909091,28.0,0.18181818181818182,7185.898459672755,5427.454545454545
51-55,F,1,C,2,11,0.2631578947368421,P00003982,0.05263157894736842,7.0,0.10526315789473684,5265.066323035723,6960.9473684210525
46-50,M,1,B,5+,17,0.18,P00056964,0.04,36.0,0.12,7189.280272114895,6897.84
51-55,F,1,B,4,11,0.13043478260869565,P00035438,0.043478260869565216,18.0,0.13043478260869565,6614.086176615091,6769.217391304348
55+,F,1,C,2,10,0.23076923076923078,P00016633,0.07692307692307693,14.0,0.15384615384615385,8716.148730506364,6917.7692307692305
51-55,F,1,C,2,12,0.2,P00021034,0.1,6.0,0.1,4812.671353370762,2598.0
55+,F,1,C,3,3,0.14893617021276595,P00028620,0.0425531914893617,10.0,0.0851063829787234,7296.096630122007,6551.085106382979
26-35,M,0,A,5+,19,0.16666666666666666,P00054273,0.041666666666666664,7.0,0.08333333333333333,10214.435490870903,11304.833333333334
46-50,F,1,B,4,3,0.16666666666666666,P00022401,0.041666666666666664,42.0,0.08333333333333333,9190.536632921054,12077.125
36-45,M,0,A,3,3,0.13953488372093023,P00043024,0.046511627906976744,12.0,0.11627906976744186,9858.812289223932,12221.767441860466
55+,F,1,C,2,2,0.13333333333333333,P00003708,0.06666666666666667,20.0,0.13333333333333333,9410.318279623147,6731.133333333333
26-35,M,0,A,4,3,0.16326530612244897,P00000953,0.02040816326530612,18.0,0.08163265306122448,4269.877268962986,4936.061224489796
55+,F,1,C,2,11,0.18604651162790697,P00089916,0.046511627906976744,20.0,0.16279069767441862,5591.7033005848825,6643.767441860465
36-45,F,1,B,1,10,0.2727272727272727,P00004622,0.09090909090909091,16.0,0.09090909090909091,10626.139980769549,7614.090909090909
18-25,M,0,A,1,17,0.2,P00009405,0.05,40.0,0.15,9222.61595196116,6232.95
36-45,M,0,A,5+,8,0.16666666666666666,P00051064,0.041666666666666664,42.0,0.10416666666666667,6763.899914453808,6640.895833333333
36-45,M,1,A,5+,3,0.18,P00000718,0.02,40.0,0.12,7025.866759659608,6572.1
0-17,M,0,A,1,12,0.3,P00008564,0.1,24.0,0.3,4689.6679626600435,3961.6
18-25,M,0,A,1,17,0.23529411764705882,P00005612,0.058823529411764705,40.0,0.11764705882352941,4825.743130825125,4153.470588235294
26-35,M,0,B,1,11,0.21428571428571427,P00012783,0.07142857142857142,40.0,0.21428571428571427,5101.921517460815,3408.6428571428573
46-50,F,1,B,2,20,0.18181818181818182,P00068100,0.06060606060606061,21.0,0.09090909090909091,9230.95203690149,11970.484848484848
26-35,M,0,A,2,16,0.25,P00006980,0.08333333333333333,12.0,0.16666666666666666,3705.1644751453055,1954.8333333333333
26-35,M,0,A,3,3,0.14285714285714285,P00000101,0.02040816326530612,7.0,0.08163265306122448,6746.37383236761,6761.775510204082
55+,F,1,C,3,17,0.3,P00046987,0.1,20.0,0.15,4728.156923658186,2475.0
51-55,F,1,C,2,4,0.13333333333333333,P00001457,0.06666666666666667,12.0,0.13333333333333333,9446.18580471202,6739.4
46-50,M,1,A,2,3,0.16666666666666666,P00005818,0.03333333333333333,9.0,0.1,10127.249537586782,15097.9
55+,F,1,C,1,4,0.18181818181818182,P00024302,0.09090909090909091,6.0,0.18181818181818182,8801.173252367085,3778.2727272727275
26-35,M,0,A,4,12,0.21052631578947367,P00009405,0.05263157894736842,10.0,0.2631578947368421,7321.764931988615,7631.0526315789475
36-45,M,0,A,4,3,0.16216216216216217,P00003451,0.02702702702702703,20.0,0.13513513513513514,9408.831441262517,11215.513513513513
36-45,M,0,A,4,8,0.13636363636363635,P00002387,0.022727272727272728,40.0,0.11363636363636363,5944.8504595815075,6172.613636363636
18-25,M,0,A,5+,4,0.17647058823529413,P00003426,0.058823529411764705,42.0,0.23529411764705882,5468.4694970079045,2677.529411764706
36-45,M,1,A,1,19,0.2,P00091846,0.05714285714285714,42.0,0.14285714285714285,9570.389960970346,11952.228571428572
55+,F,1,C,5+,2,0.13333333333333333,P00000070,0.022222222222222223,10.0,0.1111111111111111,7799.593644880003,6745.555555555556
18-25,M,0,A,1,5,0.1875,P00005057,0.0625,20.0,0.125,5476.283965123309,3473.75
26-35,M,0,A,2,3,0.2,P00000526,0.03333333333333333,13.0,0.1,10025.355949251649,13201.233333333334
36-45,F,1,B,2,10,0.16666666666666666,P00009923,0.05555555555555555,10.0,0.1111111111111111,4372.9577492955705,3453.777777777778
55+,F,1,C,4,20,0.19047619047619047,P00006613,0.023809523809523808,42.0,0.09523809523809523,10130.312280569553,11295.309523809523
0-17,M,0,A,2,16,0.21428571428571427,P00002815,0.07142857142857142,28.0,0.14285714285714285,4229.69498549596,2371.8571428571427
26-35,M,0,B,1,17,0.42105263157894735,P00002815,0.05263157894736842,42.0,0.15789473684210525,5708.669257371501,3367.6315789473683
55+,F,1,C,3,3,0.1702127659574468,P00059396,0.0425531914893617,20.0,0.10638297872340426,9150.769332594577,11151.27659574468
55+,F,1,C,2,16,0.45454545454545453,P00021096,0.09090909090909091,12.0,0.18181818181818182,7964.091553512382,3793.5454545454545
55+,F,1,C,3,3,0.13953488372093023,P00025310,0.046511627906976744,9.0,0.11627906976744186,7490.78381032474,7467.046511627907
51-55,F,1,B,1,3,0.13636363636363635,P00004907,0.022727272727272728,18.0,0.09090909090909091,8861.842957571025,9570.0
26-35,M,0,A,4,18,0.14634146341463414,P00005818,0.04878048780487805,21.0,0.0975609756097561,10686.089696993711,14237.292682926829
36-45,M,0,A,1,11,0.2,P00002379,0.06666666666666667,7.0,0.13333333333333333,7832.54410107202,7751.333333333333
46-50,F,1,B,1,12,0.2857142857142857,P00001853,0.07142857142857142,20.0,0.21428571428571427,6172.692623141073,5768.285714285715
36-45,M,1,A,4,3,0.2,P00000247,0.03333333333333333,20.0,0.13333333333333333,9128.971813351463,15833.1
26-35,M,0,B,2,4,0.3125,P00005612,0.0625,32.0,0.1875,5724.772378298838,3952.875
36-45,M,0,A,4,3,0.125,P00087488,0.041666666666666664,7.0,0.08333333333333333,8620.19950393195,10298.541666666666
46-50,F,1,B,1,3,0.18181818181818182,P00016051,0.09090909090909091,18.0,0.18181818181818182,2738.2315992094404,2187.909090909091
46-50,F,1,B,4,17,0.10416666666666667,P00059396,0.041666666666666664,42.0,0.125,8982.919683531638,10690.291666666666
46-50,M,1,A,1,18,0.14583333333333334,P00055045,0.0625,42.0,0.16666666666666666,10437.657162850395,14287.8125
36-45,M,0,A,2,19,0.14705882352941177,P00000947,0.029411764705882353,13.0,0.08823529411764706,9733.269452516668,12991.64705882353
46-50,F,1,B,1,4,0.18181818181818182,P00012963,0.09090909090909091,18.0,0.18181818181818182,5074.844280638301,3618.4545454545455
46-50,M,1,A,1,3,0.15625,P00004232,0.03125,10.0,0.125,9959.58188568685,12868.21875
46-50,M,1,B,4,3,0.18181818181818182,P00000404,0.022727272727272728,35.0,0.09090909090909091,7565.596631676492,7164.454545454545
46-50,M,1,A,2,3,0.14583333333333334,P00090195,0.041666666666666664,7.0,0.08333333333333333,7451.156197468821,7618.708333333333
26-35,M,0,A,1,18,0.14583333333333334,P00047674,0.041666666666666664,12.0,0.08333333333333333,9705.303525641159,13095.166666666666
46-50,M,1,B,5+,3,0.175,P00004082,0.025,27.0,0.125,7375.7541969427075,6997.025
36-45,F,1,B,2,5,0.1875,P00005254,0.0625,6.0,0.125,8386.013553331923,5741.125
36-45,M,0,A,5+,3,0.13953488372093023,P00072425,0.046511627906976744,42.0,0.13953488372093023,6689.564701939853,7177.162790697675
55+,F,1,C,4,3,0.125,P00086191,0.041666666666666664,28.0,0.10416666666666667,7541.191116858989,8365.666666666666
51-55,F,1,B,5+,3,0.26,P00069589,0.04,40.0,0.12,6007.428586919596,6215.24
18-25,M,0,A,1,5,0.3333333333333333,P00010737,0.05555555555555555,40.0,0.1111111111111111,4949.327478246727,2260.3888888888887
36-45,M,0,A,5+,6,0.15217391304347827,P00005057,0.043478260869565216,9.0,0.13043478260869565,4886.730184898692,7095.5
46-50,M,1,B,4,10,0.16666666666666666,P00000770,0.020833333333333332,24.0,0.0625,7804.926504644858,7906.791666666667
55+,F,1,C,2,16,0.2222222222222222,P00004398,0.05555555555555555,6.0,0.1111111111111111,8091.108675254043,6161.777777777777
26-35,M,0,A,3,3,0.1388888888888889,P00000573,0.027777777777777776,30.0,0.1388888888888889,7781.933719932891,8323.416666666666
55+,F,1,C,4,18,0.14893617021276595,P00043152,0.0425531914893617,12.0,0.10638297872340426,10276.91638412649,13255.36170212766
26-35,M,0,A,1,3,0.15217391304347827,P00001575,0.021739130434782608,10.0,0.06521739130434782,10301.8045706134,10681.5
36-45,M,0,A,5+,3,0.20408163265306123,P00000070,0.02040816326530612,7.0,0.10204081632653061,5907.071997473311,6316.285714285715
0-17,M,0,A,2,15,0.17647058823529413,P00001085,0.058823529411764705,18.0,0.11764705882352941,6386.842041052288,5784.411764705882
36-45,M,1,A,5+,13,0.16,P00022401,0.04,35.0,0.08,10625.996463352678,11498.24
46-50,M,1,B,5+,3,0.14634146341463414,P00022414,0.04878048780487805,9.0,0.0975609756097561,6583.488387162421,6991.609756097561
36-45,M,1,A,2,3,0.1702127659574468,P00083259,0.0425531914893617,44.0,0.0851063829787234,9261.169102357471,13367.659574468085
36-45,M,0,B,3,4,0.14285714285714285,P00000221,0.07142857142857142,30.0,0.14285714285714285,7876.679231743553,4953.214285714285
0-17,M,0,A,2,10,0.21052631578947367,P00001790,0.05263157894736842,18.0,0.10526315789473684,3491.950467049538,3173.7894736842104
55+,F,1,C,2,1,0.2,P00007161,0.06666666666666667,30.0,0.2,8177.407680980104,11191.333333333334
36-45,M,1,A,2,3,0.1794871794871795,P00000101,0.02564102564102564,35.0,0.10256410256410256,9573.534415237149,11420.897435897436
51-55,F,1,C,2,17,0.2857142857142857,P00007851,0.07142857142857142,30.0,0.21428571428571427,7236.980322020966,4754.214285714285
36-45,F,1,B,4,3,0.23076923076923078,P00018793,0.07692307692307693,36.0,0.15384615384615385,6654.438270230455,8849.76923076923
26-35,M,0,B,1,4,0.2,P00018050,0.1,18.0,0.2,4668.251589192681,2733.7
51-55,F,1,B,1,12,0.15,P00027739,0.05,45.0,0.1,9397.174542593872,11799.475
26-35,M,0,A,4,11,0.25,P00002627,0.0625,9.0,0.0625,3861.4260319213677,6371.75
55+,F,1,C,2,15,0.21052631578947367,P00000404,0.05263157894736842,20.0,0.21052631578947367,9545.561761320352,6351.684210526316
55+,F,1,C,1,19,0.1388888888888889,P00004358,0.027777777777777776,21.0,0.1111111111111111,10640.457461933032,12105.972222222223
46-50,F,1,C,1,10,0.26666666666666666,P00009954,0.06666666666666667,4.0,0.13333333333333333,3512.9685140849724,2218.266666666667
46-50,F,1,B,1,3,0.17073170731707318,P00000770,0.024390243902439025,28.0,0.12195121951219512,9666.875708932605,9744.317073170732
55+,F,1,C,2,10,0.25,P00000610,0.05,6.0,0.1,6604.093868080696,3361.85
46-50,F,1,C,1,5,0.2,P00003745,0.1,4.0,0.1,3836.059959269551,2866.7
55+,F,1,C,5+,3,0.14285714285714285,P00000925,0.023809523809523808,30.0,0.09523809523809523,5597.14640128328,6605.666666666667
51-55,F,1,B,5+,3,0.2,P00003453,0.03333333333333333,28.0,0.1,8096.972302309539,9787.133333333333
36-45,M,1,A,4,3,0.15217391304347827,P00001575,0.021739130434782608,21.0,0.06521739130434782,9821.291582466436,12019.08695652174
46-50,F,1,B,1,4,0.23076923076923078,P00005394,0.07692307692307693,42.0,0.23076923076923078,7081.28405439115,4452.7692307692305
46-50,F,1,B,2,8,0.15,P00001398,0.05,21.0,0.15,5923.431065647146,6733.3
46-50,M,1,A,4,12,0.13953488372093023,P00019435,0.046511627906976744,21.0,0.09302325581395349,7548.100455269194,7295.604651162791
51-55,F,1,B,5+,3,0.1111111111111111,P00022301,0.044444444444444446,7.0,0.06666666666666667,6320.472620737703,5930.177777777778
36-45,M,0,B,5+,5,0.18181818181818182,P00027405,0.09090909090909091,20.0,0.2727272727272727,7967.356133852457,5370.181818181818
55+,F,1,C,1,10,0.1836734693877551,P00031423,0.04081632653061224,27.0,0.12244897959183673,7126.7708976591275,6784.224489795918
55+,F,1,C,1,7,0.16666666666666666,P00004405,0.05555555555555555,20.0,0.16666666666666666,4784.870013464486,6700.888888888889
36-45,F,1,B,2,1,0.13333333333333333,P00001409,0.06666666666666667,4.0,0.2,7933.370374263267,6328.066666666667
0-17,M,0,A,2,10,0.2,P00005627,0.1,24.0,0.3,8141.775170890765,5201.6
51-55,F,1,C,1,3,0.15,P00005261,0.05,18.0,0.15,5698.652742673389,9141.35
51-55,F,1,B,4,3,0.18604651162790697,P00078560,0.046511627906976744,21.0,0.11627906976744186,8050.187397170835,6948.674418604651
0-17,M,0,A,3,4,0.16666666666666666,P00005873,0.05555555555555555,12.0,0.1111111111111111,4973.640316709683,2957.0
26-35,M,0,A,2,5,0.25,P00002152,0.05,42.0,0.3,8693.090583603558,5207.0
51-55,F,1,C,3,10,0.2,P00007923,0.1,16.0,0.2,8191.048254717531,3897.8
26-35,M,0,A,5+,3,0.13333333333333333,P00002264,0.03333333333333333,7.0,0.06666666666666667,8209.742449164236,13533.233333333334
26-35,M,0,A,5+,11,0.1875,P00000743,0.03125,40.0,0.125,9079.492336064013,11191.625
51-55,F,1,B,4,3,0.20930232558139536,P00046993,0.046511627906976744,20.0,0.11627906976744186,8162.931532061305,8357.39534883721
18-25,M,0,A,2,10,0.2222222222222222,P00010945,0.05555555555555555,40.0,0.16666666666666666,5984.332290031724,3100.3888888888887
26-35,M,0,A,1,10,0.25,P00006275,0.0625,28.0,0.125,8571.063006807653,5391.5
51-55,F,1,C,4,3,0.2,P00019234,0.06666666666666667,6.0,0.13333333333333333,9228.23653535067,6397.133333333333
46-50,M,1,B,5+,7,0.16279069767441862,P00004752,0.046511627906976744,20.0,0.11627906976744186,5997.426069815403,7430.674418604651
51-55,F,1,C,5+,4,0.11764705882352941,P00000148,0.058823529411764705,27.0,0.17647058823529413,4044.02530792977,4126.235294117647
0-17,M,0,A,4,4,0.14285714285714285,P00014665,0.07142857142857142,10.0,0.14285714285714285,7401.670287067746,4312.5
55+,F,1,C,4,3,0.16279069767441862,P00004130,0.023255813953488372,20.0,0.11627906976744186,7752.445341216492,8860.39534883721
51-55,F,1,B,1,3,0.15555555555555556,P00093027,0.044444444444444446,40.0,0.08888888888888889,9668.910220209133,11604.488888888889
55+,F,1,C,1,11,0.15555555555555556,P00035763,0.044444444444444446,18.0,0.08888888888888889,6297.649431624181,5973.666666666667
0-17,M,0,A,2,4,0.38461538461538464,P00017709,0.07692307692307693,30.0,0.15384615384615385,1687.3751577752125,1353.3846153846155
36-45,M,1,A,1,19,0.175,P00094639,0.05,18.0,0.1,8917.258278444511,10284.975
36-45,M,1,A,1,3,0.24,P00063082,0.04,20.0,0.08,10452.94694313132,14591.8
46-50,F,1,B,5+,3,0.35,P00000238,0.05,9.0,0.1,3933.402229957112,6313.55
26-35,M,0,A,4,7,0.18181818181818182,P00012667,0.18181818181818182,35.0,0.18181818181818182,8040.499129689988,7665.363636363636
55+,F,1,C,5+,3,0.15625,P00003382,0.03125,9.0,0.09375,9829.931081166535,11728.8125
26-35,M,0,B,4,17,0.21428571428571427,P00026682,0.14285714285714285,3.0,0.14285714285714285,5488.669537939344,3853.714285714286
46-50,F,1,C,1,17,0.25,P00013896,0.05,4.0,0.15,5963.758092803035,3224.8
51-55,F,1,B,1,20,0.18421052631578946,P00000101,0.02631578947368421,42.0,0.10526315789473684,9828.031736898256,12285.447368421053
0-17,M,0,A,3,4,0.23076923076923078,P00004752,0.07692307692307693,20.0,0.15384615384615385,7837.010562969951,3848.3076923076924
51-55,F,1,C,3,6,0.29411764705882354,P00012180,0.11764705882352941,10.0,0.23529411764705882,7100.746811386233,10437.823529411764
51-55,F,1,B,4,10,0.125,P00002379,0.025,42.0,0.125,6605.922652952793,6865.825
18-25,M,0,A,2,3,0.15,P00001110,0.05,35.0,0.1,5572.1232266194165,4478.9
26-35,M,0,B,1,17,0.2631578947368421,P00002370,0.05263157894736842,14.0,0.10526315789473684,8938.764595685247,6974.9473684210525
36-45,M,0,B,2,5,0.3333333333333333,P00019026,0.08333333333333333,44.0,0.16666666666666666,1657.3055350066372,1263.0
36-45,M,0,B,4,4,0.16666666666666666,P00012412,0.05555555555555555,32.0,0.16666666666666666,8197.681196932212,4688.222222222223
51-55,F,1,C,4,3,0.1590909090909091,P00028174,0.045454545454545456,9.0,0.06818181818181818,8999.166359882063,8781.386363636364
51-55,F,1,B,4,3,0.15555555555555556,P00003072,0.022222222222222223,9.0,0.1111111111111111,5766.043110007472,6406.111111111111
26-35,M,0,A,5+,3,0.15151515151515152,P00000947,0.030303030303030304,44.0,0.12121212121212122,9055.10656028861,12334.454545454546
36-45,M,1,A,4,11,0.13043478260869565,P00000925,0.021739130434782608,20.0,0.10869565217391304,7360.5352386573695,9035.978260869566
51-55,F,1,B,3,20,0.20454545454545456,P00024866,0.045454545454545456,30.0,0.06818181818181818,8940.24603796476,15892.113636363636
51-55,F,1,C,2,17,0.3076923076923077,P00062668,0.15384615384615385,20.0,0.23076923076923078,9515.363776950007,6133.153846153846
46-50,F,1,B,5+,8,0.13953488372093023,P00047292,0.046511627906976744,12.0,0.11627906976744186,10071.858817235774,13192.67441860465
26-35,M,0,A,3,8,0.12244897959183673,P00001575,0.02040816326530612,42.0,0.10204081632653061,9249.338787086313,11301.040816326531
26-35,M,0,B,5+,7,0.16666666666666666,P00015350,0.05555555555555555,18.0,0.1111111111111111,8679.571006273361,6014.833333333333
46-50,M,1,B,5+,12,0.20833333333333334,P00066708,0.041666666666666664,9.0,0.08333333333333333,4986.110038634916,6593.458333333333
51-55,F,1,B,4,3,0.13333333333333333,P00001069,0.022222222222222223,10.0,0.08888888888888889,6864.167722839582,7834.466666666666
46-50,F,1,B,1,3,0.2,P00030785,0.1,40.0,0.2,7216.582801668206,5767.0
46-50,M,1,B,3,13,0.125,P00059569,0.041666666666666664,36.0,0.08333333333333333,9972.639690864804,12885.020833333334
55+,F,1,C,1,5,0.2857142857142857,P00003072,0.07142857142857142,44.0,0.14285714285714285,581.2033934995429,626.0
18-25,M,0,A,4,4,0.18181818181818182,P00000101,0.09090909090909091,24.0,0.18181818181818182,8290.140587688267,4950.818181818182
36-45,F,1,B,1,4,0.4,P00004403,0.1,42.0,0.2,9222.906546564736,4186.5
46-50,M,1,B,4,3,0.10416666666666667,P00001282,0.020833333333333332,42.0,0.10416666666666667,7351.100672127631,7091.1875
55+,F,1,C,4,11,0.16326530612244897,P00000953,0.02040816326530612,40.0,0.14285714285714285,7143.171169406636,7419.755102040816
46-50,F,1,C,2,16,0.21428571428571427,P00005627,0.07142857142857142,44.0,0.14285714285714285,7985.046019877434,4150.357142857143
46-50,F,1,B,3,20,0.23684210526315788,P00012609,0.02631578947368421,20.0,0.13157894736842105,10094.88761094779,11061.473684210527
0-17,M,0,A,5+,16,0.4,P00023219,0.1,32.0,0.2,6260.886040418809,3854.7
51-55,F,1,B,5+,17,0.16279069767441862,P00004232,0.023255813953488372,40.0,0.13953488372093023,6409.141991786019,5683.023255813953
26-35,M,0,A,2,3,0.2,P00007255,0.03333333333333333,20.0,0.1,8995.099647336723,13596.3
51-55,F,1,B,4,3,0.22727272727272727,P00065500,0.045454545454545456,40.0,0.09090909090909091,6123.477160433863,6160.977272727273
46-50,F,1,B,2,3,0.13333333333333333,P00086361,0.044444444444444446,10.0,0.06666666666666667,10210.579616705945,13294.4
51-55,F,1,C,1,3,0.15217391304347827,P00000101,0.021739130434782608,7.0,0.06521739130434782,9464.031336520782,10653.804347826086
46-50,F,1,B,2,9,0.18181818181818182,P00006275,0.09090909090909091,40.0,0.2727272727272727,5027.163212353102,5274.818181818182
18-25,M,0,A,4,10,0.29411764705882354,P00001398,0.058823529411764705,6.0,0.11764705882352941,7198.252408928647,5682.64705882353
46-50,M,1,B,4,3,0.125,P00004622,0.025,40.0,0.1,9349.527381960314,12935.875
51-55,F,1,C,2,10,0.3,P00009145,0.1,5.0,0.1,3651.90142254689,2708.0
26-35,M,0,A,5+,4,0.2,P00004082,0.1,35.0,0.2,4464.301333915532,6237.8
46-50,F,1,C,1,3,0.2777777777777778,P00012057,0.05555555555555555,44.0,0.16666666666666666,10926.287175335843,7295.444444444444
0-17,M,0,A,1,5,0.26666666666666666,P00000772,0.06666666666666667,20.0,0.13333333333333333,7723.681435935167,2871.0666666666666
46-50,F,1,C,2,12,0.3333333333333333,P00010786,0.06666666666666667,6.0,0.06666666666666667,10254.413724738008,8855.866666666667
55+,F,1,C,2,20,0.21621621621621623,P00005261,0.02702702702702703,7.0,0.08108108108108109,9030.11509750425,14696.783783783783
26-35,M,0,A,2,3,0.16,P00004752,0.02,40.0,0.12,9346.646142650226,12875.92
26-35,M,0,A,5+,3,0.17142857142857143,P00001853,0.02857142857142857,27.0,0.14285714285714285,9521.57998002256,12394.085714285715
18-25,M,0,A,1,16,0.3333333333333333,P00012510,0.08333333333333333,30.0,0.25,4855.082544628002,2031.1666666666667
26-35,M,0,A,5+,12,0.21052631578947367,P00001853,0.05263157894736842,21.0,0.15789473684210525,4815.832318315148,8505.157894736842
36-45,M,1,A,3,19,0.14893617021276595,P00000404,0.0425531914893617,11.0,0.06382978723404255,9922.106459698707,14363.574468085106
46-50,F,1,B,5+,16,0.21428571428571427,P00003852,0.07142857142857142,7.0,0.14285714285714285,7568.490292138705,8230.92857142857
51-55,F,1,B,4,12,0.18,P00028828,0.04,21.0,0.08,7101.707420481531,7380.14
26-35,M,0,A,2,1,0.21052631578947367,P00085214,0.10526315789473684,9.0,0.15789473684210525,3319.934710130933,6176.578947368421
51-55,F,1,C,1,16,0.25,P00000743,0.05,6.0,0.1,6888.374053814381,4832.5
36-45,M,1,A,2,3,0.25,P00005261,0.022727272727272728,13.0,0.09090909090909091,8720.560504684103,14139.136363636364
55+,F,1,C,4,5,0.2,P00019514,0.13333333333333333,42.0,0.2,4458.965450159295,2860.2
36-45,M,0,A,5+,3,0.14,P00037299,0.04,20.0,0.12,9758.644190727751,12782.74
36-45,F,1,B,1,16,0.17647058823529413,P00007923,0.058823529411764705,42.0,0.17647058823529413,8191.5088434520385,5716.588235294118
51-55,F,1,C,1,4,0.3125,P00000070,0.0625,24.0,0.1875,3202.696132427594,2247.875
26-35,M,0,A,3,3,0.14705882352941177,P00096342,0.058823529411764705,13.0,0.11764705882352941,10081.64828394703,11730.0
51-55,F,1,B,4,6,0.125,P00012967,0.025,7.0,0.075,7638.264045252691,7658.625
55+,F,1,C,1,17,0.21428571428571427,P00003448,0.07142857142857142,6.0,0.21428571428571427,8964.192933585793,4599.214285714285
26-35,M,0,B,1,5,0.21428571428571427,P00093951,0.14285714285714285,4.0,0.14285714285714285,4582.503891115414,4315.714285714285
51-55,F,1,B,5+,3,0.16279069767441862,P00097920,0.046511627906976744,7.0,0.09302325581395349,5426.956785054019,6212.6511627906975
26-35,M,0,A,1,10,0.23529411764705882,P00003936,0.058823529411764705,4.0,0.23529411764705882,2223.337247181786,1597.5294117647059
55+,F,1,C,5+,1,0.11764705882352941,P00049531,0.11764705882352941,30.0,0.17647058823529413,7149.5779117495085,7132.764705882353
55+,F,1,C,2,3,0.18181818181818182,P00012283,0.09090909090909091,30.0,0.18181818181818182,6463.22557242125,6731.0
0-17,M,0,A,2,10,0.23529411764705882,P00000221,0.058823529411764705,36.0,0.17647058823529413,8313.397350503159,6019.588235294118
26-35,M,0,B,1,10,0.25,P00000101,0.05,40.0,0.15,8172.870177251719,4998.25
36-45,M,1,A,3,3,0.1388888888888889,P00004907,0.05555555555555555,40.0,0.08333333333333333,9594.583821673097,12234.444444444445
18-25,M,0,A,2,10,0.25,P00000205,0.0625,18.0,0.125,2381.9046125597333,1972.625
18-25,M,0,A,1,17,0.4,P00004752,0.06666666666666667,9.0,0.06666666666666667,5218.753927172745,2619.5333333333333
55+,F,1,C,2,3,0.14893617021276595,P00000526,0.02127659574468085,36.0,0.10638297872340426,5896.92614552467,6517.234042553191
18-25,M,0,A,1,5,0.15789473684210525,P00007435,0.05263157894736842,25.0,0.10526315789473684,8208.55504162243,4939.263157894737
0-17,M,0,A,2,4,0.2,P00003003,0.05,40.0,0.15,5956.701214200956,3489.25
26-35,M,0,A,5+,13,0.13333333333333333,P00029336,0.044444444444444446,42.0,0.1111111111111111,9363.658581306387,12401.866666666667
51-55,F,1,C,2,16,0.2,P00000101,0.06666666666666667,36.0,0.2,5060.074590076994,3277.0
36-45,F,1,B,2,16,0.21052631578947367,P00001576,0.05263157894736842,12.0,0.10526315789473684,6335.473882957567,3185.8947368421054
51-55,F,1,C,4,14,0.25,P00000215,0.0625,14.0,0.125,5583.502430897057,9154.0625
55+,F,1,C,2,5,0.10526315789473684,P00014027,0.05263157894736842,30.0,0.21052631578947367,7810.21459409714,4996.684210526316
46-50,M,1,B,4,3,0.20512820512820512,P00058904,0.05128205128205128,42.0,0.1282051282051282,10423.489080760539,11725.74358974359
46-50,F,1,B,3,19,0.2,P00053512,0.06666666666666667,28.0,0.1,9801.61950493592,13328.333333333334
55+,F,1,C,2,17,0.23076923076923078,P00001794,0.07692307692307693,20.0,0.15384615384615385,4459.0618336032785,4634.461538461538
51-55,F,1,C,5+,18,0.11627906976744186,P00072382,0.046511627906976744,20.0,0.11627906976744186,9844.78416153213,10941.162790697674
51-55,F,1,B,3,12,0.25,P00005057,0.0625,35.0,0.1875,6081.254125041424,7755.5
46-50,M,1,A,4,12,0.1590909090909091,P00001790,0.022727272727272728,42.0,0.18181818181818182,6558.881226468241,6921.181818181818
46-50,M,1,B,2,13,0.15384615384615385,P00004649,0.02564102564102564,14.0,0.1282051282051282,9920.635049162802,13089.102564102564
55+,F,1,C,5+,11,0.13636363636363635,P00015713,0.045454545454545456,36.0,0.11363636363636363,7707.638584526578,9554.90909090909
18-25,M,0,A,3,5,0.16666666666666666,P00015158,0.05555555555555555,20.0,0.16666666666666666,5063.177896192937,3388.9444444444443
36-45,F,1,B,2,10,0.23529411764705882,P00007435,0.058823529411764705,36.0,0.17647058823529413,5834.382356796143,5179.882352941177
26-35,M,0,A,3,3,0.1956521739130435,P00059569,0.06521739130434782,7.0,0.13043478260869565,10557.430364417134,13417.478260869566
36-45,F,1,B,1,10,0.2222222222222222,P00007153,0.05555555555555555,18.0,0.16666666666666666,3545.759990716336,3304.5
0-17,M,0,A,1,17,0.23529411764705882,P00005871,0.058823529411764705,6.0,0.11764705882352941,3363.7439138030495,2221.6470588235293
51-55,F,1,C,4,4,0.25,P00012964,0.08333333333333333,16.0,0.3333333333333333,4341.0208546614995,2352.6666666666665
0-17,M,0,A,1,10,0.15789473684210525,P00005819,0.05263157894736842,20.0,0.10526315789473684,9485.120443026195,6659.526315789473
0-17,M,0,A,2,3,0.38461538461538464,P00001156,0.07692307692307693,20.0,0.15384615384615385,4750.338749054559,3952.6923076923076
51-55,F,1,C,4,11,0.17391304347826086,P00092059,0.043478260869565216,27.0,0.10869565217391304,5379.745831370189,6200.891304347826
55+,F,1,C,4,3,0.125,P00000221,0.020833333333333332,42.0,0.14583333333333334,7365.4010704834,7184.083333333333
55+,F,1,C,4,8,0.15555555555555556,P00000070,0.022222222222222223,35.0,0.13333333333333333,5812.456671284144,5915.111111111111
36-45,F,1,B,1,5,0.18181818181818182,P00000610,0.09090909090909091,27.0,0.18181818181818182,4092.483973423387,6007.454545454545
55+,F,1,C,4,10,0.11627906976744186,P00010231,0.023255813953488372,36.0,0.09302325581395349,6384.204689565682,6989.3488372093025
46-50,M,1,B,5+,3,0.22,P00029278,0.04,18.0,0.14,6326.491105644259,5965.62
46-50,F,1,B,4,19,0.13953488372093023,P00013633,0.046511627906976744,10.0,0.09302325581395349,9115.15579840717,9482.093023255815
55+,F,1,C,5+,17,0.12,P00001409,0.02,7.0,0.08,6771.498261516006,7575.78
51-55,F,1,C,1,1,0.1,P00001409,0.1,20.0,0.2,7135.365412273339,5838.3
26-35,M,0,A,5+,11,0.17391304347826086,P00000105,0.021739130434782608,20.0,0.10869565217391304,4120.054728366396,5489.45652173913
51-55,F,1,B,4,12,0.16666666666666666,P00000215,0.023809523809523808,42.0,0.11904761904761904,6306.493757635753,7503.5952380952385
36-45,M,0,A,5+,3,0.20833333333333334,P00025226,0.041666666666666664,21.0,0.0625,10332.602465609652,12590.229166666666
51-55,F,1,C,1,4,0.25,P00000953,0.08333333333333333,40.0,0.16666666666666666,5278.297759924523,3486.8333333333335
51-55,F,1,B,1,3,0.21951219512195122,P00038508,0.04878048780487805,20.0,0.12195121951219512,10733.328650607471,14033.317073170732
0-17,M,0,A,1,16,0.16666666666666666,P00002538,0.05555555555555555,20.0,0.16666666666666666,6725.873286594111,4833.055555555556
26-35,M,0,A,3,3,0.20833333333333334,P00078799,0.041666666666666664,21.0,0.08333333333333333,8346.834951146717,13098.520833333334
18-25,M,0,A,4,4,0.15789473684210525,P00001621,0.05263157894736842,4.0,0.10526315789473684,5241.191573593844,3847.0
46-50,F,1,C,2,16,0.2857142857142857,P00003492,0.07142857142857142,24.0,0.14285714285714285,6389.262457220923,2855.1428571428573
55+,F,1,C,2,4,0.17647058823529413,P00000526,0.058823529411764705,4.0,0.23529411764705882,1758.992782899952,845.1176470588235
51-55,F,1,B,2,3,0.175,P00004606,0.025,10.0,0.1,6774.771862513347,6536.825
26-35,M,0,A,3,3,0.12244897959183673,P00001409,0.02040816326530612,20.0,0.10204081632653061,9926.681868241036,12090.591836734693
55+,F,1,C,1,3,0.25,P00011222,0.08333333333333333,16.0,0.16666666666666666,6793.2099499605065,6222.166666666667
26-35,M,0,B,1,16,0.25,P00004631,0.05,4.0,0.1,7541.417773134398,4993.65
26-35,M,0,A,2,18,0.1891891891891892,P00007161,0.05405405405405406,10.0,0.05405405405405406,10018.3008850365,11495.351351351352
26-35,M,0,A,4,3,0.21212121212121213,P00003982,0.030303030303030304,10.0,0.09090909090909091,8603.320741012,12292.09090909091
55+,F,1,C,1,16,0.16666666666666666,P00007652,0.05555555555555555,28.0,0.16666666666666666,5691.33267558513,4224.277777777777
36-45,M,1,A,5+,3,0.13953488372093023,P00004907,0.023255813953488372,20.0,0.09302325581395349,10414.578274551799,10880.488372093023
36-45,M,1,A,4,3,0.14285714285714285,P00070476,0.047619047619047616,7.0,0.09523809523809523,10034.472145030073,12211.452380952382
51-55,F,1,B,5+,8,0.17777777777777778,P00047580,0.044444444444444446,10.0,0.08888888888888889,4756.170476126755,5921.355555555556
51-55,F,1,C,5+,10,0.38461538461538464,P00015158,0.07692307692307693,6.0,0.15384615384615385,7863.163761065474,4805.0
55+,F,1,C,2,3,0.1956521739130435,P00018406,0.043478260869565216,40.0,0.10869565217391304,5424.662023177157,5868.608695652174
51-55,F,1,C,2,10,0.17647058823529413,P00011524,0.058823529411764705,6.0,0.17647058823529413,6802.117018533533,4814.941176470588
55+,F,1,C,2,5,0.15384615384615385,P00018666,0.07692307692307693,4.0,0.15384615384615385,6112.471054936449,3541.3076923076924
46-50,M,1,B,5+,11,0.13636363636363635,P00014882,0.045454545454545456,7.0,0.11363636363636363,4771.646746553024,5797.977272727273
36-45,M,0,A,2,3,0.20454545454545456,P00002052,0.022727272727272728,14.0,0.09090909090909091,9864.807424593391,11033.318181818182
36-45,M,1,A,1,20,0.19444444444444445,P00091846,0.05555555555555555,21.0,0.1111111111111111,9751.760442249177,17231.13888888889
36-45,M,0,B,1,4,0.17647058823529413,P00000148,0.11764705882352941,27.0,0.23529411764705882,4736.564910820052,3631.176470588235
46-50,F,1,B,1,3,0.15384615384615385,P00024450,0.07692307692307693,12.0,0.15384615384615385,5082.07119093619,4166.615384615385
51-55,F,1,B,4,3,0.2,P00004270,0.025,27.0,0.1,7025.923858906659,8929.925
18-25,M,0,A,5+,3,0.25,P00003982,0.0625,45.0,0.125,8974.628970743024,8710.6875
26-35,M,0,A,2,13,0.16279069767441862,P00001853,0.023255813953488372,21.0,0.13953488372093023,8296.779298673493,11553.53488372093
36-45,M,1,A,1,18,0.14583333333333334,P00007305,0.020833333333333332,20.0,0.08333333333333333,9562.138687004259,11928.666666666666
46-50,F,1,B,4,12,0.3333333333333333,P00009397,0.06666666666666667,9.0,0.13333333333333333,7461.28617279762,8099.066666666667
46-50,M,1,A,3,3,0.11904761904761904,P00001575,0.023809523809523808,14.0,0.09523809523809523,9290.993450442596,10728.142857142857
18-25,M,0,A,1,2,0.14285714285714285,P00002733,0.07142857142857142,14.0,0.14285714285714285,6111.332079482696,5455.642857142857
51-55,F,1,B,4,14,0.23076923076923078,P00000215,0.07692307692307693,42.0,0.15384615384615385,3289.780003945397,6247.153846153846
51-55,F,1,C,3,3,0.2647058823529412,P00000404,0.058823529411764705,14.0,0.08823529411764706,10336.229236600298,12446.323529411764
51-55,F,1,C,2,5,0.2,P00000718,0.06666666666666667,24.0,0.13333333333333333,9261.062207410325,5839.266666666666
46-50,F,1,B,1,3,0.18181818181818182,P00002052,0.030303030303030304,21.0,0.09090909090909091,9067.790509044036,12998.818181818182
26-35,M,0,A,3,3,0.13953488372093023,P00001790,0.023255813953488372,20.0,0.09302325581395349,8896.361060732841,10191.860465116279
46-50,F,1,B,3,11,0.2,P00008666,0.06666666666666667,10.0,0.13333333333333333,5575.511838131352,6093.6
46-50,F,1,B,3,11,0.14285714285714285,P00004898,0.07142857142857142,21.0,0.21428571428571427,8966.993068292915,10597.07142857143
55+,F,1,C,5+,3,0.14,P00016536,0.04,7.0,0.08,5238.509575738317,4572.42
51-55,F,1,C,2,3,0.12195121951219512,P00009923,0.04878048780487805,42.0,0.0975609756097561,9311.831276366222,10943.073170731708
51-55,F,1,C,1,3,0.25,P00003745,0.0625,9.0,0.125,8289.56527986641,7963.5625
55+,F,1,C,5+,12,0.19047619047619047,P00001853,0.023809523809523808,40.0,0.09523809523809523,7148.956916027971,8153.476190476191
18-25,M,0,A,1,10,0.2727272727272727,P00032030,0.09090909090909091,28.0,0.18181818181818182,7974.131981259493,4048.3636363636365
51-55,F,1,C,5+,12,0.14285714285714285,P00001383,0.023809523809523808,14.0,0.07142857142857142,6237.771131806541,6491.880952380952
46-50,F,1,B,2,11,0.35714285714285715,P00004130,0.07142857142857142,36.0,0.14285714285714285,3971.3472518158737,5663.071428571428
51-55,F,1,B,5+,3,0.24444444444444444,P00063630,0.044444444444444446,28.0,0.06666666666666667,9957.525389971104,12875.511111111111
0-17,M,0,A,3,5,0.1875,P00000936,0.0625,36.0,0.1875,2825.2265484381956,1886.375
55+,F,1,C,4,3,0.21428571428571427,P00020109,0.047619047619047616,40.0,0.09523809523809523,6222.51652469611,6128.380952380952
46-50,M,1,B,5+,3,0.0975609756097561,P00002469,0.024390243902439025,18.0,0.07317073170731707,5079.3244509529795,4898.8536585365855
36-45,M,0,B,1,16,0.3888888888888889,P00071849,0.1111111111111111,28.0,0.16666666666666666,3097.9661681633916,2419.5555555555557
26-35,M,0,A,5+,12,0.21951219512195122,P00005057,0.024390243902439025,7.0,0.04878048780487805,5631.495484349065,6141.90243902439
36-45,M,1,A,3,12,0.1590909090909091,P00000404,0.022727272727272728,20.0,0.09090909090909091,7270.650055562019,6968.954545454545
55+,F,1,C,4,3,0.22448979591836735,P00008197,0.04081632653061224,21.0,0.08163265306122448,10009.6610494052,12893.265306122448
26-35,M,0,A,1,3,0.2978723404255319,P00055340,0.0425531914893617,7.0,0.0851063829787234,9962.340015464177,12795.36170212766
46-50,F,1,B,2,4,0.2777777777777778,P00008948,0.05555555555555555,4.0,0.05555555555555555,10088.262482137185,6741.555555555556
51-55,F,1,B,1,3,0.23529411764705882,P00014993,0.058823529411764705,44.0,0.08823529411764706,9240.367749894896,11422.29411764706
26-35,M,0,B,1,5,0.3,P00003525,0.1,36.0,0.2,3792.5029275605775,2048.3
55+,F,1,C,5+,3,0.125,P00013845,0.041666666666666664,18.0,0.10416666666666667,5728.4494962603685,6116.833333333333
46-50,M,1,B,3,1,0.10638297872340426,P00002152,0.02127659574468085,30.0,0.10638297872340426,4086.9392180533955,4843.95744680851
26-35,M,0,B,1,16,0.2,P00023437,0.05,6.0,0.1,6622.957209386787,3696.25
26-35,M,0,A,3,17,0.26666666666666666,P00001794,0.06666666666666667,7.0,0.06666666666666667,9738.574510432114,7399.066666666667
55+,F,1,C,2,1,0.1875,P00035025,0.125,18.0,0.125,8535.563015749654,6973.4375
51-55,F,1,B,1,3,0.29411764705882354,P00078016,0.058823529411764705,20.0,0.11764705882352941,9515.20759517745,11637.764705882353
36-45,M,1,A,5+,3,0.16666666666666666,P00003982,0.03333333333333333,42.0,0.13333333333333333,9692.762068476248,12868.633333333333
51-55,F,1,B,5+,3,0.17073170731707318,P00040834,0.04878048780487805,30.0,0.07317073170731707,9521.647969745369,13189.121951219513
55+,F,1,C,3,18,0.2727272727272727,P00007161,0.06818181818181818,10.0,0.09090909090909091,8898.569445686426,14850.227272727272
18-25,M,0,A,2,6,0.15,P00001156,0.05,9.0,0.15,8409.865618020176,9097.15
26-35,M,0,B,2,4,0.17647058823529413,P00024477,0.11764705882352941,42.0,0.17647058823529413,9013.423168840362,5146.294117647059
55+,F,1,C,3,3,0.1891891891891892,P00003982,0.05405405405405406,13.0,0.08108108108108109,9800.306454575977,12843.297297297297
26-35,M,0,A,1,18,0.125,P00000101,0.020833333333333332,42.0,0.10416666666666667,9425.284082833256,11749.520833333334
51-55,F,1,B,5+,3,0.22580645161290322,P00000947,0.03225806451612903,36.0,0.0967741935483871,9335.372198234514,10413.290322580646
26-35,M,0,B,2,5,0.15,P00002627,0.05,28.0,0.15,8785.939864650973,6761.4
0-17,M,0,A,4,17,0.25,P00005057,0.05,30.0,0.2,6219.457423449835,3543.3
36-45,M,1,A,5+,7,0.10869565217391304,P00048169,0.043478260869565216,35.0,0.08695652173913043,7150.747182336996,8052.608695652174
55+,F,1,C,4,5,0.21052631578947367,P00002274,0.05263157894736842,8.0,0.15789473684210525,6028.982199556829,3516.842105263158
51-55,F,1,C,4,4,0.13333333333333333,P00018429,0.06666666666666667,40.0,0.13333333333333333,9908.302080290332,6989.4
0-17,M,0,A,1,5,0.25,P00003382,0.08333333333333333,9.0,0.16666666666666666,8043.955104281536,5829.583333333333
46-50,F,1,B,3,3,0.15217391304347827,P00005261,0.043478260869565216,7.0,0.08695652173913043,9517.329451780042,11703.130434782608
36-45,M,1,A,1,12,0.18181818181818182,P00003382,0.030303030303030304,14.0,0.09090909090909091,9757.815032298236,10838.727272727272
26-35,M,0,B,2,16,0.16666666666666666,P00069876,0.1111111111111111,20.0,0.1111111111111111,3960.8334457494325,3298.0555555555557
36-45,M,1,A,5+,3,0.20408163265306123,P00022301,0.04081632653061224,7.0,0.10204081632653061,8028.883403900906,9765.510204081633
55+,F,1,C,1,4,0.2222222222222222,P00000285,0.1111111111111111,6.0,0.1111111111111111,9411.911576795213,5690.0
26-35,M,0,A,5+,3,0.17142857142857143,P00001802,0.02857142857142857,4.0,0.08571428571428572,10415.990743228665,12326.885714285714
36-45,M,1,B,2,11,0.3333333333333333,P00002379,0.08333333333333333,40.0,0.16666666666666666,6810.790878184679,6109.75
18-25,M,0,A,2,16,0.23529411764705882,P00002379,0.058823529411764705,36.0,0.17647058823529413,3170.6911718666233,3257.5882352941176
55+,F,1,C,2,5,0.21428571428571427,P00003451,0.07142857142857142,42.0,0.14285714285714285,1958.0831173638912,1263.4285714285713
18-25,M,0,A,1,8,0.16666666666666666,P00001976,0.08333333333333333,4.0,0.16666666666666666,8438.960802388077,4438.833333333333
36-45,M,1,A,1,3,0.2708333333333333,P00078560,0.041666666666666664,10.0,0.10416666666666667,9791.93321198248,14195.8125
46-50,F,1,B,5+,7,0.17647058823529413,P00005758,0.058823529411764705,10.0,0.11764705882352941,5255.022924895425,6826.764705882353
36-45,F,1,B,5+,11,0.3125,P00002627,0.0625,42.0,0.1875,8764.45093070106,10979.375
55+,F,1,C,4,12,0.14285714285714285,P00037057,0.04081632653061224,40.0,0.16326530612244897,6560.016989605406,7379.632653061224
51-55,F,1,C,2,4,0.2777777777777778,P00003088,0.05555555555555555,8.0,0.1111111111111111,7707.596946066039,4694.722222222223
55+,F,1,C,4,3,0.14285714285714285,P00000101,0.02040816326530612,30.0,0.10204081632653061,6940.0951636200225,6819.489795918367
51-55,F,1,C,3,12,0.25,P00003088,0.08333333333333333,6.0,0.08333333333333333,4864.830635657973,7253.75
18-25,M,0,A,1,12,0.25,P00002627,0.0625,10.0,0.125,4377.516676153273,6305.125
0-17,M,0,A,1,16,0.23076923076923078,P00017713,0.07692307692307693,16.0,0.15384615384615385,6309.147091774055,5040.7692307692305
46-50,F,1,B,1,17,0.3125,P00001398,0.0625,44.0,0.125,3660.0990918962834,2037.8125
46-50,M,1,B,5+,1,0.15,P00002352,0.025,45.0,0.1,5544.413666660458,5145.375
55+,F,1,C,5+,17,0.25,P00000518,0.0625,30.0,0.25,7391.948006671404,4643.0
0-17,M,0,A,1,5,0.2,P00021034,0.06666666666666667,16.0,0.3333333333333333,4112.546125953511,3104.0666666666666
36-45,M,1,B,3,3,0.15,P00000070,0.05,14.0,0.15,6038.3217995783525,6862.95
46-50,M,1,B,1,3,0.14,P00014993,0.04,42.0,0.12,9048.854304658618,10956.76
46-50,M,1,B,4,12,0.175,P00022765,0.05,7.0,0.1,5444.559543768534,7005.2
18-25,M,0,A,1,10,0.25,P00004403,0.0625,42.0,0.1875,6726.1074614767585,3088.875
26-35,M,0,A,1,3,0.1891891891891892,P00000947,0.02702702702702703,14.0,0.08108108108108109,10729.3672776487,12314.351351351352
46-50,F,1,B,1,11,0.2,P00008017,0.1,10.0,0.2,8530.485308585907,8975.4
55+,F,1,C,1,1,0.15,P00013633,0.05,20.0,0.15,5979.3758598773675,4442.9
51-55,F,1,B,4,3,0.1702127659574468,P00024514,0.06382978723404255,9.0,0.0851063829787234,7098.788595108242,7513.702127659574
51-55,F,1,C,2,16,0.15,P00002387,0.05,40.0,0.1,8243.533103527112,5287.65
36-45,M,1,B,2,1,0.2857142857142857,P00000526,0.07142857142857142,40.0,0.21428571428571427,3574.610788003959,5737.857142857143
46-50,F,1,B,1,5,0.2727272727272727,P00003936,0.09090909090909091,4.0,0.18181818181818182,2438.7866394433263,1645.4545454545455
51-55,F,1,C,2,3,0.15384615384615385,P00006705,0.02564102564102564,40.0,0.10256410256410256,9336.454182057405,12782.128205128205
55+,F,1,C,2,11,0.13953488372093023,P00000549,0.023255813953488372,10.0,0.06976744186046512,6672.647235842593,7392.093023255814
0-17,M,0,A,3,5,0.25,P00001229,0.0625,18.0,0.125,1908.6473351564975,1335.625
46-50,F,1,B,5+,10,0.17647058823529413,P00021075,0.058823529411764705,21.0,0.11764705882352941,6680.497602767943,6927.294117647059
51-55,F,1,B,1,18,0.17073170731707318,P00000404,0.024390243902439025,14.0,0.07317073170731707,9423.269160408834,14111.073170731708
46-50,F,1,B,4,3,0.14634146341463414,P00043389,0.04878048780487805,44.0,0.14634146341463414,10178.682249634498,12145.243902439024
36-45,F,1,B,2,10,0.21052631578947367,P00006011,0.05263157894736842,27.0,0.10526315789473684,6523.813670022281,3806.3684210526317
36-45,M,1,A,5+,3,0.14634146341463414,P00008171,0.04878048780487805,27.0,0.12195121951219512,8528.30317659681,9696.682926829268
46-50,M,1,B,5+,3,0.16,P00047826,0.04,36.0,0.12,6557.280736178774,8073.4
51-55,F,1,C,2,5,0.2,P00000337,0.05,20.0,0.1,9409.021763991364,6109.85
36-45,F,1,B,2,7,0.125,P00012964,0.0625,36.0,0.1875,7834.411347542327,7366.6875
55+,F,1,C,1,10,0.23529411764705882,P00003235,0.058823529411764705,10.0,0.17647058823529413,3717.5292286916147,3652.764705882353
46-50,M,1,A,4,12,0.20930232558139536,P00012023,0.046511627906976744,36.0,0.11627906976744186,4485.223030636436,6281.279069767442
26-35,M,0,B,2,10,0.21428571428571427,P00005311,0.07142857142857142,42.0,0.14285714285714285,10352.385663366531,5855.0
46-50,F,1,C,1,5,0.16666666666666666,P00005857,0.05555555555555555,44.0,0.1111111111111111,8290.144637920803,4018.0
36-45,M,0,A,5+,8,0.11904761904761904,P00088589,0.047619047619047616,27.0,0.09523809523809523,6264.126351746011,5978.023809523809
26-35,M,0,B,1,17,0.21052631578947367,P00002352,0.05263157894736842,18.0,0.15789473684210525,9774.64402067892,6639.789473684211
26-35,M,0,A,2,3,0.23529411764705882,P00011630,0.058823529411764705,18.0,0.23529411764705882,5615.556683682132,2856.3529411764707
26-35,M,0,A,1,14,0.17647058823529413,P00002733,0.058823529411764705,40.0,0.17647058823529413,5952.50762407793,7514.470588235294
0-17,M,0,A,2,16,0.23076923076923078,P00000148,0.07692307692307693,9.0,0.15384615384615385,7919.190263903087,4829.461538461538
36-45,M,0,A,5+,20,0.2127659574468085,P00053332,0.0425531914893617,21.0,0.0851063829787234,9144.70550389713,12773.170212765957
46-50,M,1,A,4,3,0.1590909090909091,P00066771,0.045454545454545456,9.0,0.09090909090909091,6808.315956717232,7582.204545454545
36-45,M,0,A,5+,3,0.1,P00000247,0.025,7.0,0.075,7097.20261788819,7429.225
36-45,M,1,A,5+,10,0.1276595744680851,P00000518,0.02127659574468085,10.0,0.0851063829787234,7507.530977638621,6330.425531914893
51-55,F,1,C,2,17,0.25,P00001976,0.05,20.0,0.15,6200.137853093947,2376.85
36-45,M,0,B,2,4,0.23076923076923078,P00001790,0.07692307692307693,4.0,0.15384615384615385,3855.2120447851385,2927.923076923077
18-25,M,0,A,3,16,0.2,P00007923,0.06666666666666667,36.0,0.13333333333333333,8948.560728647133,5552.6
36-45,M,0,B,2,10,0.3333333333333333,P00006011,0.08333333333333333,15.0,0.08333333333333333,3532.16925364055,2261.0
46-50,M,1,B,2,10,0.14583333333333334,P00048326,0.041666666666666664,35.0,0.10416666666666667,5519.043086801519,5790.291666666667
36-45,F,1,B,2,17,0.23529411764705882,P00003492,0.058823529411764705,18.0,0.11764705882352941,8978.204967652302,6534.235294117647
36-45,M,1,B,2,1,0.09090909090909091,P00000925,0.09090909090909091,7.0,0.18181818181818182,6072.22369183122,6353.181818181818
46-50,F,1,C,1,3,0.15789473684210525,P00008010,0.05263157894736842,28.0,0.15789473684210525,8409.069801350004,5268.578947368421
18-25,M,0,A,2,8,0.10526315789473684,P00014365,0.05263157894736842,7.0,0.10526315789473684,7323.01657916418,7525.473684210527
36-45,M,1,A,2,3,0.23404255319148937,P00023477,0.0425531914893617,35.0,0.10638297872340426,9110.027802252682,13149.91489361702
51-55,F,1,B,4,10,0.13333333333333333,P00080930,0.044444444444444446,30.0,0.13333333333333333,6536.4268731224065,6274.222222222223
51-55,F,1,B,5+,4,0.16666666666666666,P00002002,0.08333333333333333,30.0,0.16666666666666666,7571.299809848113,7608.916666666667
46-50,F,1,C,1,5,0.14285714285714285,P00001790,0.07142857142857142,9.0,0.14285714285714285,4513.4530560327075,3306.214285714286
36-45,M,1,A,5+,19,0.17073170731707318,P00063137,0.04878048780487805,4.0,0.07317073170731707,9569.41691746388,10841.09756097561
26-35,M,0,B,2,4,0.11764705882352941,P00013896,0.058823529411764705,18.0,0.17647058823529413,5477.590687089911,4334.882352941177
46-50,M,1,B,4,3,0.2653061224489796,P00003072,0.04081632653061224,10.0,0.08163265306122448,6579.343816078475,5823.306122448979
26-35,M,0,A,5+,1,0.18181818181818182,P00001409,0.09090909090909091,7.0,0.18181818181818182,9971.965461414131,11354.181818181818
46-50,M,1,B,5+,1,0.125,P00001409,0.025,18.0,0.125,6722.464785882919,6273.15
51-55,F,1,B,5+,3,0.15,P00001790,0.025,18.0,0.075,5660.816877493285,5322.65
36-45,M,0,B,1,5,0.15789473684210525,P00033468,0.10526315789473684,42.0,0.2631578947368421,7396.8631118019775,5509.315789473684
36-45,M,1,A,3,3,0.21621621621621623,P00095433,0.05405405405405406,20.0,0.13513513513513514,8761.789640404675,9847.27027027027
36-45,M,0,A,4,17,0.18181818181818182,P00014343,0.06060606060606061,20.0,0.09090909090909091,9689.627753232427,10463.060606060606
26-35,M,0,A,1,3,0.1891891891891892,P00007232,0.05405405405405406,20.0,0.13513513513513514,8972.93468151857,11015.918918918918
51-55,F,1,C,2,3,0.15789473684210525,P00005857,0.05263157894736842,18.0,0.10526315789473684,5715.967613644599,3392.7368421052633
46-50,M,1,B,5+,3,0.16666666666666666,P00000148,0.020833333333333332,27.0,0.08333333333333333,6135.51854207465,6983.583333333333
0-17,M,0,A,1,16,0.29411764705882354,P00006980,0.058823529411764705,12.0,0.17647058823529413,9994.139467266627,7881.764705882353
26-35,M,0,A,1,20,0.1951219512195122,P00002733,0.04878048780487805,26.0,0.0975609756097561,9040.81121845849,13439.634146341463
51-55,F,1,B,5+,17,0.13043478260869565,P00005819,0.021739130434782608,36.0,0.10869565217391304,4286.103476876491,4100.086956521739
51-55,F,1,B,2,3,0.23333333333333334,P00008948,0.03333333333333333,7.0,0.1,9627.17681943381,13158.733333333334
46-50,M,1,A,4,3,0.14893617021276595,P00008270,0.0425531914893617,10.0,0.06382978723404255,7663.616516014672,7537.063829787234
26-35,M,0,A,4,3,0.13636363636363635,P00000101,0.022727272727272728,24.0,0.09090909090909091,9855.98371052935,12026.431818181818
46-50,M,1,B,4,12,0.13333333333333333,P00015273,0.044444444444444446,42.0,0.1111111111111111,4487.62886784943,6026.688888888889
51-55,F,1,B,3,10,0.15,P00000370,0.025,42.0,0.125,6967.889752239123,6949.125
36-45,M,0,A,3,8,0.15217391304347827,P00002469,0.021739130434782608,40.0,0.10869565217391304,7154.64560285242,7534.173913043478
51-55,F,1,C,5+,9,0.15,P00082148,0.05,21.0,0.125,4610.666178018986,6734.9
18-25,M,0,A,2,5,0.15,P00003072,0.05,28.0,0.1,7624.059517323051,5203.55
55+,F,1,C,1,10,0.16666666666666666,P00000936,0.05555555555555555,40.0,0.16666666666666666,6744.227764821621,5127.555555555556
36-45,M,0,A,3,3,0.20588235294117646,P00071018,0.058823529411764705,20.0,0.11764705882352941,9794.832751923137,10998.29411764706
36-45,F,1,B,1,5,0.25,P00009108,0.08333333333333333,30.0,0.16666666666666666,8979.61426712549,4833.25
36-45,M,0,B,1,17,0.3125,P00003453,0.0625,3.0,0.0625,10039.893909632046,6508.125
36-45,M,0,A,1,1,0.21428571428571427,P00001621,0.07142857142857142,27.0,0.14285714285714285,3532.0424507112557,6639.785714285715
55+,F,1,C,1,10,0.15789473684210525,P00007722,0.05263157894736842,20.0,0.2631578947368421,3485.2567928749095,3167.3684210526317
0-17,M,0,A,2,10,0.3,P00000105,0.1,30.0,0.2,7046.768833223415,5286.9
36-45,M,1,A,5+,3,0.17391304347826086,P00078160,0.043478260869565216,9.0,0.10869565217391304,5963.76544638678,6042.521739130435
51-55,F,1,C,2,17,0.16666666666666666,P00002346,0.08333333333333333,20.0,0.16666666666666666,7670.352346120508,6249.75
51-55,F,1,C,5+,11,0.2,P00002002,0.05,18.0,0.2,4180.101374683582,6921.65
36-45,M,0,B,3,17,0.3333333333333333,P00002892,0.08333333333333333,8.0,0.16666666666666666,9153.017762001511,6877.833333333333
26-35,M,0,A,5+,3,0.25,P00001409,0.020833333333333332,40.0,0.08333333333333333,10431.999884064273,12757.3125
46-50,M,1,B,4,11,0.14,P00080456,0.04,30.0,0.12,6769.322422939705,7177.34
51-55,F,1,C,1,17,0.16666666666666666,P00009821,0.05555555555555555,44.0,0.16666666666666666,8327.921274930372,6205.944444444444
46-50,F,1,B,3,18,0.11428571428571428,P00006275,0.02857142857142857,27.0,0.08571428571428572,9360.87611831932,10179.057142857142
36-45,M,0,A,5+,12,0.16666666666666666,P00001069,0.05555555555555555,9.0,0.1111111111111111,6634.381801068804,8753.0
26-35,M,0,B,2,5,0.23529411764705882,P00001803,0.058823529411764705,18.0,0.17647058823529413,7727.192002444812,5183.35294117647
36-45,M,0,A,5+,6,0.175,P00000925,0.025,7.0,0.075,5702.494505387477,7504.425
36-45,M,0,B,2,3,0.3076923076923077,P00018793,0.07692307692307693,20.0,0.15384615384615385,4892.773852770938,4260.153846153846
51-55,F,1,B,4,3,0.14893617021276595,P00008262,0.0425531914893617,12.0,0.06382978723404255,8023.7822558427315,7287.468085106383
51-55,F,1,C,4,10,0.12,P00035105,0.04,20.0,0.1,6394.300256877373,6433.02
55+,F,1,C,3,11,0.14893617021276595,P00000221,0.02127659574468085,27.0,0.10638297872340426,6109.020886483312,6520.063829787234
51-55,F,1,B,5+,3,0.175,P00000953,0.05,40.0,0.175,7677.691259171199,7558.825
46-50,M,1,B,3,20,0.15555555555555556,P00004270,0.044444444444444446,30.0,0.08888888888888889,9339.334959344174,12233.488888888889
46-50,F,1,B,2,3,0.2,P00000947,0.02857142857142857,40.0,0.11428571428571428,9730.174322153523,11653.885714285714
51-55,F,1,C,4,1,0.21052631578947367,P00005057,0.05263157894736842,35.0,0.15789473684210525,5751.630551925945,8846.684210526315
36-45,F,1,B,5+,12,0.16666666666666666,P00003161,0.05555555555555555,9.0,0.2222222222222222,5044.530853252041,7579.0
55+,F,1,C,4,4,0.3,P00002370,0.05,20.0,0.15,2310.2121086259817,802.75
36-45,M,1,A,3,13,0.11627906976744186,P00005737,0.023255813953488372,40.0,0.06976744186046512,9575.979055971178,11537.023255813954
26-35,M,0,B,2,16,0.21428571428571427,P00004855,0.07142857142857142,6.0,0.14285714285714285,6957.194562560306,4673.214285714285
26-35,M,0,B,1,4,0.23529411764705882,P00002387,0.058823529411764705,42.0,0.17647058823529413,4694.61037426712,3146.764705882353
55+,F,1,C,5+,11,0.16326530612244897,P00047846,0.04081632653061224,10.0,0.061224489795918366,5766.982571023585,6473.326530612245
18-25,M,0,A,3,10,0.2,P00020505,0.1,36.0,0.2,10323.43846087899,7300.1
51-55,F,1,C,1,17,0.16666666666666666,P00000573,0.05555555555555555,36.0,0.16666666666666666,8238.146764755229,5341.333333333333
36-45,F,1,B,4,11,0.35714285714285715,P00017322,0.07142857142857142,21.0,0.21428571428571427,3907.4955927924357,6201.5
51-55,F,1,B,4,3,0.10526315789473684,P00000925,0.05263157894736842,30.0,0.15789473684210525,8650.03189697665,10848.526315789473
51-55,F,1,C,5+,3,0.16666666666666666,P00000148,0.020833333333333332,9.0,0.08333333333333333,8295.733026063237,7709.666666666667
36-45,M,1,A,1,3,0.1702127659574468,P00000070,0.02127659574468085,18.0,0.0851063829787234,9735.94750046085,12709.08510638298
26-35,M,0,A,3,20,0.13953488372093023,P00030464,0.046511627906976744,28.0,0.09302325581395349,9160.372504418807,10152.906976744185
51-55,F,1,B,4,3,0.1951219512195122,P00029453,0.04878048780487805,35.0,0.14634146341463414,6357.840850515825,7306.341463414634
26-35,M,0,B,2,4,0.125,P00024866,0.0625,16.0,0.1875,9295.733368728903,7127.9375
26-35,M,0,A,4,20,0.14634146341463414,P00003448,0.024390243902439025,14.0,0.0975609756097561,9234.711711664906,10979.951219512195
55+,F,1,C,4,2,0.10869565217391304,P00067357,0.043478260869565216,9.0,0.10869565217391304,7476.318320986272,6915.086956521739
36-45,F,1,B,1,10,0.2727272727272727,P00002675,0.09090909090909091,27.0,0.18181818181818182,3668.3594004553443,3216.909090909091
36-45,M,0,A,3,3,0.20588235294117646,P00008017,0.058823529411764705,13.0,0.08823529411764706,10148.544523771887,11247.441176470587
26-35,M,0,A,2,15,0.2,P00006347,0.06666666666666667,40.0,0.13333333333333333,7076.710418858536,4338.066666666667
46-50,F,1,B,3,5,0.2222222222222222,P00001383,0.05555555555555555,7.0,0.1111111111111111,5869.510980788329,3957.277777777778
0-17,M,0,A,2,10,0.2,P00002002,0.05,12.0,0.1,9220.92027659758,6475.3
46-50,F,1,B,1,15,0.3125,P00000404,0.0625,10.0,0.125,8980.491096213316,6084.0625
46-50,F,1,B,5+,20,0.17391304347826086,P00020929,0.06521739130434782,21.0,0.10869565217391304,9703.223903514705,12096.478260869566
46-50,M,1,B,2,3,0.1794871794871795,P00000247,0.02564102564102564,7.0,0.07692307692307693,9226.139035480892,11664.846153846154
0-17,M,0,A,1,1,0.13333333333333333,P00016386,0.06666666666666667,4.0,0.13333333333333333,5396.736287088795,3974.866666666667
0-17,M,0,A,1,16,0.21052631578947367,P00001708,0.05263157894736842,10.0,0.10526315789473684,10140.738981919178,6622.105263157895
51-55,F,1,B,5+,11,0.1875,P00000925,0.0625,27.0,0.125,7434.832974754711,6414.8125
26-35,M,0,A,5+,3,0.175,P00004649,0.05,28.0,0.1,9733.15129322435,10446.175
36-45,M,0,B,1,17,0.26666666666666666,P00064892,0.13333333333333333,4.0,0.26666666666666666,7799.9323116721125,3213.0666666666666
51-55,F,1,C,3,11,0.19148936170212766,P00000070,0.02127659574468085,18.0,0.0851063829787234,7240.795515706651,6806.31914893617
36-45,M,1,A,1,20,0.15789473684210525,P00000809,0.02631578947368421,6.0,0.10526315789473684,9928.52014775235,11314.0
26-35,M,0,A,4,12,0.3,P00012963,0.1,9.0,0.1,9065.949295149529,10081.8
51-55,F,1,C,1,3,0.15789473684210525,P00046817,0.07894736842105263,42.0,0.10526315789473684,10215.941034261356,14817.026315789473
0-17,M,0,A,1,5,0.17647058823529413,P00000770,0.058823529411764705,42.0,0.17647058823529413,6600.959345383954,3330.176470588235
36-45,M,1,A,4,3,0.16216216216216217,P00009397,0.02702702702702703,10.0,0.08108108108108109,9648.795158957388,10702.378378378378
55+,F,1,C,1,4,0.16666666666666666,P00002052,0.08333333333333333,20.0,0.25,5425.764648667252,3795.25
36-45,M,0,A,5+,8,0.13333333333333333,P00000925,0.022222222222222223,40.0,0.08888888888888889,4753.421150533943,6208.844444444445
18-25,M,0,A,1,5,0.29411764705882354,P00000781,0.058823529411764705,20.0,0.11764705882352941,10689.655993405631,7357.411764705882
51-55,F,1,C,1,16,0.17647058823529413,P00001282,0.058823529411764705,36.0,0.17647058823529413,8127.895952683391,6133.35294117647
51-55,F,1,C,1,10,0.2,P00013436,0.06666666666666667,30.0,0.2,7883.295855946354,5677.466666666666
46-50,F,1,B,4,12,0.11428571428571428,P00056964,0.05714285714285714,20.0,0.14285714285714285,9091.168413503794,10057.371428571429
36-45,M,1,A,1,20,0.11764705882352941,P00004898,0.029411764705882353,45.0,0.08823529411764706,8795.371277602411,9925.29411764706
26-35,M,0,B,2,10,0.21428571428571427,P00001383,0.07142857142857142,18.0,0.14285714285714285,2253.659711093623,2347.6428571428573
36-45,M,0,A,1,3,0.15217391304347827,P00002469,0.021739130434782608,7.0,0.10869565217391304,9781.609197309454,10273.0
18-25,M,0,A,5+,3,0.125,P00017818,0.0625,42.0,0.25,7116.303930353641,7368.1875
46-50,F,1,B,2,5,0.3,P00009954,0.1,44.0,0.3,9841.863243309164,8892.9
51-55,F,1,B,4,11,0.13333333333333333,P00004130,0.044444444444444446,42.0,0.13333333333333333,6412.714134255227,7472.977777777778
46-50,F,1,B,3,10,0.3,P00017713,0.1,28.0,0.2,2686.348221408882,1298.9
46-50,F,1,B,4,12,0.21428571428571427,P00001383,0.07142857142857142,36.0,0.14285714285714285,7908.386494762977,8365.785714285714
36-45,M,1,A,3,3,0.17073170731707318,P00096338,0.04878048780487805,10.0,0.07317073170731707,8939.863380442433,10053.80487804878
26-35,M,0,B,1,4,0.15,P00029184,0.05,20.0,0.1,8303.92523845136,5192.55
51-55,F,1,B,2,3,0.20833333333333334,P00000247,0.020833333333333332,21.0,0.125,7887.466825300299,7662.875
0-17,M,0,A,2,10,0.21052631578947367,P00000205,0.05263157894736842,36.0,0.10526315789473684,3701.7307150236775,2321.7894736842104
46-50,F,1,B,3,11,0.3333333333333333,P00001621,0.06666666666666667,30.0,0.13333333333333333,8207.67431359793,9676.266666666666
55+,F,1,C,1,18,0.25,P00001976,0.08333333333333333,4.0,0.08333333333333333,9029.350811843195,7384.083333333333
36-45,M,1,A,5+,3,0.1111111111111111,P00037057,0.044444444444444446,28.0,0.08888888888888889,6312.121925871736,6989.444444444444
46-50,M,1,B,4,3,0.16666666666666666,P00000105,0.03333333333333333,36.0,0.1,10129.368427509678,13800.133333333333
36-45,M,1,A,4,3,0.16,P00002264,0.02,20.0,0.14,8477.619442619347,10592.88
36-45,M,1,B,3,3,0.16666666666666666,P00000953,0.05555555555555555,40.0,0.16666666666666666,6235.117105839265,7663.833333333333
26-35,M,0,A,5+,3,0.2631578947368421,P00066708,0.10526315789473684,9.0,0.21052631578947367,5559.5080407326295,6544.894736842105
51-55,F,1,C,4,3,0.14,P00059194,0.04,42.0,0.14,7459.6587891546515,6383.88
55+,F,1,C,5+,11,0.1590909090909091,P00024778,0.045454545454545456,16.0,0.09090909090909091,6002.677211203577,6064.136363636364
18-25,M,0,A,1,10,0.2727272727272727,P00022401,0.09090909090909091,36.0,0.18181818181818182,5303.443862246493,2748.0
55+,F,1,C,2,3,0.16666666666666666,P00047836,0.041666666666666664,7.0,0.08333333333333333,9692.061200181693,11386.229166666666
36-45,M,0,A,4,3,0.1590909090909091,P00000247,0.022727272727272728,20.0,0.13636363636363635,6969.334876668656,6968.568181818182
26-35,M,0,A,2,11,0.16666666666666666,P00000925,0.03333333333333333,9.0,0.1,8579.819010563275,8241.433333333332
55+,F,1,C,5+,6,0.10638297872340426,P00057831,0.0425531914893617,42.0,0.1276595744680851,7569.684205704889,7971.936170212766
51-55,F,1,C,5+,8,0.13636363636363635,P00000404,0.022727272727272728,42.0,0.09090909090909091,6931.992332145034,6480.931818181818
36-45,M,0,A,5+,11,0.3125,P00004907,0.0625,7.0,0.0625,5220.076792219313,6538.125
18-25,M,0,A,1,4,0.15384615384615385,P00006349,0.07692307692307693,42.0,0.15384615384615385,6444.717114994862,4851.2307692307695
26-35,M,0,A,2,11,0.16666666666666666,P00000809,0.03333333333333333,7.0,0.06666666666666667,6896.910235167196,7649.366666666667
51-55,F,1,C,1,16,0.16666666666666666,P00001976,0.05555555555555555,15.0,0.1111111111111111,6934.310781637918,5064.388888888889
26-35,M,0,A,1,20,0.14285714285714285,P00044540,0.04081632653061224,14.0,0.08163265306122448,10883.656310317889,12084.836734693878
55+,F,1,C,5+,12,0.14285714285714285,P00000953,0.02040816326530612,42.0,0.14285714285714285,5582.801963266692,6842.224489795918
0-17,M,0,A,4,17,0.2857142857142857,P00000370,0.07142857142857142,30.0,0.21428571428571427,7421.067510069625,4802.285714285715
36-45,M,0,A,4,3,0.11363636363636363,P00000925,0.022727272727272728,10.0,0.06818181818181818,7491.605820204884,6457.954545454545
18-25,M,0,A,2,5,0.21428571428571427,P00004398,0.07142857142857142,30.0,0.14285714285714285,7041.376534066722,4420.571428571428
0-17,M,0,A,2,15,0.16666666666666666,P00003525,0.05555555555555555,28.0,0.1111111111111111,4904.082303737374,4057.777777777778
46-50,F,1,B,3,3,0.1836734693877551,P00044437,0.04081632653061224,13.0,0.08163265306122448,9344.173926110032,12253.816326530612
46-50,M,1,B,5+,19,0.14583333333333334,P00002370,0.020833333333333332,20.0,0.08333333333333333,10049.149890455079,11992.604166666666
36-45,F,1,B,1,10,0.2727272727272727,P00029167,0.09090909090909091,4.0,0.09090909090909091,8242.415304663156,5895.636363636364
36-45,M,0,A,1,8,0.25,P00056084,0.125,10.0,0.125,3733.4772866591807,7349.625
46-50,F,1,B,1,3,0.18,P00034037,0.04,42.0,0.12,10272.924367223477,12382.92
26-35,M,0,B,2,15,0.23076923076923078,P00032403,0.07692307692307693,12.0,0.15384615384615385,5338.682236810974,2709.230769230769
46-50,M,1,B,5+,3,0.1590909090909091,P00034890,0.045454545454545456,20.0,0.11363636363636363,6201.516151658495,6036.454545454545
51-55,F,1,B,3,16,0.12903225806451613,P00000101,0.03225806451612903,7.0,0.0967741935483871,9376.28880018721,12922.258064516129
51-55,F,1,B,4,10,0.17073170731707318,P00081113,0.04878048780487805,18.0,0.12195121951219512,6679.805932992292,7036.4390243902435
55+,F,1,C,2,15,0.25,P00004752,0.0625,36.0,0.1875,7461.3465828338685,4354.1875
26-35,M,0,A,1,4,0.25,P00017389,0.08333333333333333,36.0,0.16666666666666666,8836.283684675396,4660.083333333333
26-35,M,0,B,2,10,0.29411764705882354,P00019422,0.11764705882352941,8.0,0.11764705882352941,7163.0184013198705,3649.3529411764707
46-50,M,1,B,4,12,0.125,P00003161,0.020833333333333332,21.0,0.08333333333333333,7464.021441155219,7854.729166666667
0-17,M,0,A,2,5,0.21052631578947367,P00016886,0.05263157894736842,32.0,0.15789473684210525,7014.338422743226,3844.7894736842104
36-45,M,1,B,4,11,0.3076923076923077,P00005621,0.07692307692307693,10.0,0.15384615384615385,7079.494557686141,8240.23076923077
26-35,M,0,B,1,4,0.16666666666666666,P00018329,0.05555555555555555,18.0,0.16666666666666666,5042.639479310478,3993.277777777778
26-35,M,0,A,1,12,0.2631578947368421,P00001790,0.05263157894736842,35.0,0.15789473684210525,5946.031910894873,7337.473684210527
36-45,F,1,B,2,16,0.25,P00022122,0.08333333333333333,7.0,0.08333333333333333,3862.212845067716,2409.3333333333335
18-25,M,0,A,2,17,0.26666666666666666,P00001976,0.06666666666666667,40.0,0.13333333333333333,8781.485660725286,5490.466666666666
46-50,F,1,B,2,10,0.2727272727272727,P00029799,0.09090909090909091,20.0,0.18181818181818182,4437.670072541138,3488.4545454545455
26-35,M,0,A,3,3,0.13333333333333333,P00000101,0.03333333333333333,20.0,0.13333333333333333,9981.053481414203,11970.433333333332
46-50,M,1,B,1,12,0.14,P00001790,0.02,20.0,0.1,6491.464895019097,7093.08
18-25,M,0,A,2,5,0.21052631578947367,P00002352,0.05263157894736842,24.0,0.10526315789473684,5524.497029314124,3780.7368421052633
26-35,M,0,A,2,20,0.15217391304347827,P00009929,0.043478260869565216,28.0,0.08695652173913043,9389.598297062192,13758.673913043478
18-25,M,0,A,2,17,0.25,P00016886,0.08333333333333333,30.0,0.16666666666666666,8214.049082720005,6402.166666666667
36-45,M,1,A,3,3,0.17777777777777778,P00000610,0.022222222222222223,14.0,0.1111111111111111,10088.544720762668,14230.31111111111
46-50,M,1,B,4,12,0.2391304347826087,P00003658,0.021739130434782608,9.0,0.10869565217391304,5285.801924132177,6000.586956521739
0-17,M,0,A,2,17,0.3076923076923077,P00007789,0.07692307692307693,18.0,0.15384615384615385,4345.673426022832,3260.769230769231
55+,F,1,C,1,16,0.2222222222222222,P00001229,0.05555555555555555,4.0,0.1111111111111111,4519.848865250461,2403.0
51-55,F,1,C,1,5,0.13333333333333333,P00003708,0.06666666666666667,40.0,0.2,5466.485231019323,5696.266666666666
55+,F,1,C,4,12,0.15555555555555556,P00003676,0.022222222222222223,27.0,0.13333333333333333,6658.175830655059,8734.711111111112
0-17,M,0,A,1,5,0.3157894736842105,P00094842,0.10526315789473684,6.0,0.10526315789473684,6042.118373918575,3982.0
26-35,M,0,A,4,18,0.125,P00056195,0.0625,42.0,0.125,9486.697909855826,12472.15625
26-35,M,0,A,3,3,0.22448979591836735,P00002387,0.04081632653061224,10.0,0.12244897959183673,10038.38173586759,12985.0
36-45,M,1,A,5+,3,0.18604651162790697,P00003382,0.023255813953488372,20.0,0.13953488372093023,9296.284236914798,14327.348837209302
26-35,M,0,A,2,10,0.25,P00000718,0.05,42.0,0.2,3211.701378921836,2670.2
46-50,M,1,B,4,11,0.2619047619047619,P00000070,0.047619047619047616,42.0,0.16666666666666666,5046.829399457064,7275.476190476191
51-55,F,1,C,3,3,0.13636363636363635,P00038881,0.045454545454545456,24.0,0.09090909090909091,8703.834131811127,8533.318181818182
55+,F,1,C,1,12,0.12244897959183673,P00000404,0.02040816326530612,42.0,0.12244897959183673,7664.632323465462,8223.367346938776
36-45,M,1,A,5+,20,0.18181818181818182,P00000404,0.030303030303030304,28.0,0.09090909090909091,10394.495149677387,13343.333333333334
18-25,M,0,A,4,12,0.17647058823529413,P00013324,0.058823529411764705,10.0,0.11764705882352941,6023.416919187392,7489.588235294118
26-35,M,0,A,2,17,0.3076923076923077,P00001069,0.07692307692307693,18.0,0.15384615384615385,5666.158187216812,2788.5384615384614
18-25,M,0,A,1,15,0.2,P00019487,0.1,30.0,0.2,8118.275908486715,5701.6
51-55,F,1,C,2,17,0.2222222222222222,P00003936,0.05555555555555555,42.0,0.1111111111111111,9464.151235297077,7066.611111111111
51-55,F,1,C,5+,3,0.15555555555555556,P00051079,0.044444444444444446,27.0,0.08888888888888889,7066.678194816212,6982.2
26-35,M,0,A,4,3,0.2127659574468085,P00000070,0.02127659574468085,35.0,0.0851063829787234,5218.104744441155,6332.468085106383
26-35,M,0,A,4,3,0.21052631578947367,P00048553,0.05263157894736842,9.0,0.10526315789473684,10809.96382594353,11978.973684210527
51-55,F,1,B,1,12,0.12195121951219512,P00023609,0.04878048780487805,35.0,0.0975609756097561,6599.7609938246815,6677.219512195122
46-50,F,1,B,1,12,0.1875,P00084191,0.125,35.0,0.125,3158.7444809343683,2840.1875
26-35,M,0,A,3,3,0.15,P00011594,0.05,20.0,0.1,3776.383892729016,5919.4
36-45,M,0,B,2,16,0.25,P00004907,0.08333333333333333,30.0,0.16666666666666666,8196.545647128096,4804.0
36-45,M,0,B,1,16,0.2,P00002627,0.1,42.0,0.2,2911.0651429788836,2279.4
51-55,F,1,C,2,5,0.3,P00006962,0.1,4.0,0.3,1851.551268531336,1157.9
26-35,M,0,B,2,16,0.3333333333333333,P00021894,0.08333333333333333,12.0,0.16666666666666666,2951.2669839589335,2184.5833333333335
51-55,F,1,B,4,9,0.14893617021276595,P00001039,0.02127659574468085,42.0,0.10638297872340426,6992.124450624788,8639.404255319148
0-17,M,0,A,2,4,0.1875,P00002352,0.0625,20.0,0.1875,7284.430299160897,3956.875
0-17,M,0,A,2,10,0.17647058823529413,P00006172,0.058823529411764705,20.0,0.11764705882352941,7270.299795582508,5056.64705882353
46-50,F,1,B,4,3,0.19148936170212766,P00027742,0.0425531914893617,7.0,0.0851063829787234,9958.252099023959,14049.95744680851
51-55,F,1,B,4,12,0.14583333333333334,P00057760,0.041666666666666664,18.0,0.0625,5862.893132450519,5861.104166666667
51-55,F,1,C,3,4,0.3,P00003003,0.1,9.0,0.2,8398.968008035272,4946.6
36-45,M,1,B,3,6,0.2,P00005866,0.1,7.0,0.1,3669.2592667548947,8236.3
46-50,M,1,A,4,3,0.20833333333333334,P00001409,0.020833333333333332,10.0,0.10416666666666667,6241.151182647566,5885.854166666667
36-45,M,0,B,4,10,0.2,P00020929,0.06666666666666667,28.0,0.13333333333333333,7315.663573716983,4562.333333333333
51-55,F,1,B,5+,17,0.125,P00013981,0.025,10.0,0.075,6314.137203580631,6821.2
51-55,F,1,C,2,3,0.16666666666666666,P00012374,0.08333333333333333,9.0,0.25,10740.776088925057,10667.916666666666
18-25,M,0,A,1,4,0.16666666666666666,P00062292,0.1111111111111111,12.0,0.16666666666666666,2395.797551650959,1119.4444444444443
26-35,M,0,A,4,3,0.25,P00017709,0.05,10.0,0.1,8151.163709460205,5809.35
55+,F,1,C,1,5,0.21428571428571427,P00003018,0.07142857142857142,10.0,0.07142857142857142,6843.4321818421295,3071.785714285714
55+,F,1,C,2,3,0.1590909090909091,P00055340,0.045454545454545456,36.0,0.13636363636363635,9414.06717881552,12150.613636363636
36-45,F,1,B,1,3,0.15384615384615385,P00016281,0.07692307692307693,12.0,0.15384615384615385,6162.603411521165,6398.846153846154
55+,F,1,C,3,4,0.3333333333333333,P00028346,0.08333333333333333,4.0,0.08333333333333333,2104.9153729479785,1293.0
26-35,M,0,B,2,4,0.14285714285714285,P00003063,0.07142857142857142,42.0,0.21428571428571427,5119.223404358933,3763.4285714285716
18-25,M,0,A,1,3,0.23529411764705882,P00000101,0.058823529411764705,4.0,0.11764705882352941,5822.924620816062,4073.470588235294
51-55,F,1,C,2,3,0.20454545454545456,P00003072,0.022727272727272728,7.0,0.06818181818181818,8401.439396551781,10835.295454545454
55+,F,1,C,1,3,0.2777777777777778,P00002815,0.05555555555555555,21.0,0.16666666666666666,9439.006018519485,7900.166666666667
36-45,M,1,A,5+,3,0.12,P00000610,0.02,40.0,0.08,7576.455721806195,7086.96
46-50,F,1,B,5+,4,0.16666666666666666,P00003451,0.08333333333333333,20.0,0.25,9161.018496953007,4927.583333333333
46-50,F,1,B,1,16,0.23076923076923078,P00003382,0.07692307692307693,40.0,0.23076923076923078,4390.369501417205,3755.769230769231
26-35,M,0,B,1,4,0.3333333333333333,P00000101,0.08333333333333333,8.0,0.08333333333333333,8709.898198531822,4689.083333333333
46-50,M,1,B,5+,3,0.1875,P00034406,0.0625,26.0,0.09375,11831.27230528886,11831.65625
26-35,M,0,A,5+,11,0.17073170731707318,P00001069,0.024390243902439025,36.0,0.0975609756097561,5817.82548399272,7198.707317073171
0-17,M,0,A,1,4,0.23529411764705882,P00066708,0.11764705882352941,16.0,0.11764705882352941,6276.049993005624,3804.529411764706
36-45,M,0,B,2,10,0.29411764705882354,P00021040,0.058823529411764705,18.0,0.11764705882352941,3420.7482959744007,1937.1764705882354
46-50,M,1,B,5+,8,0.1951219512195122,P00033145,0.04878048780487805,20.0,0.12195121951219512,7182.146086039987,6937.268292682927
26-35,M,0,A,3,3,0.16279069767441862,P00089916,0.046511627906976744,20.0,0.09302325581395349,9196.453021829897,13343.232558139534
26-35,M,0,A,4,5,0.23529411764705882,P00000770,0.058823529411764705,20.0,0.17647058823529413,2200.3628260303963,1436.764705882353
46-50,M,1,B,3,12,0.15217391304347827,P00035626,0.043478260869565216,28.0,0.08695652173913043,7259.995722340737,6900.021739130435
26-35,M,0,A,5+,3,0.2222222222222222,P00053354,0.044444444444444446,21.0,0.08888888888888889,4569.66474103457,5251.2
18-25,M,0,A,5+,4,0.15789473684210525,P00004979,0.05263157894736842,8.0,0.10526315789473684,7355.431427151787,3664.5789473684213
26-35,M,0,A,4,11,0.2,P00002627,0.06666666666666667,21.0,0.13333333333333333,6363.447895898066,9194.533333333333
18-25,M,0,A,2,17,0.25,P00002084,0.0625,32.0,0.125,4966.504786651608,2758.9375
51-55,F,1,C,5+,3,0.225,P00002815,0.025,40.0,0.1,9950.065462482762,13588.4
55+,F,1,C,5+,3,0.15,P00000404,0.025,40.0,0.1,10298.225037006161,12627.4
55+,F,1,C,4,10,0.1276595744680851,P00000526,0.02127659574468085,9.0,0.0851063829787234,6079.861681915991,5780.191489361702
0-17,M,0,A,1,16,0.15,P00000070,0.05,12.0,0.1,4314.496895717726,3558.9
46-50,F,1,B,2,6,0.2,P00026492,0.1,9.0,0.2,6013.225376894943,10221.9
0-17,M,0,A,1,4,0.2727272727272727,P00012283,0.09090909090909091,18.0,0.18181818181818182,7384.800964881118,5281.090909090909
51-55,F,1,C,2,8,0.14285714285714285,P00000809,0.07142857142857142,18.0,0.14285714285714285,6839.177748036,7260.5
46-50,F,1,B,4,15,0.3125,P00004323,0.0625,12.0,0.125,3847.138654788344,2087.6875
36-45,M,1,A,5+,3,0.22,P00000404,0.04,7.0,0.06,9391.119845875242,13127.14
36-45,M,0,A,3,9,0.2631578947368421,P00000070,0.05263157894736842,36.0,0.15789473684210525,3334.7171355707233,8065.473684210527
46-50,M,1,A,1,16,0.15555555555555556,P00072407,0.044444444444444446,27.0,0.08888888888888889,5751.920422209817,5186.844444444445
51-55,F,1,C,1,5,0.14285714285714285,P00010617,0.07142857142857142,8.0,0.14285714285714285,6408.539092663616,3999.0714285714284
51-55,F,1,C,1,11,0.3,P00004977,0.1,9.0,0.1,6666.091828550419,7356.4
26-35,M,0,A,2,19,0.18181818181818182,P00006684,0.030303030303030304,42.0,0.09090909090909091,10186.96056472923,11915.878787878788
36-45,M,0,A,5+,12,0.35294117647058826,P00007992,0.058823529411764705,9.0,0.11764705882352941,4190.080700823286,7095.823529411765
36-45,M,1,A,5+,3,0.16666666666666666,P00021075,0.020833333333333332,30.0,0.10416666666666667,6964.590368427996,6430.75
55+,F,1,C,3,3,0.11627906976744186,P00000925,0.023255813953488372,40.0,0.06976744186046512,8383.838921587349,7908.720930232558
46-50,F,1,B,3,3,0.2,P00001576,0.1,9.0,0.1,3989.860392990656,8276.2
55+,F,1,C,2,3,0.21052631578947367,P00001457,0.05263157894736842,6.0,0.10526315789473684,6267.985787349024,3680.9473684210525
55+,F,1,C,2,17,0.5,P00023437,0.16666666666666666,32.0,0.25,1562.577714430986,836.25
26-35,M,0,B,1,3,0.125,P00002627,0.0625,40.0,0.1875,6936.566393336595,4671.4375
46-50,F,1,B,5+,11,0.23529411764705882,P00010770,0.058823529411764705,7.0,0.11764705882352941,6715.667074636215,8003.588235294118
51-55,F,1,B,5+,3,0.24242424242424243,P00046993,0.06060606060606061,40.0,0.12121212121212122,10712.275593102324,11634.515151515152
26-35,M,0,A,3,12,0.23255813953488372,P00000610,0.023255813953488372,7.0,0.09302325581395349,7370.743794875861,9083.348837209302
26-35,M,0,A,2,16,0.35714285714285715,P00000526,0.07142857142857142,4.0,0.14285714285714285,7333.592607138233,5096.285714285715
46-50,F,1,B,1,3,0.18,P00055703,0.04,44.0,0.08,9948.794868336812,11735.88
36-45,M,1,A,4,11,0.12,P00003492,0.04,42.0,0.12,6538.79145748584,6974.9
55+,F,1,C,3,1,0.1276595744680851,P00000947,0.02127659574468085,36.0,0.0851063829787234,7362.27672976902,7217.468085106383
51-55,F,1,C,2,14,0.17647058823529413,P00004002,0.058823529411764705,36.0,0.17647058823529413,7598.534834581792,5308.588235294118
18-25,M,0,A,2,16,0.2,P00005819,0.1,8.0,0.1,4647.911478407384,2867.0
36-45,M,1,A,3,13,0.16,P00087033,0.04,36.0,0.1,9930.229295172085,12960.68
51-55,F,1,C,4,3,0.2553191489361702,P00010292,0.06382978723404255,42.0,0.10638297872340426,9117.281642190052,13405.978723404256
51-55,F,1,C,3,4,0.29411764705882354,P00023552,0.058823529411764705,44.0,0.23529411764705882,10388.967083344885,6506.941176470588
51-55,F,1,B,2,9,0.1111111111111111,P00006098,0.022222222222222223,36.0,0.1111111111111111,6070.897228881112,6623.2
26-35,M,0,A,4,16,0.15,P00000221,0.025,20.0,0.1,6057.730331292956,5061.55
55+,F,1,C,2,3,0.2727272727272727,P00002733,0.09090909090909091,44.0,0.18181818181818182,7334.961681749079,6034.545454545455
46-50,M,1,B,3,12,0.17391304347826086,P00077739,0.043478260869565216,40.0,0.10869565217391304,7134.542854554752,7918.108695652174
18-25,M,0,A,2,16,0.21052631578947367,P00074681,0.10526315789473684,4.0,0.10526315789473684,6353.278991317828,3486.0526315789475
51-55,F,1,C,4,10,0.11363636363636363,P00096416,0.045454545454545456,42.0,0.11363636363636363,7787.129922148376,7572.75
55+,F,1,C,1,5,0.15384615384615385,P00001708,0.07692307692307693,42.0,0.15384615384615385,5795.737681195619,3021.5384615384614
51-55,F,1,C,2,4,0.38461538461538464,P00000404,0.07692307692307693,12.0,0.15384615384615385,9118.482617387048,5364.076923076923
51-55,F,1,B,5+,3,0.16,P00082159,0.04,36.0,0.12,5113.69995324684,5791.18
0-17,M,0,A,1,5,0.2,P00000770,0.06666666666666667,4.0,0.13333333333333333,8389.65625211018,5907.2
46-50,M,1,B,4,3,0.1702127659574468,P00055953,0.0425531914893617,10.0,0.10638297872340426,8301.517181030104,8569.404255319148
46-50,M,1,B,5+,12,0.10416666666666667,P00032125,0.041666666666666664,42.0,0.14583333333333334,6641.7507520794725,8801.604166666666
36-45,M,1,A,5+,18,0.16,P00022514,0.04,7.0,0.06,8855.069386330899,13014.6
46-50,M,1,B,2,3,0.11363636363636363,P00080853,0.045454545454545456,42.0,0.09090909090909091,8442.403582573927,10139.568181818182
55+,F,1,C,4,3,0.1875,P00001156,0.020833333333333332,40.0,0.125,7144.177414818109,7696.208333333333
46-50,F,1,B,4,3,0.16326530612244897,P00001790,0.02040816326530612,28.0,0.061224489795918366,10371.778894327776,14246.326530612245
26-35,M,0,A,4,3,0.25,P00003492,0.020833333333333332,18.0,0.08333333333333333,6517.866603409465,7074.4375
26-35,M,0,A,2,3,0.2,P00041831,0.05,40.0,0.1,9704.166795235107,12103.8
26-35,M,0,B,1,5,0.18181818181818182,P00022122,0.09090909090909091,4.0,0.09090909090909091,9186.447439768888,7152.818181818182
26-35,M,0,A,2,2,0.17647058823529413,P00005394,0.058823529411764705,36.0,0.17647058823529413,7642.125577716467,4657.294117647059
36-45,M,1,A,4,20,0.22857142857142856,P00078560,0.05714285714285714,35.0,0.11428571428571428,11011.508047294441,13719.628571428571
46-50,M,1,B,4,12,0.13333333333333333,P00032744,0.044444444444444446,36.0,0.08888888888888889,7073.898777630453,6970.7555555555555
46-50,F,1,B,2,10,0.2,P00001029,0.06666666666666667,16.0,0.13333333333333333,5705.573559081964,2561.9333333333334
36-45,F,1,B,2,9,0.2222222222222222,P00007789,0.05555555555555555,7.0,0.1111111111111111,6444.9840049087325,8508.0
46-50,M,1,B,1,18,0.17142857142857143,P00005737,0.02857142857142857,26.0,0.08571428571428572,8654.016157374612,11846.228571428572
46-50,F,1,B,1,17,0.23076923076923078,P00001802,0.07692307692307693,10.0,0.15384615384615385,8763.967367901425,4917.2307692307695
46-50,F,1,B,2,16,0.3333333333333333,P00015158,0.06666666666666667,42.0,0.13333333333333333,8934.287752143156,4301.066666666667
46-50,F,1,C,2,17,0.16666666666666666,P00001457,0.05555555555555555,8.0,0.1111111111111111,9461.475443017516,5531.5
46-50,M,1,B,1,11,0.18604651162790697,P00081113,0.046511627906976744,21.0,0.11627906976744186,4982.70799644647,7032.697674418605
51-55,F,1,C,1,3,0.21951219512195122,P00047292,0.04878048780487805,28.0,0.0975609756097561,8981.635052135893,13327.878048780487
36-45,M,1,A,1,3,0.19148936170212766,P00076601,0.0425531914893617,20.0,0.0851063829787234,9663.72602098671,11707.0
36-45,M,0,B,1,4,0.16666666666666666,P00012412,0.08333333333333333,12.0,0.16666666666666666,8343.961234983602,5071.0
46-50,M,1,B,5+,13,0.1111111111111111,P00003982,0.027777777777777776,21.0,0.1388888888888889,9517.178063609217,11714.638888888889
55+,F,1,C,4,11,0.25,P00025310,0.045454545454545456,14.0,0.13636363636363635,5820.804263210809,7259.909090909091
46-50,F,1,B,2,4,0.3333333333333333,P00002370,0.08333333333333333,12.0,0.16666666666666666,10830.797842334383,8175.083333333333
46-50,F,1,C,2,10,0.15384615384615385,P00002346,0.07692307692307693,6.0,0.15384615384615385,11290.854409994503,11297.846153846154
55+,F,1,C,4,12,0.18,P00025013,0.04,27.0,0.1,6973.723242490853,7845.88
51-55,F,1,C,1,16,0.3076923076923077,P00020638,0.07692307692307693,9.0,0.15384615384615385,3597.25440529444,2734.6153846153848
55+,F,1,C,4,11,0.11363636363636363,P00000070,0.022727272727272728,28.0,0.09090909090909091,6645.1448376081835,6431.75
26-35,M,0,B,3,5,0.2,P00003676,0.06666666666666667,12.0,0.26666666666666666,9239.667015232797,5020.466666666666
51-55,F,1,B,5+,6,0.125,P00001576,0.025,40.0,0.125,5555.181410179149,8456.25
46-50,F,1,C,2,4,0.15384615384615385,P00016835,0.07692307692307693,27.0,0.15384615384615385,4206.269209961087,3079.0
51-55,F,1,B,5+,3,0.15555555555555556,P00040029,0.044444444444444446,36.0,0.08888888888888889,5035.910406191905,5145.711111111111
46-50,M,1,B,1,3,0.1951219512195122,P00034113,0.04878048780487805,24.0,0.0975609756097561,9172.935949727595,8977.365853658537
36-45,M,0,A,5+,12,0.19047619047619047,P00057531,0.047619047619047616,10.0,0.09523809523809523,6924.1602167148285,6809.976190476191
55+,F,1,C,4,4,0.23076923076923078,P00000101,0.07692307692307693,14.0,0.15384615384615385,4849.375259789286,3134.923076923077
26-35,M,0,A,2,3,0.14,P00000247,0.02,42.0,0.1,7332.187588062011,7350.7
26-35,M,0,A,3,20,0.21052631578947367,P00048169,0.05263157894736842,10.0,0.07894736842105263,10042.673257761708,12941.0
55+,F,1,C,1,6,0.1276595744680851,P00030955,0.0425531914893617,30.0,0.10638297872340426,6756.276859199143,7863.04255319149
51-55,F,1,C,1,5,0.21052631578947367,P00001708,0.05263157894736842,24.0,0.15789473684210525,2802.502135988878,2056.0
18-25,M,0,A,4,3,0.15789473684210525,P00000215,0.05263157894736842,18.0,0.15789473684210525,6338.5398096192985,7110.1578947368425
46-50,F,1,B,4,13,0.15625,P00002152,0.03125,36.0,0.09375,9994.085650973375,12315.46875
18-25,M,0,A,5+,17,0.26666666666666666,P00000953,0.06666666666666667,16.0,0.13333333333333333,4149.578037067659,2621.8
46-50,F,1,B,5+,3,0.11764705882352941,P00003088,0.058823529411764705,36.0,0.23529411764705882,5608.340546349119,6746.058823529412
55+,F,1,C,4,3,0.14285714285714285,P00003246,0.02040816326530612,27.0,0.08163265306122448,5750.288254605539,5526.775510204082
18-25,M,0,A,2,10,0.2777777777777778,P00005394,0.05555555555555555,8.0,0.1111111111111111,3850.6204525090557,2511.1111111111113
36-45,M,1,A,3,3,0.15384615384615385,P00000101,0.02564102564102564,42.0,0.10256410256410256,9065.852756568389,11004.179487179486
46-50,F,1,B,4,3,0.16666666666666666,P00092156,0.06666666666666667,36.0,0.13333333333333333,10167.655496720961,10818.1
55+,F,1,C,4,3,0.3,P00002370,0.03333333333333333,36.0,0.13333333333333333,10341.704366580354,11445.966666666667
26-35,M,0,A,1,3,0.16,P00023520,0.04,14.0,0.14,8488.904891392178,10665.3
36-45,M,1,A,5+,3,0.18604651162790697,P00001853,0.023255813953488372,10.0,0.06976744186046512,6477.711784616738,6975.813953488372
55+,F,1,C,2,15,0.2727272727272727,P00003525,0.09090909090909091,4.0,0.18181818181818182,6168.162705671468,3084.818181818182
46-50,F,1,C,4,10,0.3333333333333333,P00002675,0.08333333333333333,6.0,0.16666666666666666,1774.394689789032,991.1666666666666
55+,F,1,C,4,12,0.19148936170212766,P00007801,0.02127659574468085,18.0,0.0851063829787234,5450.948688615628,6450.212765957447
0-17,M,0,A,1,16,0.2857142857142857,P00028267,0.07142857142857142,30.0,0.21428571428571427,5632.488831729756,4067.8571428571427
36-45,M,1,A,5+,3,0.1590909090909091,P00032403,0.045454545454545456,14.0,0.13636363636363635,8780.260239820005,10543.431818181818
36-45,M,1,A,3,3,0.16666666666666666,P00000221,0.027777777777777776,21.0,0.1111111111111111,8725.585091538705,9886.694444444445
26-35,M,0,A,4,3,0.21212121212121213,P00001621,0.030303030303030304,11.0,0.09090909090909091,9455.197073307132,13970.515151515152
36-45,M,0,B,1,17,0.2727272727272727,P00004911,0.09090909090909091,14.0,0.09090909090909091,6356.900037825756,4994.090909090909
55+,F,1,C,1,4,0.2727272727272727,P00017389,0.09090909090909091,20.0,0.18181818181818182,2543.505262070794,2132.7272727272725
26-35,M,0,A,5+,12,0.1875,P00012180,0.0625,10.0,0.125,6914.499950285632,8082.6875
18-25,M,0,A,2,5,0.25,P00011826,0.08333333333333333,4.0,0.16666666666666666,3503.7250393709764,2277.3333333333335
55+,F,1,C,2,5,0.3,P00003426,0.1,16.0,0.1,463.61220624329746,529.5
55+,F,1,C,2,4,0.21052631578947367,P00008291,0.05263157894736842,20.0,0.10526315789473684,4235.637051031423,2459.684210526316
51-55,F,1,B,5+,11,0.12244897959183673,P00028848,0.04081632653061224,14.0,0.08163265306122448,7234.047280590798,7689.326530612245
36-45,M,1,A,3,3,0.16279069767441862,P00014993,0.046511627906976744,36.0,0.11627906976744186,10402.888344231475,12174.046511627907
0-17,M,0,A,2,16,0.23529411764705882,P00002084,0.058823529411764705,18.0,0.17647058823529413,3809.4795750014123,2662.4117647058824
26-35,M,0,A,4,17,0.1702127659574468,P00002743,0.02127659574468085,9.0,0.10638297872340426,5069.735250364475,4510.723404255319
55+,F,1,C,2,15,0.16666666666666666,P00023231,0.05555555555555555,30.0,0.16666666666666666,5248.0527733402905,3452.1666666666665
36-45,M,0,B,4,17,0.2,P00005588,0.1,7.0,0.2,5275.559534305342,3441.8
36-45,F,1,B,3,16,0.21428571428571427,P00003913,0.07142857142857142,30.0,0.14285714285714285,7519.816627776546,2887.5
36-45,M,1,A,1,3,0.1388888888888889,P00003982,0.05555555555555555,40.0,0.08333333333333333,10405.18154662637,12457.305555555555
55+,F,1,C,4,3,0.1590909090909091,P00002264,0.022727272727272728,9.0,0.045454545454545456,7839.568186207356,7862.159090909091
55+,F,1,C,4,3,0.15555555555555556,P00000953,0.022222222222222223,40.0,0.1111111111111111,8387.414495973877,8249.933333333332
51-55,F,1,B,5+,13,0.13157894736842105,P00000105,0.02631578947368421,42.0,0.15789473684210525,10027.48902539108,11590.184210526315
26-35,M,0,A,2,10,0.25,P00001790,0.0625,36.0,0.25,5375.280468651536,4262.125
46-50,F,1,B,2,3,0.125,P00000518,0.0625,36.0,0.25,8123.774715559675,6534.8125
0-17,M,0,A,1,17,0.2727272727272727,P00007435,0.09090909090909091,28.0,0.2727272727272727,3714.9491199256504,2109.818181818182
46-50,M,1,B,4,1,0.1276595744680851,P00003492,0.02127659574468085,28.0,0.14893617021276595,7525.026757753281,8310.765957446809
46-50,M,1,B,4,3,0.1590909090909091,P00004898,0.045454545454545456,21.0,0.09090909090909091,7237.278234433193,6106.613636363636
46-50,M,1,A,5+,12,0.16326530612244897,P00000610,0.02040816326530612,18.0,0.12244897959183673,5454.540365401022,5989.836734693878
18-25,M,0,A,1,7,0.21428571428571427,P00005989,0.07142857142857142,40.0,0.14285714285714285,4868.657512910718,3822.1428571428573
46-50,F,1,B,4,3,0.16216216216216217,P00001069,0.02702702702702703,42.0,0.16216216216216217,8763.312290298532,11020.378378378378
55+,F,1,C,4,3,0.16666666666666666,P00007232,0.041666666666666664,20.0,0.08333333333333333,9811.342873884209,11177.770833333334
46-50,F,1,B,2,16,0.18181818181818182,P00009387,0.09090909090909091,6.0,0.18181818181818182,7735.412362517064,4627.272727272727
46-50,M,1,B,4,7,0.1875,P00005131,0.041666666666666664,20.0,0.125,6834.4211983589375,8289.104166666666
26-35,M,0,A,5+,13,0.13157894736842105,P00004907,0.02631578947368421,42.0,0.10526315789473684,9256.280441767252,9372.71052631579
36-45,M,1,A,4,3,0.2,P00003658,0.022222222222222223,36.0,0.13333333333333333,5331.566120282998,5675.022222222222
51-55,F,1,C,5+,16,0.16666666666666666,P00001085,0.05555555555555555,20.0,0.1111111111111111,5000.04443509667,4127.333333333333
26-35,M,0,A,3,4,0.16666666666666666,P00004270,0.08333333333333333,18.0,0.16666666666666666,6093.9687819311575,3971.3333333333335
46-50,F,1,B,2,3,0.16666666666666666,P00014175,0.05555555555555555,9.0,0.1111111111111111,5964.578523040529,5008.611111111111
26-35,M,0,A,4,12,0.3684210526315789,P00091180,0.10526315789473684,7.0,0.21052631578947367,7440.270429515818,8920.21052631579
36-45,M,1,B,2,3,0.23076923076923078,P00024972,0.07692307692307693,30.0,0.23076923076923078,9025.915190474649,12763.76923076923
55+,F,1,C,5+,6,0.17073170731707318,P00055150,0.04878048780487805,14.0,0.07317073170731707,7611.747503838729,8331.707317073171
36-45,M,0,B,1,17,0.21052631578947367,P00000518,0.05263157894736842,28.0,0.15789473684210525,7789.783652754751,4454.631578947368
51-55,F,1,B,5+,3,0.175,P00004631,0.025,30.0,0.075,8237.178561488525,8517.75
26-35,M,0,A,3,9,0.2,P00007305,0.06666666666666667,10.0,0.13333333333333333,7066.402397125092,9340.866666666667
46-50,F,1,C,1,10,0.2,P00005819,0.05,12.0,0.1,7387.837596881426,4038.6
46-50,M,1,A,3,17,0.15789473684210525,P00095665,0.05263157894736842,42.0,0.15789473684210525,9370.416871156816,7490.6578947368425
55+,F,1,C,5+,12,0.17073170731707318,P00000795,0.024390243902439025,35.0,0.12195121951219512,7338.780300152229,7782.390243902439
46-50,M,1,A,5+,3,0.1111111111111111,P00000610,0.022222222222222223,7.0,0.08888888888888889,7972.470728587332,8688.266666666666
26-35,M,0,A,4,18,0.1875,P00041831,0.0625,28.0,0.09375,9259.853328227304,11405.78125
55+,F,1,C,4,12,0.16666666666666666,P00000337,0.023809523809523808,20.0,0.09523809523809523,5537.352950465191,6566.238095238095
26-35,M,0,A,4,6,0.21052631578947367,P00001576,0.05263157894736842,28.0,0.21052631578947367,6054.551954391097,9555.421052631578
26-35,M,0,A,2,17,0.3125,P00001803,0.0625,12.0,0.125,4503.411120102923,1708.375
51-55,F,1,C,1,16,0.23529411764705882,P00013668,0.058823529411764705,27.0,0.11764705882352941,3923.881595997994,2926.823529411765
55+,F,1,C,4,3,0.11627906976744186,P00000221,0.023255813953488372,36.0,0.13953488372093023,6529.423630693501,6534.837209302325
55+,F,1,C,1,16,0.21428571428571427,P00007923,0.07142857142857142,18.0,0.14285714285714285,9200.624835446632,6783.142857142857
51-55,F,1,C,4,20,0.23076923076923078,P00034573,0.05128205128205128,7.0,0.07692307692307693,8474.796887283008,13742.666666666666
46-50,F,1,C,1,4,0.15,P00001575,0.05,18.0,0.1,8455.774728115193,4314.4
36-45,M,1,A,4,3,0.15217391304347827,P00074117,0.043478260869565216,20.0,0.10869565217391304,9325.0674931958,10681.739130434782
51-55,F,1,B,5+,3,0.10204081632653061,P00033824,0.04081632653061224,7.0,0.10204081632653061,7344.926431953988,8458.795918367347
36-45,M,1,A,1,3,0.16666666666666666,P00006603,0.041666666666666664,20.0,0.125,9699.794320313342,11257.875
51-55,F,1,C,5+,3,0.21428571428571427,P00012963,0.07142857142857142,28.0,0.2857142857142857,6515.636364221781,8672.0
36-45,M,1,A,4,12,0.16326530612244897,P00001039,0.02040816326530612,27.0,0.12244897959183673,4512.557008892341,5622.306122448979
36-45,M,1,A,5+,20,0.23333333333333334,P00004898,0.06666666666666667,18.0,0.06666666666666667,9106.303530124538,15081.5
55+,F,1,C,1,19,0.15,P00006603,0.05,20.0,0.1,9278.80096057813,11184.375
36-45,F,1,B,2,1,0.125,P00002052,0.0625,4.0,0.0625,4668.198151678368,3541.125
0-17,M,0,A,2,10,0.15384615384615385,P00004270,0.07692307692307693,16.0,0.23076923076923078,7221.872265946071,4631.2307692307695
0-17,M,0,A,1,16,0.1875,P00003936,0.0625,28.0,0.1875,9106.544714059592,8344.3125
18-25,M,0,A,3,4,0.18181818181818182,P00021252,0.09090909090909091,27.0,0.18181818181818182,5481.199036043781,4030.4545454545455
26-35,M,0,A,5+,12,0.16279069767441862,P00040651,0.046511627906976744,10.0,0.11627906976744186,7465.423787036091,7369.325581395349
36-45,M,1,A,4,8,0.0975609756097561,P00002627,0.024390243902439025,14.0,0.0975609756097561,6699.0037395450845,7258.5609756097565
55+,F,1,C,5+,5,0.2,P00000148,0.05,27.0,0.15,7435.421755460745,4890.55
46-50,F,1,B,1,12,0.23076923076923078,P00020845,0.07692307692307693,42.0,0.23076923076923078,6824.960634807109,8163.0
55+,F,1,C,5+,9,0.13333333333333333,P00023520,0.044444444444444446,40.0,0.1111111111111111,6238.673058293953,8409.711111111112
51-55,F,1,C,2,4,0.2727272727272727,P00012072,0.09090909090909091,3.0,0.18181818181818182,8034.135134763191,3729.818181818182
51-55,F,1,B,5+,3,0.2857142857142857,P00007348,0.07142857142857142,27.0,0.14285714285714285,3987.5696755771455,6738.928571428572
26-35,M,0,B,3,17,0.3125,P00015354,0.0625,20.0,0.125,916.119422255272,635.5625
51-55,F,1,C,5+,11,0.12195121951219512,P00000573,0.024390243902439025,40.0,0.17073170731707318,5795.706378169206,6342.317073170731
46-50,F,1,B,3,20,0.2727272727272727,P00017257,0.09090909090909091,42.0,0.18181818181818182,9891.419353064646,12531.727272727272
18-25,M,0,A,1,5,0.2,P00008017,0.05,4.0,0.1,2223.3644319743044,1438.85
18-25,M,0,A,2,5,0.2857142857142857,P00000772,0.07142857142857142,36.0,0.21428571428571427,7795.519224402052,4690.142857142857
46-50,M,1,B,4,8,0.14,P00000947,0.02,21.0,0.08,6260.676651308938,6614.52
51-55,F,1,B,1,18,0.125,P00011460,0.0625,35.0,0.09375,11256.9840685038,13960.4375
26-35,M,0,A,1,10,0.3,P00007435,0.1,44.0,0.2,9917.364222525168,8426.3
46-50,F,1,B,1,12,0.23529411764705882,P00006684,0.058823529411764705,40.0,0.17647058823529413,7787.504883390028,9284.058823529413
26-35,M,0,A,4,12,0.19047619047619047,P00000215,0.023809523809523808,14.0,0.09523809523809523,6096.422939890318,7631.142857142857
36-45,M,1,A,4,3,0.1951219512195122,P00009771,0.024390243902439025,18.0,0.0975609756097561,6702.293077290968,7284.609756097561
18-25,M,0,A,3,17,0.35714285714285715,P00000238,0.07142857142857142,40.0,0.14285714285714285,7566.770885382227,4651.357142857143
36-45,F,1,B,2,11,0.23529411764705882,P00001455,0.058823529411764705,42.0,0.23529411764705882,5725.405559100287,4139.235294117647
46-50,F,1,B,1,17,0.2,P00001802,0.05,30.0,0.15,4733.546668530679,2839.2
46-50,F,1,B,1,3,0.32608695652173914,P00062898,0.043478260869565216,7.0,0.06521739130434782,10038.722859182748,13769.391304347826
26-35,M,0,A,1,9,0.14634146341463414,P00028167,0.04878048780487805,40.0,0.12195121951219512,5794.0087528453705,6385.8536585365855
55+,F,1,C,2,3,0.14893617021276595,P00001576,0.02127659574468085,28.0,0.10638297872340426,8911.459482292046,13061.063829787234
51-55,F,1,C,2,1,0.15,P00003246,0.05,20.0,0.15,7681.433976598517,6628.6
36-45,M,1,A,4,9,0.12195121951219512,P00024514,0.04878048780487805,7.0,0.07317073170731707,7920.106691354546,7563.4390243902435
36-45,M,1,A,5+,3,0.16666666666666666,P00044540,0.05555555555555555,42.0,0.1111111111111111,10489.537960529855,12026.055555555555
46-50,M,1,A,4,16,0.13333333333333333,P00000610,0.022222222222222223,20.0,0.06666666666666667,9633.96618462327,12009.68888888889
0-17,M,0,A,4,17,0.23529411764705882,P00004855,0.058823529411764705,36.0,0.17647058823529413,5833.099324998171,3422.8823529411766
36-45,F,1,B,1,16,0.15,P00003426,0.05,36.0,0.1,10991.991920436776,9048.8
51-55,F,1,B,4,16,0.14893617021276595,P00001069,0.02127659574468085,7.0,0.06382978723404255,8202.296392310389,7495.744680851064
36-45,M,0,B,1,16,0.15,P00004150,0.05,7.0,0.1,8380.261435910608,6732.95
55+,F,1,C,2,11,0.15384615384615385,P00033042,0.07692307692307693,28.0,0.15384615384615385,7160.970889266558,6293.923076923077
26-35,M,0,A,5+,11,0.25,P00001409,0.08333333333333333,14.0,0.16666666666666666,4269.65422984394,9879.833333333334
26-35,M,0,B,2,4,0.125,P00005451,0.0625,28.0,0.1875,5989.975586692041,4096.0625
36-45,M,0,B,2,5,0.1875,P00000285,0.0625,44.0,0.1875,4155.0637695668,2587.5625
46-50,M,1,A,4,10,0.17073170731707318,P00000947,0.024390243902439025,7.0,0.07317073170731707,6410.391113500703,5431.1463414634145
18-25,M,0,A,3,17,0.21052631578947367,P00004979,0.05263157894736842,4.0,0.10526315789473684,7936.001473409951,4912.9473684210525
55+,F,1,C,2,3,0.11764705882352941,P00003852,0.058823529411764705,4.0,0.23529411764705882,3849.0539460251484,2852.176470588235
55+,F,1,C,4,1,0.26666666666666666,P00006469,0.06666666666666667,14.0,0.13333333333333333,3177.0706333860144,7197.333333333333
51-55,F,1,B,1,3,0.1935483870967742,P00002538,0.03225806451612903,10.0,0.06451612903225806,10180.583817046741,11485.548387096775
36-45,M,1,B,1,9,0.23529411764705882,P00004405,0.058823529411764705,9.0,0.11764705882352941,6255.530212163803,7556.117647058823
0-17,M,0,A,1,15,0.2,P00012374,0.06666666666666667,32.0,0.13333333333333333,7968.130749309731,4181.066666666667
51-55,F,1,C,2,4,0.16666666666666666,P00007923,0.08333333333333333,20.0,0.16666666666666666,9335.903077107834,6970.416666666667
26-35,M,0,A,3,5,0.2,P00004752,0.05,36.0,0.1,9887.901488155801,5944.45
55+,F,1,C,2,1,0.2,P00004697,0.05,28.0,0.15,4477.107776467445,3499.4
36-45,M,1,A,1,13,0.17073170731707318,P00065315,0.04878048780487805,7.0,0.07317073170731707,8400.799782628133,11985.634146341463
46-50,M,1,A,5+,3,0.18181818181818182,P00000247,0.022727272727272728,30.0,0.09090909090909091,9119.732174810555,11737.386363636364
51-55,F,1,B,2,3,0.11627906976744186,P00000205,0.023255813953488372,35.0,0.09302325581395349,8395.995652492784,7534.162790697675
46-50,F,1,B,4,18,0.16666666666666666,P00062501,0.1111111111111111,10.0,0.1111111111111111,10576.149873515353,9003.5
55+,F,1,C,4,12,0.18181818181818182,P00000070,0.022727272727272728,35.0,0.09090909090909091,5972.146212785834,6385.590909090909
18-25,M,0,A,2,5,0.16666666666666666,P00004130,0.08333333333333333,9.0,0.08333333333333333,7473.020339355718,8091.083333333333
55+,F,1,C,2,17,0.25,P00001409,0.0625,6.0,0.125,5160.4855936723625,3556.3125
46-50,M,1,B,4,3,0.15217391304347827,P00041389,0.043478260869565216,40.0,0.1956521739130435,6419.20257486095,6908.760869565217
26-35,M,0,A,4,11,0.125,P00058502,0.075,13.0,0.1,9400.00613989843,11491.575
51-55,F,1,B,5+,3,0.14285714285714285,P00000404,0.023809523809523808,45.0,0.09523809523809523,5523.894344359084,6130.833333333333
0-17,M,0,A,2,10,0.25,P00006213,0.08333333333333333,24.0,0.25,7596.419385294148,3758.75
55+,F,1,C,2,3,0.21428571428571427,P00000205,0.07142857142857142,36.0,0.14285714285714285,8186.867315375305,6320.857142857143
51-55,F,1,C,2,5,0.4,P00010042,0.1,32.0,0.2,2585.859798983696,1476.7
51-55,F,1,B,5+,3,0.14285714285714285,P00045785,0.04081632653061224,44.0,0.10204081632653061,9591.884294888603,10652.081632653062
46-50,M,1,B,3,16,0.13333333333333333,P00000809,0.022222222222222223,21.0,0.1111111111111111,7027.1316387041425,6619.577777777778
26-35,M,0,A,3,18,0.22448979591836735,P00004270,0.061224489795918366,40.0,0.10204081632653061,8649.338908420752,11814.775510204081
51-55,F,1,C,4,12,0.23529411764705882,P00001575,0.058823529411764705,10.0,0.11764705882352941,7438.079995180603,10839.470588235294
51-55,F,1,C,1,17,0.2,P00001457,0.05,12.0,0.1,6504.636759954192,4843.3
36-45,M,1,A,4,3,0.23404255319148937,P00000947,0.02127659574468085,28.0,0.10638297872340426,9788.35362968837,12534.787234042553
36-45,M,0,A,5+,7,0.15789473684210525,P00000238,0.05263157894736842,18.0,0.15789473684210525,4888.783945710453,7005.631578947368
36-45,M,0,A,3,3,0.1951219512195122,P00041855,0.04878048780487805,21.0,0.0975609756097561,10054.720197499282,11653.0
55+,F,1,C,5+,3,0.15217391304347827,P00002733,0.043478260869565216,10.0,0.10869565217391304,6534.5513708191465,7626.934782608696
46-50,F,1,B,4,3,0.24444444444444444,P00005989,0.044444444444444446,40.0,0.08888888888888889,10277.124195871806,12600.888888888889
51-55,F,1,B,2,19,0.1794871794871795,P00000404,0.02564102564102564,11.0,0.07692307692307693,10486.277695358995,14467.871794871795
26-35,M,0,A,1,3,0.11363636363636363,P00031009,0.045454545454545456,42.0,0.11363636363636363,10342.00376418182,11177.954545454546
51-55,F,1,C,3,9,0.23529411764705882,P00001803,0.058823529411764705,21.0,0.11764705882352941,7353.566010186926,10243.235294117647
46-50,F,1,C,2,5,0.2,P00000205,0.05,30.0,0.1,8738.207455585047,4853.2
18-25,M,0,A,1,2,0.17647058823529413,P00003708,0.058823529411764705,18.0,0.11764705882352941,8730.324844454866,5392.470588235294
55+,F,1,C,1,9,0.15789473684210525,P00004405,0.05263157894736842,40.0,0.10526315789473684,9622.630213316015,7426.0
36-45,M,1,B,4,11,0.18181818181818182,P00017278,0.09090909090909091,45.0,0.2727272727272727,3577.9105939335345,3748.7272727272725
51-55,F,1,C,2,12,0.21428571428571427,P00000718,0.07142857142857142,8.0,0.14285714285714285,9088.124757610347,7964.071428571428
36-45,M,1,A,4,3,0.25,P00003072,0.027777777777777776,10.0,0.1388888888888889,8828.539509085977,13646.277777777777
51-55,F,1,B,5+,19,0.17073170731707318,P00048169,0.04878048780487805,7.0,0.07317073170731707,10685.99203573561,13163.634146341463
36-45,M,1,A,1,20,0.1590909090909091,P00035009,0.045454545454545456,7.0,0.06818181818181818,9897.53962604084,11879.954545454546
55+,F,1,C,4,17,0.14285714285714285,P00001383,0.023809523809523808,10.0,0.07142857142857142,8061.203053020119,7468.857142857143
55+,F,1,C,5+,3,0.2,P00000247,0.025,36.0,0.2,6341.447220115674,6750.225
51-55,F,1,C,2,5,0.21428571428571427,P00020373,0.07142857142857142,42.0,0.14285714285714285,4884.343196535074,5066.0
55+,F,1,C,1,3,0.2,P00001156,0.06666666666666667,18.0,0.2,8964.23213028948,7484.4
36-45,M,1,A,3,3,0.13953488372093023,P00098002,0.046511627906976744,20.0,0.13953488372093023,8681.177121116405,10406.511627906977
46-50,F,1,B,1,17,0.19444444444444445,P00022259,0.05555555555555555,13.0,0.1111111111111111,9206.666574600875,8291.111111111111
26-35,M,0,B,2,17,0.25,P00006705,0.0625,8.0,0.125,7522.826381254588,5438.3125
18-25,M,0,A,2,10,0.2857142857142857,P00000370,0.07142857142857142,18.0,0.14285714285714285,5757.200831314461,4012.785714285714
36-45,M,0,A,5+,3,0.14893617021276595,P00001790,0.02127659574468085,36.0,0.1276595744680851,5846.922958869607,6355.0
46-50,M,1,B,3,3,0.1111111111111111,P00001039,0.022222222222222223,10.0,0.08888888888888889,8964.799519185688,10983.111111111111
51-55,F,1,C,1,4,0.45454545454545453,P00001794,0.09090909090909091,6.0,0.2727272727272727,2550.1998745196424,1173.0
26-35,M,0,A,4,10,0.13636363636363635,P00038298,0.045454545454545456,30.0,0.09090909090909091,7071.5203864967025,7314.931818181818
36-45,M,0,B,1,4,0.21428571428571427,P00002538,0.07142857142857142,20.0,0.14285714285714285,8123.615741084213,4939.642857142857
46-50,F,1,B,2,16,0.2857142857142857,P00000526,0.07142857142857142,3.0,0.07142857142857142,6697.510669668967,3730.3571428571427
55+,F,1,C,2,10,0.3,P00008655,0.1,24.0,0.2,9482.055178071894,5494.2
46-50,F,1,B,5+,3,0.16666666666666666,P00000221,0.020833333333333332,18.0,0.0625,9865.5572293224,11285.708333333334
26-35,M,0,A,1,11,0.2631578947368421,P00002627,0.05263157894736842,18.0,0.21052631578947367,4549.4925647253485,7257.473684210527
46-50,F,1,B,3,5,0.15,P00002538,0.05,20.0,0.15,6280.028037776835,5996.55
36-45,M,0,A,1,8,0.1276595744680851,P00053810,0.0425531914893617,30.0,0.10638297872340426,6310.138420600735,7306.936170212766
26-35,M,0,A,5+,3,0.17391304347826086,P00001039,0.021739130434782608,20.0,0.06521739130434782,5161.219792161071,5783.347826086957
18-25,M,0,A,1,10,0.2222222222222222,P00005460,0.05555555555555555,36.0,0.16666666666666666,7197.659297263042,3944.777777777778
26-35,M,0,A,5+,3,0.21052631578947367,P00034406,0.05263157894736842,20.0,0.13157894736842105,8998.168513070641,11923.28947368421
51-55,F,1,C,2,4,0.2,P00007232,0.1,36.0,0.2,11614.86022492068,7772.4
51-55,F,1,C,5+,3,0.125,P00007687,0.025,30.0,0.125,9758.285510108568,12151.425
26-35,M,0,A,2,3,0.20512820512820512,P00058904,0.05128205128205128,20.0,0.07692307692307693,10331.211197026749,12048.692307692309
36-45,M,0,A,4,3,0.13043478260869565,P00007789,0.043478260869565216,20.0,0.10869565217391304,5793.164046825357,5846.434782608696
26-35,M,0,A,2,13,0.10869565217391304,P00003982,0.021739130434782608,16.0,0.08695652173913043,8366.963654062674,10393.521739130434
36-45,M,0,A,5+,3,0.20833333333333334,P00085274,0.041666666666666664,7.0,0.0625,10128.016977859586,12499.604166666666
0-17,M,0,A,2,15,0.17647058823529413,P00000518,0.058823529411764705,6.0,0.11764705882352941,8055.580259433611,4561.764705882353
36-45,M,1,A,2,20,0.15217391304347827,P00001409,0.021739130434782608,36.0,0.13043478260869565,9210.599896144655,10120.326086956522
26-35,M,0,A,1,20,0.125,P00004082,0.03125,24.0,0.09375,9158.904317954388,9278.78125
51-55,F,1,C,2,3,0.11764705882352941,P00002627,0.058823529411764705,42.0,0.17647058823529413,7733.094870710676,5898.823529411765
55+,F,1,C,2,10,0.3333333333333333,P00027621,0.08333333333333333,4.0,0.16666666666666666,6344.153850856183,4417.916666666667
46-50,M,1,A,4,19,0.14285714285714285,P00000101,0.023809523809523808,35.0,0.09523809523809523,9060.344803877873,12626.714285714286
0-17,M,0,A,1,16,0.3333333333333333,P00012783,0.08333333333333333,28.0,0.16666666666666666,7169.777939167272,2979.6666666666665
26-35,M,0,B,2,5,0.2727272727272727,P00013633,0.09090909090909091,32.0,0.18181818181818182,4496.578171737422,2184.3636363636365
55+,F,1,C,4,3,0.09523809523809523,P00028358,0.047619047619047616,45.0,0.11904761904761904,6814.104616254021,6767.285714285715
46-50,F,1,B,4,18,0.26666666666666666,P00000101,0.03333333333333333,35.0,0.1,10426.79752600365,13290.2
36-45,M,1,A,1,17,0.17142857142857143,P00000925,0.02857142857142857,30.0,0.11428571428571428,8491.347949827637,8733.371428571429
18-25,M,0,A,1,3,0.18181818181818182,P00012374,0.09090909090909091,30.0,0.2727272727272727,6143.9404427156005,6439.818181818182
51-55,F,1,C,4,12,0.2,P00000549,0.05,21.0,0.2,3985.0409530352913,6207.65
46-50,M,1,A,1,17,0.15151515151515152,P00022507,0.06060606060606061,12.0,0.09090909090909091,9075.270965255144,9002.69696969697
51-55,F,1,C,4,11,0.1276595744680851,P00004130,0.02127659574468085,30.0,0.0851063829787234,5177.033262453993,5696.234042553191
46-50,F,1,B,5+,3,0.15,P00008806,0.025,7.0,0.075,9036.449437608864,11842.85
51-55,F,1,C,5+,3,0.13043478260869565,P00062292,0.043478260869565216,21.0,0.10869565217391304,7621.8158283796865,7264.521739130435
51-55,F,1,C,2,10,0.2727272727272727,P00000070,0.09090909090909091,10.0,0.09090909090909091,5912.1653793451405,4269.545454545455
51-55,F,1,C,2,10,0.16666666666666666,P00003693,0.05555555555555555,28.0,0.16666666666666666,6259.635776589206,2756.9444444444443
36-45,M,0,B,3,10,0.1875,P00004008,0.0625,18.0,0.125,3807.4436956878735,3076.8125
46-50,F,1,B,2,10,0.15789473684210525,P00002538,0.05263157894736842,44.0,0.10526315789473684,4669.592182000354,3775.5789473684213
55+,F,1,C,3,3,0.2,P00004979,0.05,6.0,0.15,7572.975469425893,4778.25
51-55,F,1,C,1,18,0.17142857142857143,P00080803,0.05714285714285714,35.0,0.08571428571428572,10814.397967913117,14634.942857142858
55+,F,1,C,2,3,0.18181818181818182,P00004649,0.045454545454545456,7.0,0.09090909090909091,9158.434662122094,11197.068181818182
46-50,M,1,A,3,3,0.15217391304347827,P00035451,0.043478260869565216,18.0,0.08695652173913043,6014.717596865899,7632.913043478261
46-50,F,1,B,1,4,0.1875,P00006705,0.0625,32.0,0.125,8240.656545193067,4310.8125
46-50,F,1,B,3,10,0.21052631578947367,P00001457,0.05263157894736842,10.0,0.10526315789473684,7621.284672830919,4025.7894736842104
36-45,M,0,B,1,10,0.25,P00005873,0.08333333333333333,28.0,0.16666666666666666,3423.5778998532564,1835.0
55+,F,1,C,1,1,0.2,P00004002,0.1,40.0,0.2,7682.87830612113,5625.2
26-35,M,0,A,4,8,0.15,P00001383,0.05,10.0,0.1,5235.31986656624,6982.0
46-50,M,1,B,3,3,0.1702127659574468,P00071061,0.0425531914893617,36.0,0.10638297872340426,6962.87252452495,7054.106382978724
36-45,F,1,B,5+,15,0.2,P00015354,0.1,28.0,0.2,7606.612135358144,4796.2
0-17,M,0,A,5+,5,0.17647058823529413,P00011738,0.058823529411764705,10.0,0.11764705882352941,6534.433159853136,4683.294117647059
36-45,M,1,A,3,3,0.13333333333333333,P00001409,0.044444444444444446,40.0,0.08888888888888889,9283.342047653818,12277.511111111111
51-55,F,1,C,1,15,0.26666666666666666,P00036525,0.13333333333333333,4.0,0.2,7390.265819692434,4898.8
36-45,M,0,B,1,15,0.21428571428571427,P00015645,0.07142857142857142,20.0,0.14285714285714285,6118.614868749944,3467.285714285714
51-55,F,1,B,5+,3,0.16,P00009447,0.02,4.0,0.08,9188.401382666061,9922.48
51-55,F,1,C,3,3,0.375,P00002815,0.0625,20.0,0.1875,9963.74101095233,12361.0
36-45,M,1,B,5+,11,0.3,P00005057,0.1,9.0,0.2,8039.827925190108,8695.8
46-50,F,1,B,3,15,0.3333333333333333,P00019226,0.08333333333333333,20.0,0.16666666666666666,7766.141377899011,3665.5833333333335
51-55,F,1,C,5+,3,0.14893617021276595,P00000105,0.02127659574468085,21.0,0.0851063829787234,6352.664357892152,6924.765957446809
46-50,F,1,C,1,4,0.15789473684210525,P00007524,0.05263157894736842,18.0,0.15789473684210525,5411.591901860367,3385.3684210526317
36-45,F,1,B,4,5,0.375,P00004622,0.0625,18.0,0.1875,8460.878746471904,4040.6875
51-55,F,1,B,5+,19,0.125,P00001803,0.020833333333333332,20.0,0.0625,9810.603920052652,10933.479166666666
51-55,F,1,B,4,3,0.3409090909090909,P00037299,0.045454545454545456,20.0,0.09090909090909091,9604.863949718416,13124.363636363636
0-17,M,0,A,3,10,0.2,P00010760,0.1,6.0,0.2,2231.962663964909,1719.0
46-50,M,1,B,4,11,0.175,P00002627,0.025,10.0,0.125,6578.310751911767,6462.9
51-55,F,1,B,5+,10,0.15,P00052043,0.05,27.0,0.125,7777.601547400599,7596.625
26-35,M,0,A,4,11,0.1875,P00011129,0.0625,18.0,0.125,7322.689915597956,8107.5
46-50,F,1,B,5+,11,0.2222222222222222,P00004358,0.05555555555555555,27.0,0.1111111111111111,5085.465497231243,6524.166666666667
26-35,M,0,A,1,20,0.20512820512820512,P00078255,0.05128205128205128,35.0,0.10256410256410256,8937.063988477596,13090.051282051281
51-55,F,1,B,2,3,0.11904761904761904,P00026784,0.047619047619047616,21.0,0.09523809523809523,7915.561364187678,7976.4047619047615
46-50,M,1,A,4,3,0.16666666666666666,P00002815,0.020833333333333332,40.0,0.10416666666666667,6291.007296809521,7135.5
55+,F,1,C,5+,5,0.21052631578947367,P00005394,0.05263157894736842,36.0,0.10526315789473684,5652.838975716549,3010.4736842105262
46-50,F,1,B,5+,1,0.15789473684210525,P00005057,0.05263157894736842,40.0,0.15789473684210525,8534.248527540345,8559.473684210527
18-25,M,0,A,2,4,0.3333333333333333,P00003451,0.08333333333333333,16.0,0.16666666666666666,7441.494795259806,3957.6666666666665
51-55,F,1,C,2,17,0.21428571428571427,P00010273,0.07142857142857142,3.0,0.07142857142857142,10963.125999017328,8123.142857142857
55+,F,1,C,4,1,0.09090909090909091,P00012615,0.045454545454545456,42.0,0.13636363636363635,7179.880685906123,7319.181818181818
36-45,M,0,A,5+,3,0.16326530612244897,P00018479,0.04081632653061224,9.0,0.10204081632653061,8495.44551314625,9027.69387755102
46-50,F,1,B,2,10,0.3157894736842105,P00014144,0.05263157894736842,6.0,0.10526315789473684,3870.208004745998,2797.0
55+,F,1,C,2,1,0.125,P00006011,0.0625,36.0,0.125,3425.357484385146,2861.1875
51-55,F,1,C,1,17,0.16666666666666666,P00006347,0.05555555555555555,36.0,0.1111111111111111,4055.199564329226,4345.722222222223
36-45,M,1,A,5+,9,0.13043478260869565,P00000105,0.021739130434782608,20.0,0.13043478260869565,6227.124958811812,6219.239130434783
36-45,F,1,B,3,17,0.3333333333333333,P00000105,0.08333333333333333,20.0,0.25,6988.032228334556,3193.6666666666665
26-35,M,0,A,2,3,0.21052631578947367,P00000337,0.05263157894736842,18.0,0.15789473684210525,8215.177207799938,8095.0
55+,F,1,C,1,3,0.2,P00004002,0.1,3.0,0.1,10659.944824226603,8552.1
55+,F,1,C,1,17,0.2222222222222222,P00002387,0.05555555555555555,40.0,0.16666666666666666,3694.5466648593747,2032.6666666666667
18-25,M,0,A,1,16,0.3,P00020638,0.1,7.0,0.2,10448.128136444133,7473.0
26-35,M,0,B,1,5,0.29411764705882354,P00002274,0.058823529411764705,16.0,0.11764705882352941,7958.875626785925,4188.64705882353
55+,F,1,C,2,7,0.13953488372093023,P00088777,0.046511627906976744,20.0,0.13953488372093023,6680.601280042196,7874.325581395349
46-50,F,1,B,1,17,0.2,P00027993,0.1,20.0,0.1,2909.4024606055755,2358.7
51-55,F,1,B,1,3,0.1388888888888889,P00000404,0.027777777777777776,9.0,0.08333333333333333,8840.925777270519,10765.972222222223
51-55,F,1,B,1,3,0.21739130434782608,P00086370,0.043478260869565216,20.0,0.10869565217391304,8400.886671198394,11736.934782608696
55+,F,1,C,4,11,0.14634146341463414,P00000925,0.024390243902439025,20.0,0.12195121951219512,6099.9531899443455,7741.073170731707
26-35,M,0,B,1,10,0.2777777777777778,P00014777,0.1111111111111111,6.0,0.1111111111111111,4895.007195211921,1851.5
26-35,M,0,A,5+,20,0.18604651162790697,P00009771,0.023255813953488372,40.0,0.09302325581395349,8732.800428907012,12193.046511627907
46-50,F,1,B,3,3,0.22916666666666666,P00000070,0.020833333333333332,7.0,0.0625,8581.274380779756,11283.791666666666
46-50,F,1,B,1,5,0.1875,P00001803,0.0625,30.0,0.125,4942.446367522194,2624.3125
36-45,M,0,A,4,16,0.13636363636363635,P00079155,0.045454545454545456,42.0,0.13636363636363635,7575.1275942546945,7225.022727272727
36-45,M,1,A,1,3,0.2,P00000238,0.02,18.0,0.1,9911.929296765675,11421.94
46-50,M,1,A,4,20,0.21428571428571427,P00063082,0.047619047619047616,40.0,0.09523809523809523,9672.269872358807,14050.833333333334
26-35,M,0,A,4,6,0.1276595744680851,P00059194,0.0425531914893617,10.0,0.0851063829787234,6362.360744365501,7338.382978723404
0-17,M,0,A,2,10,0.25,P00015354,0.05,20.0,0.15,5863.324405282292,5074.65
51-55,F,1,C,2,11,0.17647058823529413,P00004752,0.058823529411764705,36.0,0.23529411764705882,4459.567189168236,7704.470588235294
36-45,F,1,B,1,5,0.25,P00001282,0.08333333333333333,12.0,0.16666666666666666,8017.846007878961,3338.6666666666665
36-45,F,1,B,1,10,0.2,P00004907,0.05,14.0,0.1,9822.670464957984,6671.3
36-45,M,1,A,5+,3,0.2,P00000573,0.025,30.0,0.15,7746.686308285262,7463.9
55+,F,1,C,3,8,0.09302325581395349,P00000953,0.023255813953488372,40.0,0.11627906976744186,9216.455388609687,8430.302325581395
36-45,M,0,A,4,3,0.16666666666666666,P00006542,0.08333333333333333,18.0,0.16666666666666666,4667.279465176754,8249.166666666666
26-35,M,0,A,4,18,0.15555555555555556,P00089394,0.044444444444444446,40.0,0.1111111111111111,9878.225219127067,10094.444444444445
55+,F,1,C,4,3,0.16,P00002370,0.02,27.0,0.12,7678.338170968708,8620.44
55+,F,1,C,5+,10,0.10204081632653061,P00059185,0.04081632653061224,7.0,0.10204081632653061,7530.946150050868,7472.040816326531
46-50,F,1,B,1,3,0.15151515151515152,P00000947,0.030303030303030304,24.0,0.09090909090909091,9498.06104206075,12399.939393939394
36-45,M,1,A,3,20,0.15789473684210525,P00030169,0.05263157894736842,12.0,0.07894736842105263,11207.261313481034,15539.5
36-45,M,1,A,4,3,0.18,P00054968,0.04,10.0,0.08,6009.841119296223,7083.92
55+,F,1,C,2,17,0.2,P00022507,0.06666666666666667,40.0,0.13333333333333333,8216.937739177765,4928.333333333333
51-55,F,1,C,3,12,0.2727272727272727,P00058690,0.18181818181818182,7.0,0.18181818181818182,3780.023256301715,7783.272727272727
51-55,F,1,B,5+,11,0.1836734693877551,P00087121,0.04081632653061224,7.0,0.12244897959183673,7096.315101963874,7383.877551020408
51-55,F,1,C,5+,10,0.1956521739130435,P00001039,0.021739130434782608,42.0,0.15217391304347827,5179.926736653855,5074.739130434783
26-35,M,0,B,3,3,0.14285714285714285,P00005588,0.07142857142857142,8.0,0.14285714285714285,10451.120311418115,7796.928571428572
26-35,M,0,B,2,3,0.21428571428571427,P00002892,0.07142857142857142,16.0,0.14285714285714285,4197.5789260786205,2599.9285714285716
55+,F,1,C,3,16,0.2222222222222222,P00000809,0.05555555555555555,20.0,0.16666666666666666,5358.545693349308,3407.777777777778
55+,F,1,C,2,16,0.23076923076923078,P00001282,0.07692307692307693,12.0,0.15384615384615385,4989.542948340391,3486.0
46-50,M,1,B,4,16,0.14285714285714285,P00002733,0.023809523809523808,18.0,0.09523809523809523,3441.5238700610184,4120.809523809524
36-45,M,1,B,2,12,0.2631578947368421,P00008806,0.05263157894736842,36.0,0.10526315789473684,5565.990588212504,7989.684210526316
26-35,M,0,B,1,4,0.15789473684210525,P00004622,0.05263157894736842,7.0,0.10526315789473684,8347.335112449491,5717.421052631579
36-45,M,0,A,3,3,0.2222222222222222,P00067465,0.044444444444444446,27.0,0.13333333333333333,4395.017677076872,4836.266666666666
18-25,M,0,A,3,11,0.25,P00001621,0.08333333333333333,27.0,0.25,6456.054219361338,10938.583333333334
46-50,F,1,B,5+,3,0.1875,P00024091,0.0625,7.0,0.0625,8855.257723283165,14431.59375
0-17,M,0,A,1,16,0.2,P00004232,0.05,40.0,0.2,7056.38964343665,4289.8
0-17,M,0,A,3,10,0.23076923076923078,P00004189,0.07692307692307693,4.0,0.07692307692307693,4607.379144038731,3323.076923076923
51-55,F,1,B,4,11,0.12,P00045432,0.04,45.0,0.1,5329.97486520091,5838.76
26-35,M,0,A,2,13,0.2222222222222222,P00001383,0.022222222222222223,42.0,0.08888888888888889,9178.511382571796,13545.266666666666
51-55,F,1,C,2,10,0.2,P00013130,0.1,9.0,0.1,6930.010715226773,6222.75
36-45,M,0,A,4,3,0.1836734693877551,P00004752,0.02040816326530612,27.0,0.14285714285714285,6689.746186513057,6436.040816326531
46-50,F,1,B,5+,12,0.23529411764705882,P00008016,0.058823529411764705,7.0,0.11764705882352941,4135.830384649283,5815.294117647059
46-50,M,1,B,5+,12,0.17777777777777778,P00007781,0.022222222222222223,42.0,0.1111111111111111,7236.672190372387,7933.466666666666
46-50,F,1,B,2,17,0.3684210526315789,P00034367,0.10526315789473684,4.0,0.15789473684210525,9904.976666609664,5513.894736842105
26-35,M,0,B,1,10,0.23076923076923078,P00004002,0.07692307692307693,42.0,0.23076923076923078,8687.27482571122,6899.307692307692
46-50,F,1,B,5+,3,0.24489795918367346,P00037299,0.04081632653061224,20.0,0.10204081632653061,8739.254311880453,11198.775510204081
55+,F,1,C,4,9,0.13333333333333333,P00002627,0.022222222222222223,40.0,0.13333333333333333,5490.8576081271,7217.666666666667
55+,F,1,C,4,10,0.14,P00046716,0.04,36.0,0.12,7468.159481370471,6350.96
26-35,M,0,A,5+,3,0.1282051282051282,P00091957,0.05128205128205128,30.0,0.10256410256410256,9000.021756683853,11344.102564102564
26-35,M,0,B,1,4,0.21428571428571427,P00000925,0.07142857142857142,16.0,0.14285714285714285,6696.0407573562325,3215.8571428571427
55+,F,1,C,4,9,0.1,P00006347,0.025,40.0,0.125,6531.498076824651,7121.475
36-45,F,1,B,1,17,0.2,P00012617,0.06666666666666667,7.0,0.13333333333333333,9937.04346660227,8523.0
26-35,M,0,A,4,3,0.125,P00000205,0.025,40.0,0.15,5698.410124425395,5496.05
51-55,F,1,C,2,3,0.14893617021276595,P00082504,0.0425531914893617,12.0,0.06382978723404255,8623.242089554262,9398.31914893617
55+,F,1,C,5+,12,0.16666666666666666,P00000221,0.023809523809523808,14.0,0.09523809523809523,6390.815273912472,7090.809523809524
46-50,M,1,A,4,3,0.18604651162790697,P00004649,0.046511627906976744,42.0,0.09302325581395349,7221.1762622296,7630.906976744186
36-45,M,1,A,4,13,0.18421052631578946,P00044914,0.05263157894736842,20.0,0.10526315789473684,9280.534292365828,12054.28947368421
36-45,F,1,B,1,4,0.14285714285714285,P00004819,0.07142857142857142,21.0,0.21428571428571427,7229.088398748702,4876.0
51-55,F,1,C,4,3,0.11904761904761904,P00000070,0.023809523809523808,6.0,0.09523809523809523,5498.859516058937,6073.785714285715
18-25,M,0,A,5+,15,0.2,P00000285,0.05,36.0,0.15,8790.740862138022,5876.2
36-45,M,1,A,4,3,0.20930232558139536,P00005818,0.046511627906976744,28.0,0.09302325581395349,9958.452094502132,11970.976744186046
26-35,M,0,B,4,4,0.23529411764705882,P00068100,0.11764705882352941,20.0,0.11764705882352941,6625.108337626949,4231.882352941177
26-35,M,0,A,1,3,0.13043478260869565,P00043600,0.043478260869565216,10.0,0.10869565217391304,10397.975658333902,12176.173913043478
55+,F,1,C,1,3,0.14285714285714285,P00003982,0.02040816326530612,10.0,0.08163265306122448,8976.854641242666,12295.857142857143
55+,F,1,C,2,17,0.2,P00003235,0.1,20.0,0.1,8687.27195448094,4871.7
26-35,M,0,A,2,2,0.12,P00000105,0.02,18.0,0.08,6381.688225872907,6723.2
26-35,M,0,A,1,10,0.2777777777777778,P00025704,0.05555555555555555,20.0,0.2222222222222222,4588.1668132144405,1884.3333333333333
36-45,M,0,A,4,1,0.125,P00001409,0.025,45.0,0.1,5241.237773105773,6080.875
55+,F,1,C,3,3,0.17142857142857143,P00017147,0.05714285714285714,35.0,0.08571428571428572,11164.60845166509,13416.942857142858
0-17,M,0,A,1,10,0.3,P00015489,0.1,44.0,0.2,4406.727040685764,3612.9
0-17,M,0,A,2,10,0.25,P00007153,0.05,42.0,0.2,7185.938597266484,5012.55
46-50,M,1,B,1,11,0.20408163265306123,P00000070,0.02040816326530612,42.0,0.10204081632653061,6493.590864431317,7376.65306122449
55+,F,1,C,5+,16,0.13333333333333333,P00011524,0.03333333333333333,20.0,0.1,9340.306596471659,9202.166666666666
36-45,M,1,A,4,18,0.17073170731707318,P00003088,0.024390243902439025,20.0,0.12195121951219512,8517.418549511403,11014.951219512195
26-35,M,0,A,2,11,0.23529411764705882,P00011129,0.058823529411764705,10.0,0.11764705882352941,4692.575472613784,6300.764705882353
46-50,M,1,B,3,12,0.14634146341463414,P00024477,0.04878048780487805,7.0,0.0975609756097561,7167.359242409725,7620.121951219512
26-35,M,0,A,4,3,0.16666666666666666,P00000101,0.027777777777777776,7.0,0.08333333333333333,8782.112649973546,11548.444444444445
51-55,F,1,C,2,4,0.21428571428571427,P00008415,0.07142857142857142,30.0,0.14285714285714285,3892.4308571921965,2725.1428571428573
46-50,M,1,B,1,10,0.1590909090909091,P00000337,0.022727272727272728,20.0,0.06818181818181818,6957.370531643959,7198.727272727273
26-35,M,0,B,3,17,0.25,P00004911,0.0625,45.0,0.1875,3632.5507515380978,3334.8125
26-35,M,0,A,3,3,0.1794871794871795,P00014343,0.05128205128205128,20.0,0.1282051282051282,9644.560684109654,12230.0
46-50,F,1,B,5+,3,0.18604651162790697,P00053573,0.06976744186046512,22.0,0.06976744186046512,9653.032613357913,12457.279069767443
26-35,M,0,A,1,3,0.1875,P00019006,0.041666666666666664,10.0,0.10416666666666667,9109.649446719117,10910.354166666666
55+,F,1,C,1,10,0.23529411764705882,P00001029,0.058823529411764705,20.0,0.17647058823529413,7016.047826967411,3743.1176470588234
51-55,F,1,C,4,10,0.17647058823529413,P00019709,0.058823529411764705,40.0,0.17647058823529413,9598.654521215307,5832.64705882353
51-55,F,1,C,2,11,0.1590909090909091,P00003235,0.022727272727272728,21.0,0.09090909090909091,5376.579666542339,6020.295454545455
51-55,F,1,C,1,10,0.4166666666666667,P00003227,0.08333333333333333,8.0,0.08333333333333333,8178.24489765748,3406.8333333333335
26-35,M,0,B,4,10,0.2,P00033694,0.1,30.0,0.2,1774.8173740165807,1356.4
55+,F,1,C,1,17,0.3125,P00002274,0.0625,42.0,0.1875,6578.407597334378,3572.625
51-55,F,1,B,5+,12,0.13043478260869565,P00000795,0.021739130434782608,10.0,0.10869565217391304,6282.903672273868,6850.021739130435
18-25,M,0,A,3,3,0.15,P00005057,0.05,9.0,0.1,6260.982599863178,6683.2
46-50,M,1,A,1,3,0.14893617021276595,P00003382,0.0425531914893617,36.0,0.0851063829787234,9441.177150790012,10324.08510638298
55+,F,1,C,5+,3,0.17073170731707318,P00028620,0.04878048780487805,9.0,0.07317073170731707,6695.641430775113,6387.073170731707
36-45,F,1,B,1,15,0.2,P00019487,0.06666666666666667,12.0,0.13333333333333333,8517.015147842078,4975.8
26-35,M,0,A,1,3,0.15789473684210525,P00099241,0.05263157894736842,28.0,0.10526315789473684,10176.032206373433,11207.315789473685
36-45,M,0,B,2,10,0.2222222222222222,P00008017,0.05555555555555555,42.0,0.16666666666666666,5654.063492491412,3575.722222222222
55+,F,1,C,1,12,0.1590909090909091,P00069782,0.045454545454545456,9.0,0.11363636363636363,7499.359597324218,7015.954545454545
55+,F,1,C,2,3,0.2,P00023231,0.1,18.0,0.2,7048.448229535665,7789.0
55+,F,1,C,4,3,0.14285714285714285,P00000809,0.023809523809523808,42.0,0.11904761904761904,4844.828231038687,5405.4047619047615
46-50,M,1,A,5+,3,0.13333333333333333,P00000101,0.03333333333333333,14.0,0.13333333333333333,9683.19513650965,11926.5
46-50,F,1,B,1,3,0.13636363636363635,P00043444,0.045454545454545456,45.0,0.11363636363636363,9692.614975834304,10584.0
51-55,F,1,C,2,15,0.2631578947368421,P00001455,0.05263157894736842,24.0,0.15789473684210525,3657.884450740723,2980.8947368421054
26-35,M,0,A,4,3,0.16,P00086361,0.04,35.0,0.08,9735.105969801525,13251.96
26-35,M,0,B,1,4,0.18181818181818182,P00003451,0.09090909090909091,4.0,0.09090909090909091,2180.264616967399,1376.0
55+,F,1,C,3,12,0.14634146341463414,P00004189,0.024390243902439025,10.0,0.12195121951219512,7570.610849874923,7389.09756097561
18-25,M,0,A,2,16,0.2727272727272727,P00000518,0.09090909090909091,4.0,0.18181818181818182,2245.6894466753615,2204.909090909091
55+,F,1,C,2,4,0.125,P00005254,0.0625,14.0,0.125,6482.87736239344,4236.6875
51-55,F,1,B,4,12,0.17391304347826086,P00019026,0.043478260869565216,9.0,0.08695652173913043,6724.780874112622,7367.869565217391
36-45,F,1,B,2,4,0.25,P00000795,0.05,30.0,0.2,5677.289095482473,3676.0
46-50,F,1,B,3,3,0.22448979591836735,P00054273,0.04081632653061224,7.0,0.12244897959183673,10236.03754449176,13930.632653061224
46-50,F,1,B,2,15,0.2,P00002387,0.1,40.0,0.2,11492.100059992903,9577.7
46-50,F,1,B,3,4,0.1875,P00009397,0.0625,36.0,0.25,3772.1294069132887,3236.4375
36-45,M,0,A,4,12,0.1590909090909091,P00033770,0.045454545454545456,42.0,0.11363636363636363,7085.5311988572075,8379.045454545454
46-50,F,1,C,1,5,0.15,P00002815,0.05,20.0,0.1,10131.24060050215,6547.0
36-45,M,0,A,1,6,0.1875,P00007923,0.0625,9.0,0.125,7605.379482094674,9941.5
36-45,M,1,A,5+,10,0.14893617021276595,P00000148,0.02127659574468085,27.0,0.10638297872340426,5356.417827402997,5331.595744680851
36-45,M,0,A,1,8,0.16666666666666666,P00007305,0.041666666666666664,30.0,0.08333333333333333,7187.258290200318,8000.8125
46-50,M,1,B,5+,8,0.1702127659574468,P00006613,0.02127659574468085,10.0,0.10638297872340426,7190.907987361624,6313.276595744681
0-17,M,0,A,1,11,0.15,P00001853,0.05,18.0,0.15,5678.671687482076,4352.85
26-35,M,0,B,1,16,0.1875,P00006470,0.0625,16.0,0.125,5262.517109631727,4240.0625
36-45,M,0,A,4,3,0.16279069767441862,P00095433,0.046511627906976744,14.0,0.09302325581395349,7820.861095328651,7263.325581395349
51-55,F,1,C,5+,10,0.25,P00010731,0.05,8.0,0.15,8966.175529675256,5440.55
51-55,F,1,B,5+,9,0.12,P00092099,0.04,40.0,0.1,8037.484630105597,8313.62
26-35,M,0,A,5+,3,0.21951219512195122,P00065315,0.07317073170731707,20.0,0.0975609756097561,9118.970878098567,11677.219512195123
26-35,M,0,B,3,4,0.15384615384615385,P00008010,0.07692307692307693,30.0,0.23076923076923078,6070.930043225962,3305.6153846153848
51-55,F,1,C,1,15,0.15789473684210525,P00011738,0.05263157894736842,36.0,0.21052631578947367,4957.785705273595,4112.105263157895
51-55,F,1,C,5+,8,0.15384615384615385,P00001621,0.07692307692307693,27.0,0.15384615384615385,5183.106909062289,8110.692307692308
55+,F,1,C,5+,11,0.21739130434782608,P00000105,0.021739130434782608,20.0,0.13043478260869565,7588.766779702415,8074.913043478261
51-55,F,1,B,5+,3,0.12903225806451613,P00063630,0.06451612903225806,30.0,0.0967741935483871,8295.336822058394,8708.483870967742
51-55,F,1,B,5+,3,0.16666666666666666,P00086361,0.06666666666666667,35.0,0.1,9412.276204174957,14838.033333333333
18-25,M,0,A,1,10,0.29411764705882354,P00012510,0.058823529411764705,20.0,0.17647058823529413,7745.6290990277785,4456.529411764706
55+,F,1,C,2,3,0.15,P00005818,0.05,14.0,0.15,8342.924705527748,5094.3
46-50,F,1,C,2,4,0.2,P00007722,0.1,36.0,0.2,3150.4240349514857,1737.4
36-45,M,1,A,5+,3,0.14634146341463414,P00000781,0.024390243902439025,9.0,0.07317073170731707,9351.976490456376,9223.853658536585
46-50,F,1,B,4,10,0.23076923076923078,P00000743,0.07692307692307693,4.0,0.15384615384615385,7811.755110745368,4402.076923076923
18-25,M,0,A,2,3,0.11764705882352941,P00000070,0.058823529411764705,20.0,0.11764705882352941,6936.523283656294,4489.470588235294
36-45,M,1,A,5+,8,0.11627906976744186,P00024814,0.046511627906976744,18.0,0.09302325581395349,6950.204940930176,6727.604651162791
0-17,M,0,A,2,10,0.25,P00002387,0.08333333333333333,36.0,0.25,2055.0259233047514,1164.5
26-35,M,0,A,2,9,0.15789473684210525,P00000070,0.05263157894736842,40.0,0.21052631578947367,7396.40781430794,7980.0
36-45,M,0,A,5+,3,0.17073170731707318,P00045983,0.04878048780487805,7.0,0.12195121951219512,5342.038937727348,5406.292682926829
55+,F,1,C,3,10,0.23529411764705882,P00002264,0.058823529411764705,36.0,0.11764705882352941,3583.9666705465097,2831.294117647059
26-35,M,0,A,2,5,0.26666666666666666,P00012080,0.06666666666666667,36.0,0.13333333333333333,5198.126280552583,3734.6
51-55,F,1,C,3,12,0.2727272727272727,P00017122,0.09090909090909091,40.0,0.2727272727272727,5600.605339035806,7735.181818181818
26-35,M,0,A,2,7,0.16666666666666666,P00000370,0.05555555555555555,40.0,0.2222222222222222,4524.107524019393,8109.777777777777
26-35,M,0,A,5+,11,0.21428571428571427,P00009821,0.07142857142857142,20.0,0.14285714285714285,3919.054313069826,6255.642857142857
0-17,M,0,A,2,17,0.375,P00009159,0.0625,42.0,0.25,11893.544674878609,8621.0
26-35,M,0,A,3,3,0.22727272727272727,P00062718,0.045454545454545456,40.0,0.13636363636363635,9268.277647420951,12551.09090909091
51-55,F,1,C,3,3,0.17647058823529413,P00000518,0.058823529411764705,14.0,0.17647058823529413,6366.773300872734,3641.470588235294
26-35,M,0,A,3,3,0.16279069767441862,P00003382,0.046511627906976744,40.0,0.09302325581395349,8850.854998647728,10958.46511627907
0-17,M,0,A,1,12,0.16666666666666666,P00004358,0.05555555555555555,35.0,0.1111111111111111,6712.27464270384,5616.944444444444
26-35,M,0,A,4,15,0.2,P00001790,0.06666666666666667,28.0,0.13333333333333333,9788.541901242541,7669.533333333334
26-35,M,0,A,4,12,0.18181818181818182,P00001790,0.022727272727272728,30.0,0.09090909090909091,6634.528230948422,6989.386363636364
36-45,F,1,B,4,12,0.2727272727272727,P00007789,0.09090909090909091,21.0,0.18181818181818182,7674.213038718456,8855.181818181818
26-35,M,0,B,2,5,0.2,P00013896,0.1,12.0,0.2,7674.654140596681,3373.8
51-55,F,1,B,4,3,0.13333333333333333,P00023333,0.06666666666666667,20.0,0.13333333333333333,7733.756437727739,9094.933333333332
36-45,M,1,B,3,11,0.16666666666666666,P00003003,0.05555555555555555,10.0,0.1111111111111111,6167.821801985346,7734.611111111111
36-45,M,0,B,4,10,0.2,P00002084,0.05,6.0,0.1,7391.505559192859,4808.3
26-35,M,0,A,3,8,0.16,P00004189,0.02,42.0,0.12,6210.8545786832765,6789.12
46-50,F,1,B,1,17,0.1590909090909091,P00074866,0.045454545454545456,4.0,0.045454545454545456,9230.52985281107,10614.59090909091
36-45,F,1,B,2,5,0.23529411764705882,P00000238,0.058823529411764705,16.0,0.11764705882352941,9498.630217423613,6922.588235294118
55+,F,1,C,4,3,0.17391304347826086,P00000247,0.021739130434782608,10.0,0.08695652173913043,5538.743059811377,7051.369565217391
0-17,M,0,A,1,16,0.23076923076923078,P00006705,0.07692307692307693,44.0,0.15384615384615385,8226.747520693143,4478.461538461538
26-35,M,0,A,5+,3,0.13513513513513514,P00009108,0.05405405405405406,21.0,0.10810810810810811,8666.419133852434,10909.297297297297
36-45,M,0,A,5+,8,0.18181818181818182,P00002815,0.022727272727272728,10.0,0.09090909090909091,4836.493445384951,5578.613636363636
26-35,M,0,B,1,17,0.16666666666666666,P00008171,0.05555555555555555,18.0,0.16666666666666666,6083.47229843963,5589.5
46-50,M,1,A,4,10,0.17073170731707318,P00002538,0.024390243902439025,27.0,0.12195121951219512,6357.729691524153,5939.341463414634
46-50,F,1,C,1,15,0.21428571428571427,P00000337,0.07142857142857142,24.0,0.14285714285714285,8176.824860341777,4753.214285714285
26-35,M,0,B,4,10,0.2222222222222222,P00001790,0.05555555555555555,4.0,0.1111111111111111,8467.283990926875,4128.777777777777
26-35,M,0,A,4,1,0.13333333333333333,P00003982,0.06666666666666667,7.0,0.2,7402.2922685186795,9923.6
18-25,M,0,A,3,17,0.1875,P00003658,0.0625,24.0,0.125,4440.872074641797,3036.625
26-35,M,0,A,4,13,0.12,P00003426,0.02,42.0,0.1,10032.81409581701,12585.18
26-35,M,0,A,1,3,0.12121212121212122,P00001575,0.030303030303030304,30.0,0.12121212121212122,9467.328906960809,13134.151515151516
55+,F,1,C,1,8,0.2,P00004398,0.1,28.0,0.2,3610.958212318596,4943.9
46-50,M,1,B,5+,13,0.125,P00009387,0.05,6.0,0.075,8781.33906816769,9917.375
36-45,M,0,A,3,12,0.125,P00028092,0.041666666666666664,7.0,0.0625,8013.224637766087,7290.270833333333
51-55,F,1,B,2,17,0.13043478260869565,P00000947,0.021739130434782608,6.0,0.06521739130434782,7667.686605501899,7136.826086956522
46-50,F,1,B,1,10,0.15789473684210525,P00000404,0.05263157894736842,8.0,0.10526315789473684,9656.472862300752,7407.8421052631575
46-50,M,1,A,2,18,0.18421052631578946,P00047826,0.05263157894736842,42.0,0.10526315789473684,8711.613834228896,12480.394736842105
46-50,M,1,B,4,3,0.18,P00003072,0.02,30.0,0.1,5401.658272253446,5889.54
26-35,M,0,A,5+,20,0.2,P00009929,0.05,27.0,0.075,10347.198721492272,13763.95
36-45,M,1,A,4,12,0.12195121951219512,P00000610,0.024390243902439025,36.0,0.12195121951219512,5843.498970818017,6980.317073170731
51-55,F,1,C,1,16,0.2727272727272727,P00002052,0.09090909090909091,36.0,0.18181818181818182,6665.541303804761,4028.4545454545455
36-45,M,1,B,3,12,0.16666666666666666,P00005857,0.05555555555555555,40.0,0.16666666666666666,4268.722058923475,6180.611111111111
36-45,M,0,A,4,3,0.21212121212121213,P00005627,0.030303030303030304,14.0,0.09090909090909091,10239.122278315805,12843.030303030304
51-55,F,1,C,3,3,0.2,P00002379,0.05,30.0,0.15,5415.004072506609,9603.5
46-50,F,1,B,2,5,0.1875,P00003745,0.0625,9.0,0.125,6774.332094691451,5575.4375
36-45,M,0,A,1,3,0.11627906976744186,P00045338,0.046511627906976744,13.0,0.09302325581395349,8871.94520034213,10371.06976744186
51-55,F,1,B,4,19,0.15,P00003382,0.025,7.0,0.075,8913.528304255797,11812.2
51-55,F,1,C,1,5,0.16666666666666666,P00000772,0.08333333333333333,27.0,0.16666666666666666,5791.277827801726,5232.833333333333
26-35,M,0,A,1,17,0.25,P00020505,0.08333333333333333,3.0,0.08333333333333333,8834.480325904171,6510.583333333333
36-45,M,0,A,4,3,0.12244897959183673,P00091299,0.04081632653061224,40.0,0.10204081632653061,5630.503082019638,5659.040816326531
55+,F,1,C,1,3,0.18181818181818182,P00086370,0.06060606060606061,9.0,0.09090909090909091,9398.558230622073,10232.424242424242
55+,F,1,C,1,13,0.125,P00000101,0.025,42.0,0.1,9700.444239893452,10339.1
46-50,F,1,C,4,10,0.21052631578947367,P00007816,0.05263157894736842,42.0,0.10526315789473684,7465.936930192622,5449.368421052632
18-25,M,0,A,1,17,0.2631578947368421,P00007851,0.05263157894736842,20.0,0.10526315789473684,5603.7415309950575,2241.4210526315787
36-45,F,1,B,2,3,0.21052631578947367,P00007687,0.05263157894736842,22.0,0.10526315789473684,8573.33810196042,7455.105263157895
51-55,F,1,C,1,15,0.18181818181818182,P00002152,0.09090909090909091,42.0,0.18181818181818182,8982.505617233777,5371.818181818182
46-50,M,1,A,4,3,0.125,P00095433,0.05,10.0,0.1,7313.2870725227385,8493.2
36-45,F,1,B,1,4,0.17647058823529413,P00011738,0.058823529411764705,36.0,0.11764705882352941,5630.090229529812,5029.64705882353
51-55,F,1,C,4,6,0.125,P00008197,0.041666666666666664,21.0,0.10416666666666667,7562.1428158718245,7912.104166666667
26-35,M,0,A,4,18,0.16666666666666666,P00047674,0.05555555555555555,30.0,0.1388888888888889,10150.155496189473,11635.555555555555
26-35,M,0,B,2,5,0.2222222222222222,P00009929,0.05555555555555555,28.0,0.1111111111111111,8198.257565750122,6697.944444444444
26-35,M,0,A,5+,11,0.15217391304347827,P00029278,0.043478260869565216,7.0,0.13043478260869565,6464.792567706891,6436.108695652174
26-35,M,0,A,5+,3,0.16666666666666666,P00001457,0.05555555555555555,42.0,0.16666666666666666,8046.373945038765,3326.3888888888887
46-50,M,1,B,5+,11,0.12,P00039106,0.06,7.0,0.06,4869.058289079006,5361.1
18-25,M,0,A,1,10,0.16666666666666666,P00005758,0.05555555555555555,4.0,0.1111111111111111,5386.427958031076,4597.833333333333
51-55,F,1,C,1,2,0.10526315789473684,P00001976,0.05263157894736842,30.0,0.10526315789473684,5815.309536546439,5428.315789473684
55+,F,1,C,4,3,0.2,P00011893,0.044444444444444446,18.0,0.1111111111111111,7966.620740643584,9248.444444444445
0-17,M,0,A,1,17,0.21052631578947367,P00001085,0.05263157894736842,16.0,0.15789473684210525,7218.620439712257,4681.9473684210525
0-17,M,0,A,2,16,0.23529411764705882,P00003676,0.058823529411764705,10.0,0.17647058823529413,6872.537770315399,5203.176470588235
36-45,M,0,B,1,2,0.18181818181818182,P00000936,0.09090909090909091,10.0,0.18181818181818182,3856.402999027603,1922.909090909091
46-50,F,1,B,1,12,0.25,P00052324,0.1,42.0,0.15,6940.629929510797,8006.15
46-50,F,1,B,3,1,0.15789473684210525,P00000221,0.05263157894736842,20.0,0.15789473684210525,3724.9900702407,4912.631578947368
36-45,M,0,A,5+,12,0.13953488372093023,P00082670,0.046511627906976744,10.0,0.13953488372093023,6732.455846932606,7861.46511627907
36-45,F,1,B,1,5,0.16666666666666666,P00004232,0.05555555555555555,36.0,0.1111111111111111,9599.968353195387,6908.5
18-25,M,0,A,1,16,0.3333333333333333,P00000526,0.05555555555555555,4.0,0.1111111111111111,4966.367614368248,3710.1111111111113
26-35,M,0,A,4,18,0.2,P00003382,0.03333333333333333,40.0,0.13333333333333333,9743.847736528096,13292.333333333334
46-50,M,1,A,4,3,0.19148936170212766,P00027739,0.0425531914893617,12.0,0.0851063829787234,9504.130477152263,13497.702127659575
36-45,M,1,A,4,3,0.19148936170212766,P00004270,0.02127659574468085,24.0,0.06382978723404255,9259.527475741164,10347.72340425532
51-55,F,1,C,4,12,0.22,P00000953,0.02,42.0,0.12,4895.427003284779,6160.92
55+,F,1,C,5+,17,0.175,P00065331,0.05,27.0,0.1,7930.609097279109,7847.75
18-25,M,0,A,2,10,0.16666666666666666,P00000809,0.05555555555555555,20.0,0.1111111111111111,4565.725201722839,3650.1666666666665
26-35,M,0,B,2,15,0.2,P00003525,0.06666666666666667,40.0,0.13333333333333333,6326.961688640434,3661.0666666666666
51-55,F,1,C,2,9,0.15,P00005057,0.05,7.0,0.15,7790.603133701658,8659.15
26-35,M,0,A,5+,17,0.18181818181818182,P00000070,0.022727272727272728,42.0,0.09090909090909091,5886.399608634891,5590.795454545455
36-45,M,1,A,1,3,0.15151515151515152,P00004270,0.030303030303030304,13.0,0.12121212121212122,8708.039141797408,8681.515151515152
51-55,F,1,B,5+,3,0.15,P00000743,0.025,9.0,0.125,6239.808474008451,7155.45
36-45,M,0,A,3,18,0.16216216216216217,P00057318,0.05405405405405406,14.0,0.13513513513513514,10118.266664146919,11954.135135135135
26-35,M,0,A,5+,3,0.16666666666666666,P00001794,0.027777777777777776,6.0,0.08333333333333333,8139.561281613577,9928.166666666666
51-55,F,1,B,2,3,0.16666666666666666,P00055630,0.041666666666666664,20.0,0.08333333333333333,9138.243154768523,12520.041666666666
36-45,M,1,A,4,18,0.14634146341463414,P00052662,0.04878048780487805,13.0,0.0975609756097561,9533.242666470043,12941.365853658537
26-35,M,0,A,5+,3,0.1276595744680851,P00002675,0.02127659574468085,20.0,0.10638297872340426,9148.040541217326,12436.31914893617
51-55,F,1,C,1,16,0.15789473684210525,P00008010,0.05263157894736842,24.0,0.21052631578947367,8573.968128800352,5579.8421052631575
36-45,M,1,A,4,3,0.13636363636363635,P00001383,0.022727272727272728,42.0,0.13636363636363635,9723.46781160395,11618.636363636364
36-45,M,1,B,4,7,0.2631578947368421,P00019758,0.10526315789473684,18.0,0.10526315789473684,6229.170357213012,8472.684210526315
51-55,F,1,B,5+,11,0.10869565217391304,P00028197,0.043478260869565216,36.0,0.10869565217391304,6087.211241571703,6010.521739130435
55+,F,1,C,5+,3,0.16666666666666666,P00034406,0.041666666666666664,20.0,0.10416666666666667,8236.663576897467,7780.8125
0-17,M,0,A,2,16,0.23529411764705882,P00001455,0.058823529411764705,20.0,0.17647058823529413,4458.128209501488,2622.4117647058824
55+,F,1,C,5+,3,0.1702127659574468,P00023709,0.0425531914893617,3.0,0.06382978723404255,6640.520238708941,6661.787234042553
18-25,M,0,A,3,17,0.2,P00000215,0.05,12.0,0.1,5542.950597499114,4555.2
51-55,F,1,C,5+,12,0.11904761904761904,P00084844,0.047619047619047616,7.0,0.07142857142857142,6515.370489687151,7220.333333333333
26-35,M,0,A,5+,12,0.15555555555555556,P00000404,0.022222222222222223,10.0,0.08888888888888889,6512.967712125704,7067.888888888889
26-35,M,0,A,5+,7,0.125,P00001621,0.020833333333333332,10.0,0.10416666666666667,7250.794822138344,6921.645833333333
26-35,M,0,A,4,10,0.1875,P00008017,0.03125,12.0,0.09375,9734.064183227143,9590.65625
26-35,M,0,A,2,3,0.25,P00000238,0.025,14.0,0.1,10023.41887000587,11040.95
55+,F,1,C,4,8,0.10416666666666667,P00038077,0.041666666666666664,40.0,0.14583333333333334,7391.098139091671,7508.145833333333
46-50,M,1,B,1,16,0.15217391304347827,P00000148,0.021739130434782608,44.0,0.08695652173913043,5461.088131030228,5442.739130434783
46-50,M,1,B,5+,11,0.13953488372093023,P00000925,0.023255813953488372,30.0,0.09302325581395349,5804.808522161522,5566.209302325581
26-35,M,0,A,1,5,0.14285714285714285,P00011222,0.07142857142857142,18.0,0.35714285714285715,7446.926000883677,4600.357142857143
46-50,F,1,B,4,9,0.17647058823529413,P00012502,0.058823529411764705,7.0,0.11764705882352941,6176.783315962519,7487.411764705882
26-35,M,0,A,5+,3,0.19148936170212766,P00027742,0.0425531914893617,40.0,0.14893617021276595,10028.028188285614,13600.787234042553
0-17,M,0,A,1,10,0.2857142857142857,P00000936,0.07142857142857142,20.0,0.21428571428571427,8236.51420621799,5815.5
51-55,F,1,C,5+,11,0.1875,P00004008,0.020833333333333332,28.0,0.10416666666666667,6462.916927988869,8040.375
51-55,F,1,C,4,3,0.18181818181818182,P00001575,0.022727272727272728,20.0,0.06818181818181818,9230.583718134198,12731.613636363636
46-50,F,1,B,5+,10,0.2,P00011630,0.05,4.0,0.1,1995.3717764656765,1095.0
36-45,M,0,B,4,5,0.15,P00006098,0.05,36.0,0.3,2267.4158163447933,1392.2
51-55,F,1,C,3,4,0.23529411764705882,P00005451,0.058823529411764705,20.0,0.11764705882352941,5485.163807945939,3217.0
46-50,F,1,B,5+,5,0.2,P00025028,0.1,6.0,0.1,8266.501742978506,5410.8
26-35,M,0,B,1,17,0.21428571428571427,P00002352,0.07142857142857142,6.0,0.07142857142857142,4153.619156038092,3688.3571428571427
51-55,F,1,C,2,16,0.2,P00000718,0.05,30.0,0.15,6989.709769405758,3939.15
55+,F,1,C,1,10,0.16666666666666666,P00010737,0.08333333333333333,3.0,0.08333333333333333,5177.635066204249,4338.833333333333
51-55,F,1,B,4,3,0.14893617021276595,P00000101,0.0425531914893617,44.0,0.14893617021276595,8865.371810665956,10080.531914893618
0-17,M,0,A,1,3,0.125,P00005057,0.0625,8.0,0.125,7978.985144062288,6009.0625
51-55,F,1,B,4,10,0.15555555555555556,P00001790,0.022222222222222223,36.0,0.08888888888888889,6658.231838115958,7712.488888888889
0-17,M,0,A,3,4,0.29411764705882354,P00000770,0.058823529411764705,12.0,0.11764705882352941,3280.336700347551,1588.3529411764705
55+,F,1,C,3,20,0.23076923076923078,P00000404,0.02564102564102564,7.0,0.07692307692307693,9880.599763043885,11656.51282051282
46-50,M,1,B,1,12,0.13043478260869565,P00028092,0.043478260869565216,10.0,0.06521739130434782,10154.995545707212,13512.0
51-55,F,1,C,1,2,0.17647058823529413,P00003708,0.058823529411764705,24.0,0.11764705882352941,6892.381768385764,5487.235294117647
36-45,M,1,A,5+,3,0.23809523809523808,P00089916,0.047619047619047616,28.0,0.09523809523809523,9925.255757740559,13432.738095238095
46-50,F,1,B,5+,3,0.19444444444444445,P00053512,0.05555555555555555,7.0,0.1111111111111111,8159.750358138591,9669.25
36-45,F,1,B,1,10,0.2,P00026827,0.1,4.0,0.2,5615.475684807714,2937.5
26-35,M,0,A,5+,12,0.25,P00008564,0.08333333333333333,27.0,0.16666666666666666,5004.613843214776,6675.583333333333
55+,F,1,C,1,7,0.2,P00006603,0.1,42.0,0.2,5109.404818567423,3755.4
51-55,F,1,C,2,5,0.26666666666666666,P00000947,0.06666666666666667,42.0,0.26666666666666666,5943.007702534211,4575.533333333334
51-55,F,1,C,1,3,0.16666666666666666,P00004911,0.05555555555555555,28.0,0.16666666666666666,4575.00709810514,4894.777777777777
55+,F,1,C,4,3,0.1276595744680851,P00085406,0.0425531914893617,10.0,0.06382978723404255,8170.895904860532,8970.36170212766
26-35,M,0,A,3,3,0.23529411764705882,P00036715,0.058823529411764705,42.0,0.08823529411764706,9596.239470167766,12179.029411764706
46-50,M,1,B,4,12,0.1590909090909091,P00036374,0.045454545454545456,18.0,0.09090909090909091,4390.982468188731,5244.181818181818
26-35,M,0,A,2,1,0.16666666666666666,P00015001,0.08333333333333333,7.0,0.16666666666666666,3111.373490920047,8164.5
55+,F,1,C,2,16,0.3125,P00018683,0.0625,10.0,0.125,8264.507905293978,5231.875
51-55,F,1,B,2,3,0.16,P00041389,0.04,21.0,0.12,8286.136531728704,10528.1
26-35,M,0,A,3,12,0.2127659574468085,P00026236,0.0425531914893617,27.0,0.10638297872340426,6312.1084774489045,7056.297872340426
55+,F,1,C,5+,4,0.3076923076923077,P00021202,0.07692307692307693,42.0,0.23076923076923078,5749.0214897618525,2910.3846153846152
46-50,F,1,B,1,1,0.16666666666666666,P00009771,0.05555555555555555,21.0,0.1111111111111111,7658.168678381009,9325.722222222223
55+,F,1,C,2,4,0.16666666666666666,P00034156,0.08333333333333333,28.0,0.16666666666666666,9614.50194742139,5544.333333333333
26-35,M,0,A,1,13,0.16666666666666666,P00000781,0.03333333333333333,20.0,0.1,8893.828609461887,12657.1
18-25,M,0,A,2,16,0.25,P00019880,0.0625,8.0,0.125,2544.471064877728,2096.75
36-45,M,1,A,4,12,0.13043478260869565,P00029799,0.043478260869565216,10.0,0.08695652173913043,6674.720093065548,6256.652173913043
36-45,M,1,A,1,3,0.2857142857142857,P00016119,0.061224489795918366,13.0,0.10204081632653061,9697.49799561722,14109.142857142857
36-45,F,1,B,2,17,0.23076923076923078,P00002346,0.07692307692307693,10.0,0.07692307692307693,5257.223467738801,3032.6153846153848
55+,F,1,C,1,16,0.15,P00015645,0.05,21.0,0.1,7584.335946367909,5707.8
46-50,M,1,B,5+,3,0.125,P00032744,0.05,36.0,0.1,6985.667697057881,7671.175
0-17,M,0,A,2,4,0.3,P00002538,0.1,32.0,0.2,7881.521892657815,4458.3
26-35,M,0,A,3,19,0.16279069767441862,P00027742,0.046511627906976744,7.0,0.13953488372093023,9911.936550971066,12096.0
55+,F,1,C,2,4,0.16666666666666666,P00000925,0.05555555555555555,4.0,0.1111111111111111,8577.737346580863,3960.8888888888887
46-50,M,1,B,4,3,0.15555555555555556,P00002052,0.022222222222222223,10.0,0.1111111111111111,5694.24672628417,6721.2444444444445
26-35,M,0,A,2,3,0.10526315789473684,P00005818,0.05263157894736842,40.0,0.10526315789473684,8513.29428270042,8102.894736842105
51-55,F,1,B,2,20,0.17142857142857143,P00000953,0.02857142857142857,40.0,0.11428571428571428,8768.480601784186,10519.371428571429
18-25,M,0,A,1,5,0.21052631578947367,P00004403,0.05263157894736842,42.0,0.10526315789473684,6984.278101313781,3771.4736842105262
51-55,F,1,B,5+,7,0.14285714285714285,P00003913,0.07142857142857142,18.0,0.14285714285714285,6865.5584475484075,8224.785714285714
26-35,M,0,A,1,11,0.15,P00001110,0.025,36.0,0.1,6721.20742887192,7945.325
51-55,F,1,C,5+,3,0.25,P00084855,0.041666666666666664,30.0,0.125,6005.685564913463,6381.208333333333
55+,F,1,C,4,3,0.12195121951219512,P00003448,0.024390243902439025,30.0,0.0975609756097561,7482.222935390127,7057.536585365854
55+,F,1,C,5+,3,0.13636363636363635,P00033049,0.045454545454545456,7.0,0.09090909090909091,9994.999873694773,11211.613636363636
51-55,F,1,C,1,20,0.17647058823529413,P00082917,0.058823529411764705,21.0,0.14705882352941177,10718.09444579677,12446.764705882353
46-50,M,1,A,4,19,0.14285714285714285,P00001575,0.023809523809523808,9.0,0.07142857142857142,9568.567875201916,12744.52380952381
46-50,F,1,B,1,5,0.2727272727272727,P00006172,0.09090909090909091,24.0,0.18181818181818182,2861.476799264197,1554.4545454545455
36-45,M,1,A,1,18,0.13333333333333333,P00000221,0.03333333333333333,42.0,0.16666666666666666,9684.695766855648,14010.2
46-50,F,1,B,3,10,0.3,P00004008,0.1,40.0,0.2,7389.231041033822,2966.6
0-17,M,0,A,1,4,0.3125,P00003913,0.125,30.0,0.25,2820.7832888224502,2151.6875
0-17,M,0,A,3,1,0.15384615384615385,P00014993,0.07692307692307693,16.0,0.23076923076923078,8377.812799752232,7034.153846153846
26-35,M,0,A,4,12,0.12244897959183673,P00000148,0.04081632653061224,27.0,0.10204081632653061,5151.918881995976,6933.142857142857
46-50,F,1,B,3,3,0.18604651162790697,P00000947,0.023255813953488372,42.0,0.13953488372093023,9777.389046972521,11382.744186046511
18-25,M,0,A,3,10,0.3076923076923077,P00009532,0.07692307692307693,6.0,0.15384615384615385,8585.901761847881,6368.307692307692
46-50,M,1,B,4,12,0.15,P00045983,0.05,7.0,0.075,5624.067236850516,6878.15
46-50,F,1,B,5+,10,0.1875,P00024302,0.0625,6.0,0.125,8313.086301127878,7120.125
26-35,M,0,A,1,18,0.11627906976744186,P00028193,0.046511627906976744,20.0,0.11627906976744186,8572.892639036312,9844.116279069767
55+,F,1,C,2,13,0.16666666666666666,P00005261,0.023809523809523808,7.0,0.07142857142857142,9864.352898212053,12077.738095238095
36-45,M,0,A,1,6,0.15789473684210525,P00000404,0.05263157894736842,30.0,0.15789473684210525,6596.71434918008,6856.736842105263
26-35,M,0,A,2,20,0.23529411764705882,P00000101,0.029411764705882353,7.0,0.08823529411764706,9151.413032531022,13873.588235294117
18-25,M,0,A,2,17,0.23529411764705882,P00074593,0.11764705882352941,18.0,0.11764705882352941,7970.373690405355,5310.470588235294
26-35,M,0,B,1,3,0.15789473684210525,P00001085,0.05263157894736842,36.0,0.21052631578947367,5167.163377368772,3921.5789473684213
36-45,M,1,A,1,3,0.1836734693877551,P00028271,0.04081632653061224,27.0,0.08163265306122448,9180.911878553718,12400.489795918367
18-25,M,0,A,2,1,0.13333333333333333,P00002743,0.06666666666666667,28.0,0.2,6103.641744307831,4649.6
0-17,M,0,A,2,17,0.5384615384615384,P00012916,0.07692307692307693,6.0,0.07692307692307693,1932.74552624777,1701.5384615384614
26-35,M,0,A,5+,3,0.1590909090909091,P00000925,0.022727272727272728,27.0,0.06818181818181818,7399.6443764900005,7124.590909090909
51-55,F,1,B,4,12,0.16666666666666666,P00004898,0.023809523809523808,36.0,0.11904761904761904,6941.47067148187,7652.547619047619
26-35,M,0,A,2,3,0.11904761904761904,P00018886,0.047619047619047616,12.0,0.14285714285714285,8037.929169934424,8941.690476190477
36-45,M,1,B,4,3,0.2222222222222222,P00003936,0.05555555555555555,21.0,0.16666666666666666,5895.9626046938,6136.722222222223
26-35,M,0,B,2,17,0.2,P00002346,0.05,12.0,0.1,8798.403542987964,7271.2
0-17,M,0,A,1,4,0.3,P00005057,0.1,9.0,0.2,4993.799493149258,3887.6
26-35,M,0,A,1,10,0.15789473684210525,P00002743,0.02631578947368421,24.0,0.10526315789473684,9636.374831433857,11049.0
18-25,M,0,A,2,4,0.16666666666666666,P00008270,0.05555555555555555,20.0,0.1111111111111111,4595.66209963123,3332.6111111111113
46-50,M,1,A,4,3,0.17391304347826086,P00024814,0.043478260869565216,14.0,0.08695652173913043,9788.060583337834,13749.195652173914
46-50,F,1,B,4,8,0.26666666666666666,P00002892,0.06666666666666667,30.0,0.2,6136.688169952755,7758.533333333334
36-45,M,0,B,5+,5,0.17647058823529413,P00006172,0.058823529411764705,30.0,0.17647058823529413,6380.41662559558,3863.764705882353
46-50,F,1,B,5+,10,0.21052631578947367,P00037226,0.10526315789473684,35.0,0.15789473684210525,5686.9381951176265,6800.421052631579
51-55,F,1,B,3,3,0.15217391304347827,P00069589,0.043478260869565216,20.0,0.08695652173913043,6413.0639524310845,6658.173913043478
55+,F,1,C,2,15,0.21428571428571427,P00007923,0.07142857142857142,13.0,0.14285714285714285,8966.672184898285,6088.071428571428
51-55,F,1,C,1,3,0.2,P00007305,0.05,30.0,0.15,4720.012960229754,7547.35
51-55,F,1,C,2,16,0.2222222222222222,P00009929,0.1111111111111111,6.0,0.1111111111111111,7946.185143203333,6361.277777777777
18-25,M,0,A,3,17,0.2,P00071643,0.1,20.0,0.15,5507.147196096512,3464.85
36-45,M,0,A,5+,12,0.1836734693877551,P00073508,0.04081632653061224,45.0,0.08163265306122448,6121.000204909603,6189.306122448979
51-55,F,1,C,3,3,0.25,P00000247,0.0625,12.0,0.125,6008.8325956461795,8792.3125
51-55,F,1,B,4,3,0.20833333333333334,P00007923,0.041666666666666664,40.0,0.10416666666666667,8444.4965400644,8483.8125
55+,F,1,C,2,5,0.1875,P00002469,0.0625,8.0,0.125,5086.911735031384,3766.75
46-50,M,1,B,5+,18,0.1702127659574468,P00057831,0.06382978723404255,7.0,0.06382978723404255,9676.454487738987,13930.36170212766
55+,F,1,C,5+,12,0.13043478260869565,P00064867,0.043478260869565216,36.0,0.13043478260869565,7173.664922970206,6994.130434782609
55+,F,1,C,4,3,0.16,P00014882,0.04,7.0,0.1,6778.3644293247235,6591.7
55+,F,1,C,2,5,0.21428571428571427,P00000770,0.07142857142857142,4.0,0.14285714285714285,9324.643180280973,6478.142857142857
26-35,M,0,A,1,3,0.23529411764705882,P00002002,0.058823529411764705,42.0,0.11764705882352941,6846.970131765884,8255.117647058823
0-17,M,0,A,1,10,0.26666666666666666,P00014911,0.06666666666666667,24.0,0.13333333333333333,3335.8706267023063,1774.8666666666666
46-50,F,1,B,2,5,0.3333333333333333,P00091163,0.16666666666666666,18.0,0.25,2066.626434114743,1186.5
46-50,M,1,B,4,3,0.15217391304347827,P00033397,0.043478260869565216,35.0,0.13043478260869565,9284.660885927213,11291.5
26-35,M,0,A,3,3,0.1,P00003658,0.025,9.0,0.125,6658.918024647425,7384.65
36-45,M,0,A,4,3,0.18,P00068146,0.04,9.0,0.06,4806.565690717612,4892.66
36-45,M,0,A,5+,3,0.13333333333333333,P00088777,0.044444444444444446,10.0,0.08888888888888889,6801.659289163092,7617.222222222223
46-50,F,1,B,5+,20,0.13333333333333333,P00000101,0.044444444444444446,20.0,0.08888888888888889,9632.995555994934,11928.933333333332
26-35,M,0,A,2,3,0.18181818181818182,P00074866,0.06060606060606061,36.0,0.12121212121212122,8155.9892007532135,7987.69696969697
55+,F,1,C,4,3,0.22857142857142856,P00063137,0.05714285714285714,42.0,0.14285714285714285,8597.456226977249,9907.885714285714
55+,F,1,C,1,11,0.25,P00007687,0.08333333333333333,30.0,0.16666666666666666,5883.987606335958,7719.166666666667
36-45,M,1,A,2,3,0.17647058823529413,P00001575,0.029411764705882353,7.0,0.11764705882352941,8740.706172395732,10992.823529411764
36-45,F,1,B,3,1,0.2,P00005057,0.1,7.0,0.2,2603.713792088353,6218.8
55+,F,1,C,1,5,0.3157894736842105,P00010273,0.05263157894736842,42.0,0.15789473684210525,4393.496576047681,3709.0526315789475
46-50,M,1,B,4,3,0.14893617021276595,P00000101,0.02127659574468085,21.0,0.06382978723404255,7264.480788007765,7126.425531914893
36-45,F,1,B,3,11,0.23529411764705882,P00057531,0.11764705882352941,45.0,0.17647058823529413,4228.305039534511,7507.411764705882
51-55,F,1,C,5+,8,0.2,P00005057,0.05,9.0,0.1,5830.876664926034,7401.55
55+,F,1,C,2,10,0.3,P00002387,0.1,40.0,0.3,5291.323515382937,2239.9
0-17,M,0,A,1,3,0.36363636363636365,P00005606,0.09090909090909091,6.0,0.09090909090909091,11513.472295137948,7580.090909090909
36-45,F,1,B,1,3,0.23529411764705882,P00002469,0.058823529411764705,30.0,0.17647058823529413,5754.6892190067865,7100.411764705882
55+,F,1,C,1,5,0.18181818181818182,P00042035,0.09090909090909091,36.0,0.36363636363636365,7780.658859692352,5088.909090909091
46-50,F,1,B,1,3,0.2222222222222222,P00005818,0.027777777777777776,18.0,0.08333333333333333,10676.6212564635,13083.555555555555
36-45,M,0,B,2,3,0.21428571428571427,P00003426,0.07142857142857142,10.0,0.21428571428571427,7438.575770569625,6251.428571428572
36-45,F,1,B,1,5,0.2,P00000215,0.05,20.0,0.1,6427.424792493329,4198.9
26-35,M,0,A,2,17,0.25,P00000781,0.0625,6.0,0.125,5655.662183084017,4008.0625
26-35,M,0,A,1,3,0.4,P00003658,0.1,30.0,0.2,3678.0772815275222,6275.6
46-50,F,1,B,2,3,0.15,P00001282,0.025,7.0,0.1,8359.43266228375,11722.025
46-50,M,1,A,2,3,0.13636363636363635,P00008171,0.045454545454545456,10.0,0.11363636363636363,6627.194698743418,7857.772727272727
51-55,F,1,C,4,5,0.25,P00000947,0.05,44.0,0.15,7131.836080856775,5162.9
51-55,F,1,C,4,8,0.15,P00004855,0.05,10.0,0.1,6803.858546133178,8750.2
51-55,F,1,B,1,19,0.16129032258064516,P00018329,0.06451612903225806,21.0,0.12903225806451613,8447.804239748828,13015.838709677419
46-50,F,1,B,2,15,0.3,P00003982,0.1,4.0,0.1,9661.77263238998,6868.2
46-50,F,1,B,4,3,0.23529411764705882,P00056609,0.11764705882352941,20.0,0.11764705882352941,6077.185686454467,6543.64705882353
46-50,F,1,B,1,10,0.3,P00012080,0.1,42.0,0.2,5181.003812004002,2469.5
36-45,M,1,A,3,3,0.16666666666666666,P00003018,0.03333333333333333,20.0,0.13333333333333333,9561.220480033713,11479.633333333333
55+,F,1,C,2,16,0.29411764705882354,P00002052,0.058823529411764705,6.0,0.17647058823529413,8975.382436141648,4626.0
46-50,F,1,B,1,3,0.125,P00009923,0.0625,8.0,0.125,6856.487883445382,6178.3125
51-55,F,1,B,4,8,0.18181818181818182,P00012393,0.09090909090909091,30.0,0.18181818181818182,6956.676833347685,7838.818181818182
55+,F,1,C,1,4,0.18181818181818182,P00001802,0.09090909090909091,42.0,0.18181818181818182,5808.644611110393,3566.7272727272725
26-35,M,0,A,2,20,0.18181818181818182,P00000404,0.022727272727272728,24.0,0.11363636363636363,10314.567298125923,13203.681818181818
51-55,F,1,C,2,11,0.29411764705882354,P00006540,0.058823529411764705,27.0,0.17647058823529413,5670.747467978824,7367.294117647059
0-17,M,0,A,2,5,0.3333333333333333,P00003448,0.08333333333333333,4.0,0.16666666666666666,2944.5792247120917,1303.5833333333333
26-35,M,0,B,1,16,0.3333333333333333,P00001708,0.05555555555555555,36.0,0.2222222222222222,5433.9255445331055,4673.666666666667
26-35,M,0,A,1,10,0.25,P00024514,0.125,4.0,0.125,3752.9606573788287,2308.6875
0-17,M,0,A,3,5,0.21052631578947367,P00002387,0.05263157894736842,6.0,0.10526315789473684,7951.426067616545,5096.210526315789
46-50,F,1,B,1,4,0.1111111111111111,P00000337,0.05555555555555555,12.0,0.16666666666666666,7693.352570956679,6181.611111111111
46-50,F,1,B,1,4,0.21052631578947367,P00001802,0.05263157894736842,4.0,0.10526315789473684,5894.090068110103,3326.7894736842104
46-50,F,1,B,4,3,0.16,P00013040,0.02,20.0,0.12,8692.00228981346,10872.3
18-25,M,0,A,2,16,0.21428571428571427,P00017299,0.07142857142857142,4.0,0.07142857142857142,7624.348450635195,3192.714285714286
0-17,M,0,A,2,16,0.35,P00004270,0.05,40.0,0.15,8920.171776136907,4716.9
26-35,M,0,B,3,5,0.15384615384615385,P00000772,0.07692307692307693,20.0,0.15384615384615385,6051.435621149999,4363.923076923077
36-45,M,1,A,1,3,0.21052631578947367,P00004907,0.02631578947368421,7.0,0.10526315789473684,10684.634697954534,14722.421052631578
0-17,M,0,A,2,3,0.25,P00004568,0.08333333333333333,21.0,0.16666666666666666,5345.211163870295,3435.25
55+,F,1,C,2,17,0.2,P00008415,0.06666666666666667,18.0,0.2,6282.211505513007,5038.6
55+,F,1,C,5+,12,0.14285714285714285,P00045432,0.07142857142857142,42.0,0.14285714285714285,5960.6497018997225,6467.9047619047615
55+,F,1,C,2,3,0.3,P00001229,0.1,42.0,0.2,5811.5590000542115,4398.7
36-45,M,0,A,3,6,0.16666666666666666,P00000070,0.05555555555555555,21.0,0.1111111111111111,7641.246897188367,8840.444444444445
55+,F,1,C,5+,13,0.15,P00021723,0.05,42.0,0.1,9272.384844360327,13262.625
46-50,M,1,B,3,3,0.20512820512820512,P00003451,0.02564102564102564,42.0,0.10256410256410256,9791.996609297372,13064.666666666666
36-45,F,1,B,4,7,0.2222222222222222,P00050310,0.1111111111111111,27.0,0.16666666666666666,4150.482124920073,7080.111111111111
26-35,M,0,A,4,20,0.14285714285714285,P00057355,0.05714285714285714,10.0,0.08571428571428572,10198.0137341881,11114.371428571429
26-35,M,0,B,1,8,0.15,P00001156,0.05,10.0,0.15,8056.941990573947,6285.15
55+,F,1,C,2,11,0.13043478260869565,P00051484,0.043478260869565216,27.0,0.10869565217391304,6750.908308362861,7204.891304347826
51-55,F,1,B,5+,10,0.125,P00000610,0.025,40.0,0.1,7357.404084731628,7236.825
36-45,M,0,B,1,10,0.21052631578947367,P00006275,0.05263157894736842,20.0,0.10526315789473684,6609.225184392773,4130.263157894737
0-17,M,0,A,5+,3,0.15,P00001229,0.05,18.0,0.15,8013.2903175386,5951.35
51-55,F,1,C,4,1,0.2,P00004604,0.06666666666666667,36.0,0.13333333333333333,3725.45461847084,6043.4
0-17,M,0,A,1,10,0.3,P00005394,0.1,16.0,0.2,3303.2635529124827,2269.9
46-50,F,1,C,5+,10,0.26666666666666666,P00005776,0.06666666666666667,4.0,0.2,7911.721326764546,4632.733333333334
46-50,F,1,B,2,17,0.3,P00010017,0.05,24.0,0.1,5538.1114154556335,2180.45
36-45,M,0,A,1,3,0.15555555555555556,P00024866,0.044444444444444446,14.0,0.08888888888888889,10146.968269319947,11023.177777777777
46-50,F,1,B,2,5,0.13333333333333333,P00005873,0.06666666666666667,40.0,0.13333333333333333,6187.654804605084,4672.133333333333
55+,F,1,C,5+,9,0.13333333333333333,P00000105,0.022222222222222223,18.0,0.15555555555555556,7113.345512258466,8198.822222222223
51-55,F,1,B,3,3,0.14285714285714285,P00000610,0.023809523809523808,42.0,0.09523809523809523,9126.001987912967,9917.095238095239
26-35,M,0,A,3,19,0.14583333333333334,P00003382,0.020833333333333332,20.0,0.125,9231.84334571598,11853.1875
46-50,M,1,A,3,3,0.2857142857142857,P00022507,0.04081632653061224,14.0,0.08163265306122448,9635.168025481013,14055.469387755102
0-17,M,0,A,1,8,0.18181818181818182,P00000221,0.09090909090909091,20.0,0.18181818181818182,10693.541063311408,9293.454545454546
26-35,M,0,A,4,3,0.22727272727272727,P00023477,0.045454545454545456,7.0,0.06818181818181818,9202.502618152499,11304.568181818182
26-35,M,0,A,5+,18,0.16666666666666666,P00007161,0.027777777777777776,10.0,0.08333333333333333,10248.572375492808,14343.75
36-45,F,1,B,2,3,0.2631578947368421,P00006347,0.05263157894736842,42.0,0.15789473684210525,6110.616904471787,5513.210526315789
36-45,M,0,A,3,11,0.16666666666666666,P00067669,0.041666666666666664,9.0,0.08333333333333333,6753.8500098590985,6820.041666666667
36-45,M,0,A,4,12,0.13953488372093023,P00039234,0.06976744186046512,36.0,0.09302325581395349,6630.621599953648,6538.232558139535
0-17,M,0,A,1,4,0.21052631578947367,P00051148,0.10526315789473684,20.0,0.15789473684210525,7010.60273455531,4077.5789473684213
55+,F,1,C,2,17,0.1875,P00011594,0.0625,10.0,0.125,5699.010340986114,3491.25
36-45,M,1,A,5+,13,0.175,P00084273,0.05,13.0,0.125,9886.544863134402,15071.55
26-35,M,0,A,4,3,0.1282051282051282,P00001575,0.02564102564102564,10.0,0.07692307692307693,9812.601386773464,9783.153846153846
46-50,M,1,A,4,8,0.14,P00055150,0.04,10.0,0.08,4995.403874869501,6110.62
51-55,F,1,C,2,16,0.2222222222222222,P00003676,0.05555555555555555,12.0,0.1111111111111111,3873.0300685335123,2858.1666666666665
51-55,F,1,B,5+,3,0.16666666666666666,P00048169,0.05555555555555555,40.0,0.1111111111111111,9207.985988837892,12493.527777777777
18-25,M,0,A,2,4,0.125,P00005627,0.0625,20.0,0.125,7291.443919359639,5656.8125
36-45,M,1,A,4,18,0.13953488372093023,P00000337,0.023255813953488372,10.0,0.06976744186046512,8955.623928209669,14338.906976744185
36-45,M,0,A,5+,9,0.15789473684210525,P00000070,0.05263157894736842,27.0,0.15789473684210525,4715.718776490746,6538.631578947368
18-25,M,0,A,1,5,0.2,P00002352,0.06666666666666667,44.0,0.2,5959.932675394756,3953.0666666666666
55+,F,1,C,4,10,0.15555555555555556,P00079735,0.044444444444444446,42.0,0.15555555555555556,7413.60639294365,8025.577777777778
46-50,M,1,B,5+,3,0.20930232558139536,P00018479,0.046511627906976744,36.0,0.11627906976744186,7546.778978489174,8790.046511627907
46-50,F,1,C,1,5,0.18181818181818182,P00001708,0.09090909090909091,7.0,0.09090909090909091,11070.35063828357,6796.636363636364
26-35,M,0,A,4,3,0.2127659574468085,P00055045,0.0425531914893617,21.0,0.10638297872340426,9573.386059238544,14722.27659574468
18-25,M,0,A,1,4,0.29411764705882354,P00003982,0.058823529411764705,24.0,0.17647058823529413,3549.0018304654427,1557.3529411764705
0-17,M,0,A,1,10,0.17647058823529413,P00004754,0.058823529411764705,42.0,0.11764705882352941,3387.2826292315967,2298.1176470588234
26-35,M,0,A,2,13,0.15151515151515152,P00059569,0.06060606060606061,18.0,0.09090909090909091,9321.15059266892,13862.60606060606
0-17,M,0,A,1,5,0.26666666666666666,P00015273,0.06666666666666667,36.0,0.2,9143.653551325458,5972.533333333334
36-45,M,0,A,4,8,0.1276595744680851,P00000238,0.02127659574468085,7.0,0.10638297872340426,4785.120744486542,5542.063829787234
46-50,F,1,C,1,9,0.21428571428571427,P00009532,0.07142857142857142,18.0,0.21428571428571427,8116.908548155564,6370.928571428572
26-35,M,0,A,1,3,0.16666666666666666,P00069827,0.06666666666666667,20.0,0.1,8521.359148309779,12086.7
51-55,F,1,C,1,16,0.25,P00012510,0.08333333333333333,18.0,0.16666666666666666,5355.953195164038,3335.9166666666665
36-45,M,1,B,5+,1,0.2,P00001409,0.05,30.0,0.15,5483.606194112162,5945.45
51-55,F,1,B,4,2,0.10256410256410256,P00001802,0.02564102564102564,4.0,0.10256410256410256,8496.946638536554,9151.076923076924
36-45,M,0,B,2,17,0.17647058823529413,P00013130,0.058823529411764705,42.0,0.35294117647058826,10335.621954733855,6907.764705882353
55+,F,1,C,2,18,0.1590909090909091,P00024477,0.045454545454545456,35.0,0.11363636363636363,9633.30151866831,12452.113636363636
51-55,F,1,C,3,19,0.16666666666666666,P00080456,0.06666666666666667,42.0,0.1,9816.306878698404,10413.766666666666
26-35,M,0,A,3,1,0.16666666666666666,P00012374,0.08333333333333333,10.0,0.16666666666666666,3157.746233111089,5568.0
36-45,M,1,A,1,12,0.16666666666666666,P00000549,0.023809523809523808,12.0,0.09523809523809523,7658.381710020487,8304.214285714286
26-35,M,0,B,2,4,0.25,P00059319,0.16666666666666666,4.0,0.16666666666666666,3144.7327342235253,1784.1666666666667
26-35,M,0,A,1,3,0.12195121951219512,P00009028,0.04878048780487805,7.0,0.07317073170731707,8187.951017925744,10854.682926829268
36-45,M,1,A,3,20,0.18181818181818182,P00016119,0.06060606060606061,20.0,0.12121212121212122,9696.196472344349,14174.030303030304
46-50,F,1,B,4,17,0.15789473684210525,P00092599,0.10526315789473684,9.0,0.10526315789473684,7080.938969519401,8557.631578947368
51-55,F,1,B,1,20,0.19444444444444445,P00021723,0.05555555555555555,9.0,0.08333333333333333,11443.79615181456,12339.25
55+,F,1,C,5+,3,0.23809523809523808,P00001398,0.023809523809523808,40.0,0.11904761904761904,7662.459944589533,7599.5
46-50,F,1,C,1,8,0.18181818181818182,P00017752,0.09090909090909091,20.0,0.2727272727272727,9739.316827823566,9363.454545454546
26-35,M,0,A,4,3,0.16666666666666666,P00004002,0.020833333333333332,7.0,0.10416666666666667,9965.868594356554,11994.604166666666
55+,F,1,C,1,3,0.15217391304347827,P00000404,0.043478260869565216,20.0,0.08695652173913043,9528.018463640708,12866.391304347826
26-35,M,0,A,5+,3,0.11363636363636363,P00003235,0.022727272727272728,42.0,0.13636363636363635,9011.302073932118,10235.954545454546
51-55,F,1,C,1,5,0.2857142857142857,P00004398,0.07142857142857142,40.0,0.14285714285714285,8121.901782921816,5397.428571428572
36-45,F,1,B,1,16,0.25,P00009159,0.0625,16.0,0.1875,2512.207498728293,1608.375
26-35,M,0,A,1,6,0.16666666666666666,P00002733,0.05555555555555555,27.0,0.2222222222222222,4521.653995270002,7326.833333333333
55+,F,1,C,2,18,0.15151515151515152,P00010292,0.030303030303030304,20.0,0.09090909090909091,9787.543986026785,12978.181818181818
18-25,M,0,A,1,17,0.21428571428571427,P00012789,0.07142857142857142,10.0,0.14285714285714285,6716.133981231029,3823.5
46-50,M,1,B,4,3,0.1956521739130435,P00035438,0.043478260869565216,20.0,0.13043478260869565,9642.551154900824,10925.739130434782
26-35,M,0,B,2,10,0.23076923076923078,P00027776,0.07692307692307693,20.0,0.15384615384615385,2898.450085379408,2313.3076923076924
55+,F,1,C,1,5,0.25,P00000148,0.05,6.0,0.1,10354.129629232357,9751.2
26-35,M,0,A,2,4,0.25,P00003982,0.05,16.0,0.15,5133.280026608615,4080.6
46-50,F,1,B,2,9,0.1875,P00000772,0.0625,30.0,0.1875,4118.7780343001405,6193.6875
26-35,M,0,A,3,3,0.23529411764705882,P00004398,0.058823529411764705,4.0,0.11764705882352941,8397.417570038317,7939.294117647059
55+,F,1,C,2,14,0.1111111111111111,P00067465,0.044444444444444446,28.0,0.1111111111111111,6571.799682942814,6283.533333333334
46-50,F,1,B,1,4,0.3125,P00003382,0.0625,40.0,0.25,10894.610450240982,8388.9375
26-35,M,0,A,5+,3,0.10638297872340426,P00000070,0.02127659574468085,7.0,0.0851063829787234,5275.243943748,5986.829787234043
51-55,F,1,C,2,4,0.2,P00000404,0.06666666666666667,28.0,0.13333333333333333,9547.257046622643,7207.6
55+,F,1,C,2,3,0.21428571428571427,P00007781,0.07142857142857142,11.0,0.14285714285714285,8595.685246833864,5698.642857142857
26-35,M,0,A,2,4,0.25,P00006470,0.08333333333333333,28.0,0.25,4661.837388938946,3264.25
51-55,F,1,C,1,1,0.15384615384615385,P00089270,0.15384615384615385,28.0,0.15384615384615385,7750.642607767006,7352.0
36-45,M,0,B,2,15,0.2857142857142857,P00000743,0.07142857142857142,21.0,0.14285714285714285,3366.7542330758365,2202.714285714286
36-45,M,1,A,5+,3,0.2127659574468085,P00002370,0.02127659574468085,14.0,0.10638297872340426,8139.626251002742,7970.191489361702
36-45,M,1,A,4,3,0.1111111111111111,P00091338,0.044444444444444446,44.0,0.08888888888888889,10042.929962179987,10032.155555555555
36-45,M,0,B,1,15,0.2727272727272727,P00003525,0.09090909090909091,18.0,0.18181818181818182,2278.1758971119457,1911.2727272727273
55+,F,1,C,4,3,0.1276595744680851,P00058306,0.0425531914893617,7.0,0.10638297872340426,5924.522327610958,5759.191489361702
36-45,M,1,A,4,20,0.19444444444444445,P00000947,0.027777777777777776,20.0,0.1111111111111111,8688.672362097273,13088.888888888889
36-45,F,1,B,1,9,0.21052631578947367,P00002815,0.05263157894736842,27.0,0.15789473684210525,5676.781899192019,6528.210526315789
36-45,F,1,B,1,5,0.25,P00002352,0.0625,32.0,0.125,6887.298149492295,3690.25
46-50,F,1,B,4,4,0.11764705882352941,P00000526,0.058823529411764705,20.0,0.11764705882352941,5061.282669181098,3878.4117647058824
51-55,F,1,C,5+,3,0.12903225806451613,P00077084,0.06451612903225806,10.0,0.0967741935483871,7968.960286603415,12183.129032258064
51-55,F,1,C,2,10,0.10869565217391304,P00001794,0.021739130434782608,30.0,0.10869565217391304,7637.147327815753,6894.934782608696
51-55,F,1,B,3,3,0.15,P00036320,0.05,24.0,0.1,6689.137951770804,6031.225
0-17,M,0,A,3,16,0.2777777777777778,P00005758,0.05555555555555555,40.0,0.16666666666666666,6509.727631020008,4171.222222222223
26-35,M,0,B,4,5,0.36363636363636365,P00020075,0.09090909090909091,16.0,0.18181818181818182,2896.9305574254718,2575.3636363636365
26-35,M,0,A,3,12,0.14285714285714285,P00006980,0.02857142857142857,14.0,0.11428571428571428,9114.452051180986,9347.57142857143
26-35,M,0,A,5+,3,0.23076923076923078,P00001790,0.02564102564102564,28.0,0.15384615384615385,10376.494852034813,12096.51282051282
55+,F,1,C,2,11,0.3,P00018677,0.1,42.0,0.4,4911.502965262036,6411.4
26-35,M,0,A,3,3,0.13513513513513514,P00004232,0.02702702702702703,10.0,0.08108108108108109,9401.374613008147,11266.675675675675
26-35,M,0,A,1,3,0.10638297872340426,P00008655,0.0425531914893617,35.0,0.0851063829787234,10916.86683711565,13060.063829787234
46-50,F,1,B,3,10,0.21052631578947367,P00000953,0.05263157894736842,40.0,0.15789473684210525,7660.674870641895,4934.8421052631575
51-55,F,1,B,3,3,0.1702127659574468,P00010292,0.0425531914893617,10.0,0.0851063829787234,9451.148377967076,12136.106382978724
36-45,F,1,B,1,12,0.2,P00004649,0.06666666666666667,10.0,0.13333333333333333,6100.265854472089,7614.733333333334
51-55,F,1,C,2,12,0.23529411764705882,P00001409,0.058823529411764705,7.0,0.23529411764705882,4327.555986486654,6459.764705882353
46-50,F,1,B,1,4,0.375,P00002675,0.0625,4.0,0.1875,4934.94541974208,2403.1875
18-25,M,0,A,1,11,0.2,P00002052,0.1,45.0,0.2,7454.471714645139,6243.1
55+,F,1,C,4,3,0.14634146341463414,P00037985,0.04878048780487805,42.0,0.12195121951219512,7490.224450542999,8028.073170731707
36-45,M,0,A,4,10,0.12244897959183673,P00000743,0.02040816326530612,6.0,0.08163265306122448,5523.13044360794,4810.244897959184
51-55,F,1,B,4,10,0.1702127659574468,P00001029,0.02127659574468085,10.0,0.0851063829787234,7811.137312439434,7352.872340425532
26-35,M,0,B,3,3,0.13333333333333333,P00016051,0.06666666666666667,3.0,0.13333333333333333,8214.452137775806,6811.066666666667
51-55,F,1,C,4,12,0.2727272727272727,P00001853,0.09090909090909091,40.0,0.18181818181818182,5506.926955290863,7639.090909090909
36-45,M,0,A,1,8,0.2857142857142857,P00029768,0.14285714285714285,36.0,0.2857142857142857,5622.284999480604,6767.0
55+,F,1,C,1,11,0.1590909090909091,P00040400,0.045454545454545456,40.0,0.09090909090909091,6700.8624816031925,7514.840909090909
46-50,M,1,B,5+,11,0.16279069767441862,P00000101,0.023255813953488372,14.0,0.09302325581395349,7891.279493976164,8923.255813953489
46-50,M,1,B,3,3,0.15217391304347827,P00002469,0.021739130434782608,9.0,0.08695652173913043,6545.222804746078,6767.760869565217
55+,F,1,C,2,17,0.26666666666666666,P00002743,0.06666666666666667,18.0,0.13333333333333333,625.9981134917566,586.2666666666667
26-35,M,0,A,5+,11,0.175,P00003708,0.025,30.0,0.1,7448.158831128531,8464.975
36-45,F,1,B,1,10,0.3333333333333333,P00001802,0.06666666666666667,30.0,0.13333333333333333,4421.949621732801,2147.2
36-45,M,1,A,4,3,0.17073170731707318,P00003018,0.024390243902439025,21.0,0.07317073170731707,5233.490814444795,6484.536585365854
26-35,M,0,A,3,10,0.14285714285714285,P00094823,0.047619047619047616,14.0,0.11904761904761904,6137.261484918376,6233.047619047619
36-45,M,1,A,1,3,0.1956521739130435,P00001029,0.021739130434782608,40.0,0.08695652173913043,7927.05866962588,11710.782608695652
36-45,M,0,B,1,10,0.1875,P00000718,0.0625,8.0,0.125,8654.601223000784,5601.9375
26-35,M,0,A,5+,11,0.3333333333333333,P00027785,0.08333333333333333,27.0,0.16666666666666666,4021.5558603454438,6068.583333333333
55+,F,1,C,3,3,0.17391304347826086,P00001069,0.021739130434782608,28.0,0.10869565217391304,10199.01255931299,10627.282608695652
46-50,F,1,B,1,10,0.21052631578947367,P00001575,0.05263157894736842,16.0,0.15789473684210525,7528.797856480322,3037.0526315789475
46-50,M,1,B,2,12,0.13043478260869565,P00000105,0.021739130434782608,7.0,0.08695652173913043,9872.672063427444,10618.195652173914
26-35,M,0,A,2,19,0.20512820512820512,P00004270,0.02564102564102564,7.0,0.07692307692307693,9425.536841277997,11832.128205128205
26-35,M,0,A,4,10,0.14634146341463414,P00004898,0.024390243902439025,7.0,0.0975609756097561,6835.875610408341,6723.804878048781
46-50,M,1,A,4,19,0.13043478260869565,P00000148,0.021739130434782608,27.0,0.08695652173913043,9398.350849913386,12034.45652173913
46-50,F,1,B,2,18,0.17391304347826086,P00000148,0.021739130434782608,35.0,0.08695652173913043,10268.99676045248,13714.978260869566
51-55,F,1,B,5+,8,0.15555555555555556,P00000526,0.022222222222222223,45.0,0.1111111111111111,6928.294544908588,6451.711111111111
55+,F,1,C,1,10,0.26666666666666666,P00010535,0.06666666666666667,36.0,0.13333333333333333,6314.020200730917,4113.666666666667
46-50,F,1,C,4,10,0.3125,P00014777,0.0625,4.0,0.125,5966.966230492119,4309.4375
18-25,M,0,A,2,4,0.21428571428571427,P00000953,0.07142857142857142,40.0,0.14285714285714285,8015.100150190416,5541.571428571428
36-45,M,0,A,3,11,0.14634146341463414,P00005612,0.024390243902439025,10.0,0.0975609756097561,6334.943022151221,6730.390243902439
51-55,F,1,B,5+,3,0.1590909090909091,P00000953,0.022727272727272728,40.0,0.1590909090909091,7610.624967044846,8008.272727272727
0-17,M,0,A,3,16,0.23529411764705882,P00007816,0.058823529411764705,12.0,0.11764705882352941,5375.4592765477755,3744.9411764705883
51-55,F,1,C,2,3,0.22,P00015036,0.04,12.0,0.08,10512.244505978226,12920.24
26-35,M,0,B,5+,16,0.23529411764705882,P00003426,0.058823529411764705,6.0,0.058823529411764705,7498.223738679322,4763.882352941177
26-35,M,0,A,5+,3,0.125,P00080456,0.05,40.0,0.125,6195.796215414828,7403.025
36-45,M,0,B,2,16,0.25,P00004697,0.08333333333333333,42.0,0.16666666666666666,3757.934784014897,2754.25
51-55,F,1,B,5+,1,0.14285714285714285,P00001409,0.023809523809523808,14.0,0.07142857142857142,7986.930876123617,8491.904761904761
36-45,M,1,A,3,3,0.15555555555555556,P00040983,0.044444444444444446,42.0,0.13333333333333333,7736.312946949038,7050.622222222222
36-45,M,0,A,4,20,0.13333333333333333,P00002469,0.03333333333333333,36.0,0.13333333333333333,8890.263491498768,10280.5
18-25,M,0,A,2,12,0.23076923076923078,P00004270,0.07692307692307693,27.0,0.15384615384615385,6156.202476843776,8712.538461538461
55+,F,1,C,4,11,0.18604651162790697,P00000070,0.023255813953488372,40.0,0.09302325581395349,6140.400417917288,6302.604651162791
26-35,M,0,A,1,3,0.16279069767441862,P00036562,0.046511627906976744,42.0,0.11627906976744186,9104.065709504071,10914.558139534884
26-35,M,0,B,1,16,0.36363636363636365,P00011222,0.09090909090909091,42.0,0.2727272727272727,2201.4541144847462,1340.2727272727273
55+,F,1,C,3,4,0.35294117647058826,P00002352,0.058823529411764705,6.0,0.11764705882352941,3040.786205901362,1948.0
46-50,M,1,B,2,3,0.14634146341463414,P00016119,0.024390243902439025,20.0,0.07317073170731707,9956.958595349897,10958.073170731708
36-45,M,1,A,2,3,0.20512820512820512,P00006469,0.02564102564102564,28.0,0.10256410256410256,8935.33360546911,9463.871794871795
51-55,F,1,C,2,16,0.1875,P00003448,0.0625,15.0,0.125,6224.728608541902,4444.125
26-35,M,0,B,2,4,0.15384615384615385,P00001085,0.07692307692307693,28.0,0.15384615384615385,4456.613785812883,3321.5384615384614
36-45,M,0,B,1,10,0.2222222222222222,P00000101,0.05555555555555555,20.0,0.16666666666666666,4472.20234270741,3654.8333333333335
55+,F,1,C,4,12,0.13043478260869565,P00000070,0.021739130434782608,35.0,0.15217391304347827,6322.913414124225,6647.04347826087
36-45,M,1,A,5+,10,0.2,P00008262,0.022222222222222223,18.0,0.08888888888888889,7539.380386954349,7226.711111111111
51-55,F,1,B,3,3,0.14285714285714285,P00014882,0.05714285714285714,7.0,0.08571428571428572,9789.170388879795,15387.457142857143
55+,F,1,C,3,3,0.15217391304347827,P00002469,0.021739130434782608,10.0,0.10869565217391304,5916.8306621485335,6378.065217391304
46-50,M,1,A,4,8,0.21428571428571427,P00001575,0.023809523809523808,18.0,0.09523809523809523,6838.7824172610435,5792.976190476191
36-45,M,0,A,2,11,0.11904761904761904,P00029588,0.047619047619047616,30.0,0.07142857142857142,9058.785177109425,12370.57142857143
55+,F,1,C,1,10,0.1875,P00000809,0.0625,28.0,0.125,8078.305750589043,4571.25
55+,F,1,C,5+,3,0.14634146341463414,P00000573,0.024390243902439025,10.0,0.07317073170731707,7980.872060440634,9430.829268292682
0-17,M,0,A,2,17,0.2631578947368421,P00002084,0.05263157894736842,36.0,0.15789473684210525,7501.422656492902,3786.7368421052633
36-45,M,0,A,2,13,0.14705882352941177,P00009923,0.058823529411764705,10.0,0.08823529411764706,9763.522015632096,12703.823529411764
26-35,M,0,A,1,12,0.2857142857142857,P00000947,0.07142857142857142,40.0,0.21428571428571427,5930.920900271283,5657.571428571428
26-35,M,0,B,1,16,0.21428571428571427,P00000221,0.07142857142857142,8.0,0.21428571428571427,4574.913716834834,3278.1428571428573
46-50,F,1,B,2,20,0.1875,P00053342,0.0625,28.0,0.09375,9777.18555546987,11743.03125
55+,F,1,C,3,12,0.16326530612244897,P00000247,0.02040816326530612,36.0,0.10204081632653061,4135.921280184664,5405.448979591837
36-45,F,1,B,4,12,0.2222222222222222,P00000070,0.05555555555555555,42.0,0.16666666666666666,5151.788197702515,7355.111111111111
36-45,M,0,A,5+,3,0.0975609756097561,P00007362,0.024390243902439025,7.0,0.07317073170731707,7327.573394461466,9515.268292682927
55+,F,1,C,2,5,0.35294117647058826,P00008627,0.058823529411764705,10.0,0.11764705882352941,6546.589982915667,3320.823529411765
36-45,F,1,B,2,17,0.29411764705882354,P00000285,0.058823529411764705,4.0,0.11764705882352941,4029.8724381358593,3469.3529411764707
26-35,M,0,A,5+,1,0.10526315789473684,P00004270,0.05263157894736842,36.0,0.15789473684210525,7011.832292590519,9564.105263157895
51-55,F,1,C,2,11,0.2727272727272727,P00024904,0.09090909090909091,7.0,0.09090909090909091,8007.378003498341,9006.90909090909
18-25,M,0,A,1,17,0.2727272727272727,P00019389,0.09090909090909091,30.0,0.18181818181818182,5248.381147813798,4269.454545454545
26-35,M,0,B,2,10,0.2222222222222222,P00004819,0.05555555555555555,42.0,0.16666666666666666,9148.43037163785,7050.833333333333
26-35,M,0,A,5+,3,0.18,P00089916,0.04,10.0,0.08,7624.637579208977,8726.9
36-45,F,1,B,1,16,0.23529411764705882,P00001229,0.058823529411764705,9.0,0.058823529411764705,4751.204293928757,2913.3529411764707
18-25,M,0,A,1,4,0.14285714285714285,P00001457,0.07142857142857142,18.0,0.14285714285714285,7885.806075224266,4102.071428571428
18-25,M,0,A,3,17,0.2857142857142857,P00010017,0.07142857142857142,28.0,0.21428571428571427,3194.3991240507603,1449.0714285714287
51-55,F,1,B,4,3,0.11764705882352941,P00001575,0.029411764705882353,6.0,0.058823529411764705,9805.375169325749,12256.029411764706
51-55,F,1,B,1,3,0.16,P00099012,0.04,24.0,0.06,9115.68391579332,11619.18
51-55,F,1,B,2,18,0.14285714285714285,P00082961,0.05714285714285714,30.0,0.11428571428571428,9519.738893919484,14008.257142857143
51-55,F,1,B,4,11,0.1956521739130435,P00000526,0.021739130434782608,14.0,0.10869565217391304,6211.026175376153,7237.934782608696
26-35,M,0,A,4,3,0.21428571428571427,P00043600,0.047619047619047616,10.0,0.11904761904761904,9761.243227424862,13756.142857142857
18-25,M,0,A,2,4,0.16666666666666666,P00001029,0.05555555555555555,8.0,0.16666666666666666,6826.253862413677,3795.1666666666665
55+,F,1,C,3,3,0.25,P00001409,0.03125,7.0,0.09375,10470.222612121435,11036.46875
36-45,M,0,A,4,3,0.15151515151515152,P00000101,0.030303030303030304,40.0,0.12121212121212122,8520.565129549444,11860.242424242424
55+,F,1,C,2,4,0.18181818181818182,P00013844,0.09090909090909091,4.0,0.2727272727272727,4559.189760552556,2950.5454545454545
51-55,F,1,C,5+,3,0.1590909090909091,P00001156,0.022727272727272728,10.0,0.06818181818181818,5875.39023075373,6629.909090909091
26-35,M,0,A,4,3,0.22,P00027742,0.04,15.0,0.06,11076.439922075457,14012.86
51-55,F,1,C,1,17,0.25,P00016799,0.0625,8.0,0.125,3412.232650699538,1764.0625
51-55,F,1,C,2,8,0.16666666666666666,P00020771,0.05555555555555555,36.0,0.2777777777777778,2786.9741762032045,2423.3333333333335
46-50,M,1,A,4,3,0.24390243902439024,P00000215,0.024390243902439025,20.0,0.12195121951219512,5627.904979306027,5116.512195121952
55+,F,1,C,2,10,0.2777777777777778,P00003235,0.05555555555555555,6.0,0.1111111111111111,3209.987209063759,1825.6666666666667
36-45,M,1,A,4,17,0.12244897959183673,P00000101,0.02040816326530612,42.0,0.10204081632653061,8394.973687426604,8506.530612244898
51-55,F,1,C,2,5,0.21428571428571427,P00034759,0.14285714285714285,16.0,0.14285714285714285,2033.8728565727251,1091.7857142857142
26-35,M,0,B,2,16,0.21428571428571427,P00015635,0.07142857142857142,32.0,0.14285714285714285,5984.536035979236,3987.214285714286
26-35,M,0,B,2,15,0.2,P00001085,0.06666666666666667,40.0,0.2,2902.056947030765,1781.3333333333333
55+,F,1,C,2,10,0.21052631578947367,P00000795,0.05263157894736842,6.0,0.15789473684210525,8095.335649301626,5111.0526315789475
51-55,F,1,C,1,5,0.1875,P00015158,0.0625,40.0,0.1875,2016.1268147944795,1296.0
18-25,M,0,A,3,16,0.2,P00001455,0.05,30.0,0.15,8876.01688407113,5432.6
36-45,M,0,A,4,11,0.14893617021276595,P00003018,0.02127659574468085,36.0,0.0851063829787234,7695.048269776517,7716.31914893617
26-35,M,0,A,2,8,0.17647058823529413,P00001069,0.058823529411764705,42.0,0.29411764705882354,7184.557251801378,7875.823529411765
18-25,M,0,A,1,12,0.16666666666666666,P00004358,0.05555555555555555,14.0,0.1111111111111111,8425.047687458375,10990.222222222223
36-45,F,1,B,1,5,0.14285714285714285,P00012169,0.07142857142857142,44.0,0.14285714285714285,5757.524607840604,4372.928571428572
51-55,F,1,C,3,3,0.13333333333333333,P00001575,0.022222222222222223,9.0,0.1111111111111111,7916.614288949539,7121.2
46-50,F,1,B,2,3,0.17391304347826086,P00043044,0.043478260869565216,42.0,0.13043478260869565,8425.947732127292,10301.434782608696
55+,F,1,C,1,10,0.3,P00001455,0.1,11.0,0.1,6551.249262545275,3246.3
36-45,M,1,A,2,3,0.16129032258064516,P00034037,0.06451612903225806,18.0,0.06451612903225806,10935.556961689952,12391.935483870968
51-55,F,1,C,2,10,0.2,P00019514,0.06666666666666667,42.0,0.2,5085.515881496427,2207.0666666666666
46-50,F,1,B,3,20,0.12121212121212122,P00003382,0.030303030303030304,16.0,0.09090909090909091,9928.85266228651,10009.424242424242
51-55,F,1,C,3,13,0.1935483870967742,P00004907,0.03225806451612903,18.0,0.06451612903225806,10026.622727111453,14773.612903225807
0-17,M,0,A,2,5,0.17647058823529413,P00009954,0.058823529411764705,44.0,0.17647058823529413,5998.1947707083455,2809.4117647058824
36-45,M,1,A,2,20,0.25,P00004270,0.03125,24.0,0.09375,10566.943046395496,13845.59375
18-25,M,0,A,1,1,0.23076923076923078,P00009690,0.07692307692307693,20.0,0.15384615384615385,5683.045759323438,3629.4615384615386
46-50,F,1,B,2,3,0.15,P00003658,0.05,36.0,0.2,6225.94722681237,4876.65
51-55,F,1,C,3,15,0.25,P00026377,0.08333333333333333,7.0,0.08333333333333333,8145.75819480187,4311.75
36-45,M,1,A,4,3,0.15555555555555556,P00023477,0.044444444444444446,36.0,0.08888888888888889,10096.31874847001,13122.044444444444
26-35,M,0,A,5+,3,0.21621621621621623,P00012023,0.05405405405405406,20.0,0.10810810810810811,10049.434961033185,12664.72972972973
55+,F,1,C,3,10,0.2727272727272727,P00015458,0.09090909090909091,18.0,0.18181818181818182,2626.7406973108505,1938.909090909091
26-35,M,0,A,4,3,0.16279069767441862,P00008806,0.023255813953488372,36.0,0.11627906976744186,7097.913587660525,8563.186046511628
26-35,M,0,B,1,3,0.15,P00002538,0.05,30.0,0.15,8046.726777980826,6722.45
26-35,M,0,A,3,3,0.23404255319148937,P00001976,0.02127659574468085,30.0,0.1276595744680851,9773.497702576886,10740.489361702128
46-50,F,1,B,3,3,0.2702702702702703,P00038508,0.05405405405405406,20.0,0.13513513513513514,9099.740668927976,13476.621621621622
0-17,M,0,A,3,16,0.2727272727272727,P00021075,0.09090909090909091,12.0,0.18181818181818182,10293.548008339982,7487.0
51-55,F,1,C,5+,3,0.22580645161290322,P00001282,0.03225806451612903,13.0,0.0967741935483871,10311.253401695572,11286.774193548386
36-45,M,1,B,3,1,0.2,P00000370,0.06666666666666667,42.0,0.2,7251.1251685185935,6279.933333333333
55+,F,1,C,4,3,0.14,P00000070,0.02,7.0,0.08,6337.217664894028,6172.32
26-35,M,0,A,1,12,0.17647058823529413,P00000404,0.029411764705882353,7.0,0.08823529411764706,9140.666099883223,11955.088235294117
51-55,F,1,C,1,5,0.15384615384615385,P00014911,0.07692307692307693,42.0,0.15384615384615385,8034.713606020394,5738.307692307692
26-35,M,0,A,2,3,0.2631578947368421,P00011222,0.05263157894736842,20.0,0.15789473684210525,8457.244108935764,8687.157894736842
46-50,M,1,A,5+,12,0.2,P00001409,0.044444444444444446,36.0,0.08888888888888889,6323.525771420417,6210.333333333333
46-50,M,1,B,5+,3,0.09302325581395349,P00000221,0.023255813953488372,18.0,0.06976744186046512,7361.716073741747,8004.790697674419
26-35,M,0,B,3,16,0.3333333333333333,P00023688,0.08333333333333333,16.0,0.16666666666666666,1091.5327387197187,859.4166666666666
26-35,M,0,A,2,10,0.17647058823529413,P00000549,0.058823529411764705,36.0,0.23529411764705882,7140.711591249976,6673.823529411765
36-45,M,1,A,2,3,0.1794871794871795,P00000404,0.02564102564102564,7.0,0.07692307692307693,8514.598633326159,11045.538461538461
26-35,M,0,A,2,20,0.23333333333333334,P00028092,0.06666666666666667,13.0,0.1,9521.719687960362,13464.333333333334
36-45,M,1,B,2,11,0.21428571428571427,P00007362,0.07142857142857142,18.0,0.14285714285714285,4674.168010823594,5514.857142857143
51-55,F,1,B,5+,3,0.13953488372093023,P00023552,0.046511627906976744,36.0,0.11627906976744186,6083.354190410095,5776.720930232558
46-50,M,1,B,3,3,0.13043478260869565,P00018095,0.043478260869565216,7.0,0.10869565217391304,10163.87877634288,12309.326086956522
55+,F,1,C,4,11,0.36363636363636365,P00004977,0.09090909090909091,21.0,0.18181818181818182,6649.89452958056,9387.636363636364
26-35,M,0,B,5+,10,0.23076923076923078,P00000518,0.07692307692307693,40.0,0.23076923076923078,5584.129940492762,3632.230769230769
46-50,F,1,C,1,4,0.3333333333333333,P00018480,0.08333333333333333,4.0,0.16666666666666666,416.2325253407224,428.6666666666667
36-45,M,0,A,5+,12,0.24,P00020090,0.04,9.0,0.08,5745.157748993175,7379.52
55+,F,1,C,1,4,0.15384615384615385,P00000718,0.07692307692307693,20.0,0.23076923076923078,9350.457855237042,6821.461538461538
0-17,M,0,A,1,2,0.13333333333333333,P00006613,0.06666666666666667,24.0,0.13333333333333333,6883.8555558847775,4272.2
0-17,M,0,A,2,17,0.23076923076923078,P00005758,0.07692307692307693,3.0,0.15384615384615385,6024.1336945017065,3699.5384615384614
36-45,F,1,B,2,10,0.2631578947368421,P00012080,0.10526315789473684,4.0,0.15789473684210525,3564.3084268064554,1505.6842105263158
51-55,F,1,B,4,11,0.2857142857142857,P00000148,0.07142857142857142,40.0,0.21428571428571427,5021.749568155975,7086.571428571428
26-35,M,0,A,2,12,0.2,P00017752,0.06666666666666667,14.0,0.13333333333333333,3842.010996241174,5528.266666666666
51-55,F,1,C,2,1,0.16666666666666666,P00008415,0.08333333333333333,21.0,0.25,5181.759589846841,7160.083333333333
26-35,M,0,A,3,16,0.1388888888888889,P00002469,0.027777777777777776,10.0,0.05555555555555555,10255.137292039119,11804.416666666666
36-45,M,0,B,2,17,0.3,P00000205,0.1,20.0,0.2,2297.9123375601407,1306.0
46-50,F,1,B,1,6,0.15789473684210525,P00005057,0.05263157894736842,9.0,0.21052631578947367,5664.443706911733,6046.789473684211
0-17,M,0,A,1,10,0.2,P00001398,0.05,18.0,0.15,3814.7966131892276,2706.6
36-45,F,1,B,1,10,0.2727272727272727,P00001457,0.09090909090909091,12.0,0.2727272727272727,6643.28232673633,5348.545454545455
51-55,F,1,B,1,8,0.12195121951219512,P00041701,0.04878048780487805,7.0,0.07317073170731707,5542.10370025591,5216.975609756098
0-17,M,0,A,1,10,0.25,P00001110,0.05,4.0,0.1,7295.775987731387,3852.0
18-25,M,0,A,5+,16,0.2777777777777778,P00002892,0.05555555555555555,16.0,0.1111111111111111,9482.874840048567,6448.944444444444
36-45,M,1,A,4,20,0.16666666666666666,P00095896,0.05555555555555555,7.0,0.1111111111111111,9937.439651528848,15174.027777777777
46-50,M,1,A,4,3,0.21739130434782608,P00000947,0.021739130434782608,28.0,0.06521739130434782,9608.544344553758,11518.608695652174
46-50,M,1,A,5+,5,0.08888888888888889,P00001039,0.022222222222222223,20.0,0.08888888888888889,6226.875640108267,6275.111111111111
36-45,M,0,B,1,5,0.4,P00023688,0.1,12.0,0.1,4442.862391897068,2921.3
55+,F,1,C,1,4,0.26666666666666666,P00001802,0.06666666666666667,4.0,0.13333333333333333,6270.777753843237,2676.266666666667
36-45,M,1,A,4,10,0.14583333333333334,P00030655,0.041666666666666664,27.0,0.08333333333333333,6526.998775815999,6513.958333333333
26-35,M,0,A,5+,12,0.25,P00012023,0.08333333333333333,14.0,0.16666666666666666,5547.023662753884,7943.666666666667
46-50,F,1,B,1,10,0.2631578947368421,P00008627,0.05263157894736842,4.0,0.10526315789473684,9191.165755942842,5856.210526315789
46-50,F,1,B,5+,14,0.16666666666666666,P00000101,0.05555555555555555,7.0,0.16666666666666666,4947.605508193421,7103.833333333333
26-35,M,0,A,5+,3,0.16326530612244897,P00000070,0.02040816326530612,40.0,0.08163265306122448,6670.9829922833205,7422.285714285715
26-35,M,0,A,2,3,0.125,P00004898,0.03125,20.0,0.0625,8914.949580066115,11871.28125
26-35,M,0,A,4,3,0.15,P00000953,0.025,18.0,0.075,7124.908445610605,6832.475
0-17,M,0,A,2,5,0.2,P00001575,0.05,4.0,0.1,7548.3696076842,4815.55
18-25,M,0,A,2,10,0.3157894736842105,P00008655,0.05263157894736842,16.0,0.15789473684210525,6663.625683185846,3264.3684210526317
46-50,M,1,A,4,11,0.15,P00011460,0.05,40.0,0.1,6582.714075905788,6814.9
51-55,F,1,C,1,3,0.27906976744186046,P00093027,0.046511627906976744,13.0,0.09302325581395349,10361.25656184716,11182.46511627907
46-50,F,1,B,1,5,0.2727272727272727,P00004082,0.09090909090909091,28.0,0.2727272727272727,3153.382605163137,1822.6363636363637
26-35,M,0,A,3,19,0.15789473684210525,P00000404,0.02631578947368421,40.0,0.15789473684210525,10089.693829968457,12432.657894736842
18-25,M,0,A,2,4,0.11764705882352941,P00001802,0.058823529411764705,20.0,0.17647058823529413,5374.709969603285,3781.4117647058824
36-45,M,0,B,1,10,0.21428571428571427,P00001708,0.07142857142857142,7.0,0.14285714285714285,9721.107895131667,6843.642857142857
26-35,M,0,B,5+,4,0.3333333333333333,P00002675,0.05555555555555555,32.0,0.1111111111111111,7132.277998029554,3208.1666666666665
46-50,F,1,C,1,4,0.21428571428571427,P00019538,0.07142857142857142,40.0,0.14285714285714285,5221.7938835842,3017.8571428571427
55+,F,1,C,1,16,0.2727272727272727,P00015683,0.09090909090909091,6.0,0.09090909090909091,8743.180963678858,4621.181818181818
18-25,M,0,A,1,15,0.25,P00004403,0.0625,20.0,0.125,8337.773999245843,5490.9375
46-50,M,1,A,3,19,0.2222222222222222,P00000404,0.027777777777777776,10.0,0.1111111111111111,10001.242486938294,12934.444444444445
36-45,M,0,B,2,16,0.15,P00082390,0.1,42.0,0.1,8030.099251533176,5788.9
51-55,F,1,C,2,16,0.23076923076923078,P00023333,0.07692307692307693,42.0,0.15384615384615385,9916.539014476826,5463.2307692307695
18-25,M,0,A,1,11,0.1875,P00000573,0.0625,4.0,0.1875,6860.512434699515,5116.25
51-55,F,1,B,4,3,0.20454545454545456,P00056902,0.045454545454545456,36.0,0.11363636363636363,5531.145984963399,5379.0
26-35,M,0,B,2,17,0.2,P00001455,0.06666666666666667,24.0,0.2,3623.8084189348165,2964.8
36-45,M,1,A,2,12,0.14285714285714285,P00000221,0.02857142857142857,30.0,0.14285714285714285,9172.00720726298,10329.285714285714
51-55,F,1,C,1,5,0.2222222222222222,P00000573,0.05555555555555555,4.0,0.1111111111111111,8151.735646815074,4725.055555555556
51-55,F,1,C,4,3,0.15555555555555556,P00032596,0.044444444444444446,28.0,0.08888888888888889,10784.135298125799,12993.91111111111
26-35,M,0,A,5+,8,0.1111111111111111,P00000215,0.022222222222222223,36.0,0.1111111111111111,7119.842997573824,6925.0888888888885
36-45,M,0,A,4,12,0.16279069767441862,P00064966,0.046511627906976744,40.0,0.09302325581395349,6166.202938057681,7369.395348837209
51-55,F,1,B,5+,3,0.225,P00002815,0.025,36.0,0.1,9832.37271413892,11422.3
0-17,M,0,A,1,1,0.14285714285714285,P00019552,0.07142857142857142,36.0,0.14285714285714285,8839.11496271973,5719.642857142857
46-50,F,1,B,5+,3,0.175,P00000404,0.025,28.0,0.1,9697.851562099351,12147.45
26-35,M,0,A,1,4,0.14285714285714285,P00024235,0.07142857142857142,21.0,0.21428571428571427,3394.163320003494,2926.214285714286
51-55,F,1,C,5+,8,0.16666666666666666,P00035292,0.041666666666666664,10.0,0.125,5846.347617452775,6519.4375
26-35,M,0,B,2,16,0.4,P00001383,0.05,30.0,0.15,5192.259111560107,2222.55
51-55,F,1,C,5+,5,0.15,P00009405,0.05,14.0,0.1,9119.084250538594,6292.1
51-55,F,1,B,5+,3,0.12,P00067465,0.04,21.0,0.08,6819.388107357985,7863.38
26-35,M,0,A,2,3,0.16,P00000526,0.02,44.0,0.1,8240.143409590166,10334.76
46-50,M,1,A,3,18,0.1891891891891892,P00022259,0.05405405405405406,11.0,0.08108108108108109,8826.740441058284,15671.72972972973
18-25,M,0,A,2,10,0.3333333333333333,P00015683,0.06666666666666667,30.0,0.2,7249.856202186424,4338.666666666667
51-55,F,1,B,4,3,0.1276595744680851,P00008270,0.0425531914893617,40.0,0.1276595744680851,9008.05793289981,14126.872340425532
46-50,M,1,B,4,12,0.14634146341463414,P00001790,0.024390243902439025,21.0,0.0975609756097561,5365.870791854575,6288.463414634146
26-35,M,0,A,3,3,0.125,P00005261,0.0625,7.0,0.125,8900.566607197918,9498.0625
51-55,F,1,C,4,4,0.26666666666666666,P00011826,0.06666666666666667,20.0,0.2,3229.9508060532144,2195.0666666666666
46-50,F,1,B,3,9,0.14583333333333334,P00001069,0.020833333333333332,42.0,0.10416666666666667,8534.14275005288,11997.770833333334
26-35,M,0,A,1,17,0.1875,P00008604,0.0625,20.0,0.125,7628.3464001053335,4845.5
51-55,F,1,B,5+,10,0.13636363636363635,P00024477,0.045454545454545456,18.0,0.11363636363636363,7604.362534598874,7098.022727272727
55+,F,1,C,4,3,0.1702127659574468,P00069533,0.0425531914893617,18.0,0.0851063829787234,6117.665659026625,5682.404255319149
55+,F,1,C,2,4,0.18181818181818182,P00024450,0.09090909090909091,35.0,0.18181818181818182,4007.663143619642,2895.5454545454545
46-50,F,1,B,5+,1,0.15384615384615385,P00004622,0.07692307692307693,36.0,0.23076923076923078,4339.625409215373,9114.23076923077
26-35,M,0,A,3,16,0.125,P00008171,0.041666666666666664,10.0,0.16666666666666666,8268.993421552213,8434.916666666666
46-50,M,1,B,4,3,0.14,P00012963,0.04,18.0,0.08,7237.048236818711,7327.96
26-35,M,0,B,1,4,0.1875,P00001085,0.0625,30.0,0.125,3275.2736927621786,2156.1875
46-50,F,1,B,1,16,0.2777777777777778,P00007435,0.05555555555555555,28.0,0.2222222222222222,6197.081161974933,4240.111111111111
18-25,M,0,A,2,4,0.25,P00005873,0.0625,36.0,0.125,9381.348147387986,8202.4375
36-45,F,1,B,2,15,0.21052631578947367,P00003708,0.05263157894736842,30.0,0.15789473684210525,6894.877297060511,3531.9473684210525
46-50,M,1,A,4,18,0.13513513513513514,P00001575,0.02702702702702703,20.0,0.08108108108108109,10470.977201199898,11981.297297297297
51-55,F,1,C,4,11,0.21052631578947367,P00008262,0.05263157894736842,27.0,0.10526315789473684,6337.197013530832,7730.105263157895
55+,F,1,C,2,5,0.23076923076923078,P00003063,0.07692307692307693,35.0,0.23076923076923078,10442.15410100956,6020.461538461538
55+,F,1,C,5+,13,0.2,P00074617,0.05714285714285714,42.0,0.11428571428571428,9014.208162300076,10004.971428571429
36-45,M,1,A,3,19,0.21739130434782608,P00099895,0.043478260869565216,20.0,0.13043478260869565,10107.190238914269,13754.08695652174
55+,F,1,C,5+,3,0.17647058823529413,P00004082,0.029411764705882353,40.0,0.08823529411764706,8880.845190754033,9991.029411764706
36-45,M,1,A,2,3,0.25,P00023477,0.041666666666666664,6.0,0.0625,10441.908660184776,12930.854166666666
18-25,M,0,A,2,5,0.3333333333333333,P00006470,0.08333333333333333,40.0,0.16666666666666666,3545.002050475964,2092.5833333333335
46-50,F,1,B,1,10,0.23076923076923078,P00009771,0.07692307692307693,7.0,0.15384615384615385,3300.6908756213834,5605.615384615385
55+,F,1,C,2,3,0.18181818181818182,P00007524,0.09090909090909091,20.0,0.18181818181818182,6267.947061330078,4834.818181818182
36-45,F,1,B,1,3,0.13333333333333333,P00002352,0.06666666666666667,32.0,0.13333333333333333,9321.699008738902,7332.866666666667
46-50,F,1,B,4,3,0.1951219512195122,P00000101,0.024390243902439025,7.0,0.07317073170731707,9123.201180065647,13607.682926829268
51-55,F,1,C,5+,16,0.21052631578947367,P00001575,0.05263157894736842,21.0,0.10526315789473684,8568.976821422839,6450.105263157895
0-17,M,0,A,2,3,0.15384615384615385,P00003936,0.07692307692307693,36.0,0.15384615384615385,6139.15343595975,4023.923076923077
0-17,M,0,A,3,10,0.21428571428571427,P00021640,0.07142857142857142,8.0,0.07142857142857142,2568.230651892209,2079.714285714286
46-50,F,1,B,1,4,0.15,P00001575,0.05,24.0,0.1,10060.401004877856,7629.8
51-55,F,1,C,1,17,0.23529411764705882,P00005588,0.058823529411764705,4.0,0.11764705882352941,9162.244511324401,5884.117647058823
36-45,M,0,B,1,15,0.3,P00005394,0.1,7.0,0.1,10081.315233859343,7251.8
51-55,F,1,C,3,3,0.15151515151515152,P00053332,0.06060606060606061,20.0,0.12121212121212122,8924.74865701601,12499.818181818182
55+,F,1,C,2,10,0.2,P00007801,0.06666666666666667,4.0,0.13333333333333333,6485.546059177615,4453.4
36-45,M,1,A,4,3,0.13636363636363635,P00001398,0.022727272727272728,28.0,0.06818181818181818,9207.066905601823,11451.863636363636
55+,F,1,C,5+,11,0.17073170731707318,P00001802,0.024390243902439025,40.0,0.17073170731707318,7354.811949312919,6735.878048780488
26-35,M,0,A,3,2,0.18181818181818182,P00049708,0.18181818181818182,9.0,0.09090909090909091,8350.944091429532,10570.727272727272
0-17,M,0,A,1,4,0.3125,P00007789,0.0625,16.0,0.125,9108.367309787194,5980.125
36-45,M,0,A,3,3,0.14285714285714285,P00000247,0.02857142857142857,20.0,0.11428571428571428,9080.935952668677,10147.6
26-35,M,0,A,4,4,0.26666666666666666,P00002743,0.06666666666666667,20.0,0.26666666666666666,5268.807244619257,2256.733333333333
46-50,M,1,B,4,11,0.15217391304347827,P00000610,0.043478260869565216,30.0,0.13043478260869565,5776.354073681863,6339.434782608696
0-17,M,0,A,1,10,0.1875,P00000718,0.0625,16.0,0.125,7161.05430290587,3470.0625
51-55,F,1,C,1,10,0.25,P00014365,0.08333333333333333,4.0,0.08333333333333333,8484.394470902374,5315.583333333333
0-17,M,0,A,1,10,0.2,P00008197,0.06666666666666667,36.0,0.13333333333333333,6432.992180937267,3745.4
55+,F,1,C,4,1,0.15217391304347827,P00063463,0.043478260869565216,7.0,0.13043478260869565,7567.827697077742,7761.760869565217
46-50,M,1,B,5+,3,0.1276595744680851,P00003018,0.02127659574468085,42.0,0.1276595744680851,8020.751251952553,7237.468085106383
26-35,M,0,B,5+,10,0.16666666666666666,P00007255,0.05555555555555555,36.0,0.16666666666666666,9211.194928799405,6295.611111111111
18-25,M,0,A,1,10,0.3333333333333333,P00017752,0.06666666666666667,7.0,0.13333333333333333,4329.092637801444,2650.733333333333
55+,F,1,C,2,4,0.16666666666666666,P00000205,0.05555555555555555,18.0,0.1111111111111111,8186.136493658682,5201.111111111111
36-45,M,0,B,1,12,0.18181818181818182,P00004604,0.09090909090909091,30.0,0.2727272727272727,4817.113875642664,3561.909090909091
26-35,M,0,A,1,3,0.12244897959183673,P00050604,0.04081632653061224,28.0,0.08163265306122448,10066.950636776724,11646.959183673469
51-55,F,1,B,4,11,0.21428571428571427,P00003246,0.07142857142857142,40.0,0.14285714285714285,3610.703958637855,7315.0
55+,F,1,C,2,15,0.23529411764705882,P00001229,0.058823529411764705,6.0,0.11764705882352941,8800.342250196196,5181.705882352941
18-25,M,0,A,1,5,0.16666666666666666,P00004622,0.08333333333333333,30.0,0.25,6981.937715645387,4161.583333333333
46-50,F,1,B,1,3,0.1935483870967742,P00000947,0.06451612903225806,20.0,0.0967741935483871,9361.3879274941,11160.935483870968
0-17,M,0,A,1,11,0.21052631578947367,P00003072,0.05263157894736842,14.0,0.15789473684210525,7815.855681567292,5804.578947368421
36-45,M,0,B,2,4,0.23076923076923078,P00003745,0.07692307692307693,30.0,0.23076923076923078,2617.0260964964777,1791.6153846153845
46-50,F,1,B,4,9,0.21428571428571427,P00001853,0.07142857142857142,42.0,0.2857142857142857,4941.332282974829,7084.5
46-50,F,1,B,5+,4,0.16666666666666666,P00009397,0.08333333333333333,18.0,0.16666666666666666,9906.315189251141,6524.416666666667
51-55,F,1,C,5+,3,0.15384615384615385,P00008604,0.07692307692307693,10.0,0.15384615384615385,10563.684776823973,5449.307692307692
26-35,M,0,A,4,3,0.18181818181818182,P00004323,0.030303030303030304,28.0,0.09090909090909091,11064.70049609034,14194.545454545454
26-35,M,0,A,5+,11,0.2631578947368421,P00019758,0.05263157894736842,14.0,0.15789473684210525,3279.106188835735,5806.210526315789
46-50,M,1,A,5+,3,0.19444444444444445,P00007232,0.05555555555555555,10.0,0.1111111111111111,9296.236600674181,13656.75
18-25,M,0,A,2,3,0.16666666666666666,P00000070,0.08333333333333333,4.0,0.08333333333333333,10822.894277662263,7044.0
26-35,M,0,A,1,3,0.18181818181818182,P00001575,0.022727272727272728,10.0,0.09090909090909091,9565.512784301658,12204.681818181818
18-25,M,0,A,5+,4,0.17647058823529413,P00002538,0.058823529411764705,18.0,0.11764705882352941,10179.984589509311,7009.35294117647
18-25,M,0,A,2,5,0.16666666666666666,P00004002,0.05555555555555555,28.0,0.1111111111111111,10189.988452083486,6142.222222222223
36-45,M,0,B,4,4,0.25,P00000795,0.05,6.0,0.1,4791.986041408366,3667.3
46-50,F,1,B,2,11,0.3,P00007816,0.1,9.0,0.2,3609.2787152621568,4726.8
26-35,M,0,B,2,3,0.11764705882352941,P00002370,0.058823529411764705,10.0,0.11764705882352941,8202.769732194838,6557.823529411765
55+,F,1,C,3,3,0.16666666666666666,P00000247,0.08333333333333333,14.0,0.25,7526.371488830377,7706.833333333333
26-35,M,0,A,3,10,0.17647058823529413,P00002538,0.058823529411764705,10.0,0.11764705882352941,3613.858935322706,2519.823529411765
36-45,M,1,A,3,18,0.1282051282051282,P00000101,0.02564102564102564,27.0,0.10256410256410256,8922.428415740196,10512.538461538461
0-17,M,0,A,1,10,0.23529411764705882,P00002346,0.058823529411764705,20.0,0.17647058823529413,7080.728791627895,3125.705882352941
46-50,F,1,C,1,4,0.2631578947368421,P00006349,0.05263157894736842,42.0,0.21052631578947367,8763.594192763525,4007.2105263157896
46-50,F,1,B,4,7,0.18181818181818182,P00017752,0.09090909090909091,28.0,0.18181818181818182,6789.586518405158,10692.90909090909
0-17,M,0,A,2,5,0.23076923076923078,P00003235,0.07692307692307693,16.0,0.15384615384615385,3534.748388028018,1952.0
36-45,M,0,B,3,10,0.17647058823529413,P00031471,0.11764705882352941,8.0,0.17647058823529413,4379.812808248102,2543.8823529411766
46-50,M,1,A,4,11,0.13333333333333333,P00025355,0.044444444444444446,9.0,0.08888888888888889,7403.856092973075,7617.333333333333
46-50,M,1,B,4,3,0.14583333333333334,P00001229,0.020833333333333332,27.0,0.08333333333333333,7237.817094316499,8897.083333333334
46-50,M,1,B,4,3,0.09090909090909091,P00000215,0.022727272727272728,7.0,0.09090909090909091,8502.623361466483,9705.204545454546
51-55,F,1,C,1,3,0.12903225806451613,P00003246,0.03225806451612903,40.0,0.12903225806451613,9227.015912612967,11166.58064516129
55+,F,1,C,4,3,0.16279069767441862,P00000370,0.023255813953488372,35.0,0.09302325581395349,5620.210311817405,6600.162790697675
46-50,F,1,B,1,3,0.15789473684210525,P00003382,0.02631578947368421,20.0,0.13157894736842105,9769.63681908461,13793.868421052632
51-55,F,1,B,5+,16,0.10204081632653061,P00006684,0.02040816326530612,30.0,0.10204081632653061,7521.244199058474,6761.102040816327
46-50,F,1,B,5+,3,0.15789473684210525,P00008171,0.05263157894736842,7.0,0.10526315789473684,6896.193443186462,9037.315789473685
0-17,M,0,A,1,5,0.2,P00000205,0.05,7.0,0.1,7326.28305630165,4957.5
51-55,F,1,C,3,9,0.3,P00036897,0.2,20.0,0.2,3261.075146498638,7594.0
26-35,M,0,A,2,19,0.16129032258064516,P00030169,0.06451612903225806,20.0,0.12903225806451613,9571.295458099523,14040.709677419354
0-17,M,0,A,2,17,0.25,P00011935,0.0625,8.0,0.1875,4617.79525991571,3479.5625
55+,F,1,C,5+,10,0.13043478260869565,P00001409,0.021739130434782608,28.0,0.06521739130434782,6356.507163552154,6950.54347826087
55+,F,1,C,5+,12,0.13953488372093023,P00001156,0.023255813953488372,10.0,0.06976744186046512,8265.422470492684,7491.162790697675
36-45,M,0,B,1,10,0.3125,P00012072,0.0625,16.0,0.1875,4774.478414357601,2634.5625
46-50,F,1,B,5+,6,0.17647058823529413,P00001039,0.058823529411764705,42.0,0.23529411764705882,6647.908683762666,9293.35294117647
36-45,F,1,B,3,12,0.16666666666666666,P00007232,0.05555555555555555,7.0,0.1111111111111111,7833.130139417177,9712.388888888889
46-50,F,1,C,2,4,0.15789473684210525,P00000070,0.05263157894736842,44.0,0.21052631578947367,9324.85421550122,4758.1578947368425
18-25,M,0,A,1,16,0.3,P00012615,0.1,42.0,0.2,6021.904169133068,2962.4
36-45,M,1,A,5+,8,0.14634146341463414,P00002675,0.024390243902439025,18.0,0.07317073170731707,4993.928611018706,5433.682926829269
36-45,M,1,A,2,18,0.20454545454545456,P00050604,0.045454545454545456,42.0,0.09090909090909091,8780.277799131156,12451.15909090909
46-50,M,1,B,4,1,0.10416666666666667,P00069533,0.041666666666666664,40.0,0.10416666666666667,6074.877643420933,5476.145833333333
0-17,M,0,A,2,8,0.3,P00027210,0.1,42.0,0.2,6926.832821234632,5416.4
55+,F,1,C,2,10,0.4,P00000947,0.1,22.0,0.1,10752.63332294828,9011.4
36-45,M,1,A,1,3,0.18181818181818182,P00074866,0.045454545454545456,30.0,0.11363636363636363,8634.366112114649,11726.068181818182
26-35,M,0,A,3,3,0.20833333333333334,P00002379,0.020833333333333332,42.0,0.125,9748.979282359378,11085.125
55+,F,1,C,2,5,0.23076923076923078,P00023146,0.07692307692307693,20.0,0.15384615384615385,4478.33892912345,2655.6923076923076
0-17,M,0,A,5+,4,0.23529411764705882,P00003246,0.058823529411764705,6.0,0.17647058823529413,2227.6142243110544,922.4117647058823
55+,F,1,C,2,11,0.16666666666666666,P00000105,0.05555555555555555,18.0,0.16666666666666666,5190.004169655912,3999.1111111111113
36-45,M,0,A,4,9,0.2222222222222222,P00004898,0.05555555555555555,21.0,0.16666666666666666,4468.621068252933,7689.388888888889
0-17,M,0,A,2,12,0.3076923076923077,P00005873,0.07692307692307693,18.0,0.15384615384615385,4750.9736964229305,4427.307692307692
51-55,F,1,B,4,20,0.1891891891891892,P00025226,0.05405405405405406,20.0,0.08108108108108109,9696.223896592572,11772.621621621622
26-35,M,0,A,3,3,0.21428571428571427,P00006469,0.023809523809523808,30.0,0.14285714285714285,6240.960336068184,7284.714285714285
36-45,M,1,B,4,9,0.15384615384615385,P00007791,0.07692307692307693,21.0,0.15384615384615385,6913.143484214206,9175.0
26-35,M,0,A,5+,3,0.1951219512195122,P00089774,0.04878048780487805,9.0,0.0975609756097561,8162.387797010167,7452.414634146341
46-50,M,1,A,1,18,0.125,P00003382,0.025,7.0,0.075,8889.666967565814,11174.775
46-50,F,1,B,1,11,0.2727272727272727,P00018406,0.09090909090909091,7.0,0.18181818181818182,5242.046661371873,7730.0
0-17,M,0,A,1,3,0.1,P00044437,0.1,9.0,0.1,8040.716815060707,7570.3
55+,F,1,C,2,9,0.2222222222222222,P00000404,0.05555555555555555,14.0,0.1111111111111111,7624.7834472624245,10888.833333333334
18-25,M,0,A,5+,16,0.25,P00023970,0.08333333333333333,18.0,0.16666666666666666,6813.372937677695,3739.3333333333335
46-50,F,1,B,1,5,0.15789473684210525,P00088465,0.10526315789473684,16.0,0.10526315789473684,11158.176723872479,9751.631578947368
55+,F,1,C,2,4,0.14285714285714285,P00008627,0.07142857142857142,4.0,0.14285714285714285,7030.046615214434,5579.785714285715
26-35,M,0,A,2,3,0.22916666666666666,P00006011,0.041666666666666664,21.0,0.0625,9000.51013999439,13164.166666666666
36-45,M,0,B,5+,16,0.23529411764705882,P00000221,0.058823529411764705,20.0,0.17647058823529413,6005.551463633706,3154.4117647058824
55+,F,1,C,2,14,0.2,P00002733,0.1,18.0,0.2,4900.461752619735,3735.5
36-45,M,0,B,1,5,0.3333333333333333,P00007652,0.06666666666666667,42.0,0.2,8854.918836443392,6439.2
36-45,M,0,A,1,3,0.18604651162790697,P00042099,0.046511627906976744,6.0,0.06976744186046512,9172.457692138145,9502.93023255814
46-50,M,1,B,4,1,0.1,P00023511,0.04,7.0,0.08,6051.39109731416,6283.46
46-50,F,1,C,2,8,0.17647058823529413,P00001455,0.058823529411764705,18.0,0.11764705882352941,5108.696642951692,4003.529411764706
36-45,F,1,B,1,17,0.3076923076923077,P00001282,0.07692307692307693,4.0,0.15384615384615385,1861.317564770471,984.9230769230769
55+,F,1,C,2,13,0.1875,P00010104,0.0625,24.0,0.25,8161.34926753332,6175.0
55+,F,1,C,4,11,0.15,P00028841,0.05,20.0,0.1,7159.47741897553,6926.4
51-55,F,1,B,5+,3,0.14893617021276595,P00000247,0.02127659574468085,36.0,0.10638297872340426,8267.097113866617,8647.489361702128
51-55,F,1,C,3,12,0.2857142857142857,P00008806,0.07142857142857142,40.0,0.21428571428571427,3603.3346346143026,6836.214285714285
46-50,F,1,C,1,16,0.2,P00004002,0.05,40.0,0.2,7090.538075306304,4662.25
51-55,F,1,C,4,12,0.1951219512195122,P00004189,0.024390243902439025,36.0,0.12195121951219512,6658.6767978916405,6841.585365853659
36-45,M,0,B,2,5,0.1875,P00005311,0.0625,20.0,0.1875,5469.8365602487,3169.4375
26-35,M,0,A,2,17,0.21052631578947367,P00001976,0.05263157894736842,4.0,0.15789473684210525,5516.9689995069275,2913.9473684210525
51-55,F,1,B,1,3,0.14,P00000105,0.02,7.0,0.12,6810.660129382407,6992.1
0-17,M,0,A,4,17,0.1875,P00006011,0.0625,6.0,0.125,7819.231575363827,5610.1875
18-25,M,0,A,5+,5,0.2857142857142857,P00001802,0.07142857142857142,18.0,0.14285714285714285,6047.960019799973,3882.3571428571427
26-35,M,0,A,1,9,0.2,P00010273,0.05,21.0,0.1,7223.883641854472,7894.65
51-55,F,1,B,2,18,0.2127659574468085,P00001039,0.02127659574468085,10.0,0.06382978723404255,9885.167520082427,11698.27659574468
26-35,M,0,B,1,16,0.3333333333333333,P00009923,0.05555555555555555,16.0,0.1111111111111111,6848.286596693914,3328.6111111111113
46-50,M,1,A,4,7,0.14,P00066111,0.04,10.0,0.14,6531.533914317338,7298.54
46-50,F,1,C,2,10,0.23076923076923078,P00011660,0.07692307692307693,18.0,0.15384615384615385,7665.20297789352,4376.2307692307695
26-35,M,0,A,1,11,0.2127659574468085,P00021729,0.0425531914893617,10.0,0.10638297872340426,5160.343106238001,6226.936170212766
55+,F,1,C,2,17,0.15789473684210525,P00002675,0.05263157894736842,36.0,0.21052631578947367,8277.550424445615,5726.8421052631575
0-17,M,0,A,2,17,0.2,P00004622,0.06666666666666667,12.0,0.06666666666666667,8465.609871429117,5123.733333333334
26-35,M,0,A,5+,16,0.23076923076923078,P00018831,0.07692307692307693,21.0,0.15384615384615385,6563.082678405762,6836.923076923077
46-50,F,1,B,2,11,0.2222222222222222,P00001790,0.05555555555555555,35.0,0.1111111111111111,7745.254850931786,8642.0
46-50,M,1,A,5+,3,0.14893617021276595,P00000148,0.02127659574468085,27.0,0.10638297872340426,6695.013000977388,8295.702127659575
51-55,F,1,C,4,5,0.3,P00003676,0.05,16.0,0.15,5825.284963438541,2938.2
26-35,M,0,B,2,3,0.125,P00000148,0.0625,45.0,0.1875,7794.9954190707085,6095.125
55+,F,1,C,5+,5,0.21428571428571427,P00002352,0.07142857142857142,21.0,0.14285714285714285,5954.978628134483,3558.0
26-35,M,0,A,4,12,0.13953488372093023,P00001455,0.023255813953488372,45.0,0.11627906976744186,6957.861286420068,8630.558139534884
36-45,M,0,B,3,17,0.26666666666666666,P00004907,0.06666666666666667,30.0,0.2,9432.18127678297,5321.066666666667
26-35,M,0,B,1,17,0.16666666666666666,P00004270,0.05555555555555555,12.0,0.16666666666666666,6669.751754794795,4198.666666666667
26-35,M,0,A,2,3,0.11764705882352941,P00002733,0.058823529411764705,9.0,0.11764705882352941,5745.823788400837,7832.411764705882
55+,F,1,C,5+,3,0.20454545454545456,P00094632,0.045454545454545456,21.0,0.11363636363636363,5307.053224292714,6260.568181818182
18-25,M,0,A,1,1,0.13333333333333333,P00002469,0.06666666666666667,30.0,0.13333333333333333,3562.4678885770827,4114.2
26-35,M,0,A,4,9,0.23529411764705882,P00001576,0.058823529411764705,28.0,0.11764705882352941,6417.464119150822,9543.70588235294
51-55,F,1,B,3,11,0.21052631578947367,P00003453,0.05263157894736842,36.0,0.15789473684210525,6697.452504693973,8120.0526315789475
51-55,F,1,B,5+,18,0.1282051282051282,P00034406,0.05128205128205128,20.0,0.07692307692307693,10616.477018710064,12348.358974358975
51-55,F,1,C,1,5,0.23529411764705882,P00003088,0.058823529411764705,6.0,0.17647058823529413,2640.7159067192365,1384.0
55+,F,1,C,5+,3,0.13636363636363635,P00001069,0.022727272727272728,7.0,0.06818181818181818,8024.99588702614,7877.386363636364
26-35,M,0,A,5+,1,0.21428571428571427,P00092099,0.14285714285714285,40.0,0.14285714285714285,5676.8380535042825,7869.142857142857
55+,F,1,C,3,3,0.2,P00030464,0.06666666666666667,40.0,0.16666666666666666,8938.842193342001,10830.366666666667
46-50,M,1,B,4,11,0.18,P00090602,0.04,7.0,0.08,7507.1089438135705,8508.14
18-25,M,0,A,2,17,0.2,P00008564,0.05,28.0,0.1,6493.3413902648235,4995.9
36-45,M,0,B,2,4,0.17647058823529413,P00010042,0.058823529411764705,30.0,0.17647058823529413,6010.560475970117,3062.8823529411766
46-50,F,1,B,1,11,0.1875,P00043032,0.125,10.0,0.1875,6059.687361297336,9548.625
55+,F,1,C,1,14,0.15789473684210525,P00000953,0.05263157894736842,42.0,0.15789473684210525,8449.4978303326,7212.8421052631575
26-35,M,0,A,2,10,0.2,P00003676,0.05,20.0,0.15,6998.5565314344785,4976.05
46-50,F,1,B,3,3,0.2,P00011935,0.1,10.0,0.2,5252.061690422152,5316.0
46-50,F,1,B,3,3,0.16666666666666666,P00031612,0.08333333333333333,18.0,0.16666666666666666,5189.041643870107,4439.5
51-55,F,1,B,1,12,0.13953488372093023,P00000337,0.023255813953488372,20.0,0.09302325581395349,7107.946805484004,6656.860465116279
51-55,F,1,B,5+,3,0.10416666666666667,P00000953,0.020833333333333332,14.0,0.08333333333333333,7030.622225497509,6671.375
36-45,M,1,A,2,19,0.13043478260869565,P00020406,0.043478260869565216,20.0,0.13043478260869565,9334.335015735738,9993.239130434782
36-45,M,1,A,3,18,0.16666666666666666,P00080803,0.05555555555555555,7.0,0.08333333333333333,9405.09257437372,12083.805555555555
36-45,M,0,B,2,10,0.17647058823529413,P00015001,0.058823529411764705,10.0,0.17647058823529413,4608.971210329596,3858.3529411764707
46-50,F,1,B,2,3,0.12244897959183673,P00053332,0.04081632653061224,20.0,0.10204081632653061,9277.022059595294,10665.551020408164
51-55,F,1,C,1,5,0.23076923076923078,P00018480,0.07692307692307693,21.0,0.15384615384615385,7306.449341120417,4871.846153846154
46-50,M,1,A,4,8,0.13953488372093023,P00000947,0.023255813953488372,18.0,0.11627906976744186,5747.882951210774,4643.232558139535
0-17,M,0,A,2,3,0.16666666666666666,P00023131,0.08333333333333333,36.0,0.16666666666666666,7173.789341425599,7243.666666666667
36-45,M,1,B,2,3,0.2,P00009955,0.1,6.0,0.1,7737.75107221443,7629.9
46-50,F,1,B,2,17,0.2857142857142857,P00006098,0.07142857142857142,28.0,0.14285714285714285,3416.032944355642,2157.0
46-50,F,1,C,2,4,0.2631578947368421,P00006470,0.05263157894736842,40.0,0.15789473684210525,2647.609745142418,910.8421052631579
46-50,F,1,C,2,5,0.2,P00028828,0.1,7.0,0.1,2528.0593369442718,3781.3
46-50,M,1,A,1,14,0.13636363636363635,P00069827,0.06818181818181818,28.0,0.13636363636363635,6582.981267630865,7238.045454545455
26-35,M,0,A,3,3,0.2,P00009929,0.06666666666666667,28.0,0.13333333333333333,4644.142791373523,7508.533333333334
46-50,F,1,B,5+,1,0.15,P00001409,0.05,40.0,0.15,4782.797415298862,6715.2
55+,F,1,C,1,5,0.2222222222222222,P00090469,0.1111111111111111,18.0,0.16666666666666666,4970.163998622441,2630.9444444444443
0-17,M,0,A,5+,1,0.18181818181818182,P00003088,0.09090909090909091,36.0,0.18181818181818182,9353.456610453506,8117.818181818182
51-55,F,1,B,2,3,0.16666666666666666,P00028620,0.041666666666666664,42.0,0.125,9247.927357570681,11311.8125
51-55,F,1,C,1,3,0.1388888888888889,P00005627,0.05555555555555555,14.0,0.1111111111111111,10739.135392025466,13303.944444444445
51-55,F,1,C,1,10,0.2857142857142857,P00005776,0.07142857142857142,45.0,0.14285714285714285,11397.806076725352,8579.857142857143
46-50,F,1,B,4,9,0.21052631578947367,P00002815,0.05263157894736842,40.0,0.21052631578947367,5257.980493625383,7613.263157894737
51-55,F,1,C,2,15,0.2,P00006705,0.06666666666666667,40.0,0.2,7612.84743862699,5154.466666666666
0-17,M,0,A,2,4,0.23076923076923078,P00022305,0.07692307692307693,20.0,0.15384615384615385,2176.378546329447,1571.923076923077
51-55,F,1,C,2,17,0.2,P00000105,0.05,36.0,0.2,7649.990588229505,4401.0
26-35,M,0,B,2,4,0.2222222222222222,P00004568,0.05555555555555555,20.0,0.1111111111111111,3615.6267050939086,2935.0
36-45,M,0,A,3,3,0.18604651162790697,P00007801,0.023255813953488372,18.0,0.09302325581395349,5390.717166398764,6300.162790697675
51-55,F,1,C,5+,20,0.2727272727272727,P00033397,0.045454545454545456,42.0,0.11363636363636363,9892.602860373278,14879.636363636364
36-45,M,1,A,5+,3,0.12195121951219512,P00023902,0.04878048780487805,27.0,0.14634146341463414,6706.346369343725,7587.780487804878
0-17,M,0,A,1,17,0.23529411764705882,P00030886,0.11764705882352941,4.0,0.11764705882352941,9296.733283002914,6877.882352941177
55+,F,1,C,2,4,0.15,P00000370,0.05,28.0,0.15,5389.115086767127,2587.45
18-25,M,0,A,1,10,0.21052631578947367,P00002002,0.05263157894736842,36.0,0.10526315789473684,4550.17618577978,2894.1052631578946
55+,F,1,C,2,16,0.2,P00016652,0.1,42.0,0.3,10976.14904184928,8253.3
46-50,F,1,C,2,17,0.25,P00052553,0.16666666666666666,40.0,0.25,5342.694936248764,4166.5
0-17,M,0,A,2,10,0.3125,P00006613,0.0625,6.0,0.125,7199.464478927119,5358.375
51-55,F,1,B,3,13,0.2,P00000070,0.03333333333333333,35.0,0.1,10082.82053450494,11959.0
0-17,M,0,A,2,17,0.2,P00008270,0.06666666666666667,42.0,0.2,8306.564337633105,6190.666666666667
55+,F,1,C,4,20,0.16129032258064516,P00000809,0.03225806451612903,7.0,0.0967741935483871,10181.245840385429,13025.935483870968
26-35,M,0,A,3,17,0.17647058823529413,P00001794,0.058823529411764705,24.0,0.11764705882352941,6767.732402189604,4842.35294117647
46-50,F,1,B,1,12,0.17647058823529413,P00001576,0.058823529411764705,20.0,0.11764705882352941,4795.076896273559,6770.235294117647
51-55,F,1,C,1,16,0.26666666666666666,P00026161,0.06666666666666667,6.0,0.2,4619.762900533192,2090.4
51-55,F,1,C,3,1,0.16666666666666666,P00001455,0.08333333333333333,12.0,0.08333333333333333,8523.541970313572,6211.416666666667
55+,F,1,C,2,10,0.2777777777777778,P00008131,0.05555555555555555,8.0,0.1111111111111111,8556.141619431313,5525.0
36-45,M,0,A,4,6,0.16666666666666666,P00026645,0.047619047619047616,21.0,0.11904761904761904,6205.507739443834,7074.523809523809
36-45,M,0,B,2,10,0.18181818181818182,P00013633,0.09090909090909091,8.0,0.09090909090909091,6900.297926374431,4559.545454545455
46-50,F,1,B,1,3,0.17647058823529413,P00000247,0.058823529411764705,28.0,0.11764705882352941,4351.238804335259,3301.5882352941176
46-50,M,1,B,5+,3,0.12195121951219512,P00004911,0.024390243902439025,42.0,0.0975609756097561,6475.7684476674185,6331.634146341464
46-50,F,1,C,1,10,0.2777777777777778,P00005758,0.05555555555555555,4.0,0.16666666666666666,4587.205632663514,2326.1111111111113
46-50,F,1,B,2,11,0.1875,P00003453,0.0625,6.0,0.125,9008.583334566723,7324.6875
0-17,M,0,A,2,4,0.17647058823529413,P00001383,0.058823529411764705,18.0,0.23529411764705882,6220.727520934017,4048.470588235294
18-25,M,0,A,3,4,0.23529411764705882,P00008655,0.058823529411764705,32.0,0.23529411764705882,7135.633376500192,3036.9411764705883
0-17,M,0,A,1,16,0.2857142857142857,P00003982,0.07142857142857142,6.0,0.14285714285714285,7966.033901219892,6945.5
46-50,F,1,B,4,20,0.2,P00007232,0.03333333333333333,9.0,0.06666666666666667,10460.323144444768,13721.3
55+,F,1,C,4,12,0.16666666666666666,P00000526,0.020833333333333332,18.0,0.08333333333333333,5159.792509160485,5809.833333333333
46-50,F,1,B,1,15,0.1875,P00004424,0.0625,12.0,0.125,7142.293987228473,4860.25
46-50,M,1,B,2,3,0.15217391304347827,P00077940,0.043478260869565216,11.0,0.08695652173913043,10339.908336617971,12245.652173913044
51-55,F,1,C,3,3,0.17073170731707318,P00099241,0.04878048780487805,28.0,0.0975609756097561,10190.091443676441,14645.658536585366
46-50,F,1,B,2,4,0.14285714285714285,P00006347,0.07142857142857142,42.0,0.21428571428571427,5664.213689937441,4259.571428571428
46-50,M,1,B,4,17,0.15,P00012904,0.05,40.0,0.1,5543.380316439809,6825.275
51-55,F,1,C,1,10,0.375,P00037985,0.125,30.0,0.1875,6740.115784119241,3152.375
18-25,M,0,A,2,17,0.23529411764705882,P00002733,0.058823529411764705,9.0,0.11764705882352941,6718.994798002766,4381.705882352941
51-55,F,1,C,3,1,0.2,P00014175,0.1,35.0,0.2,5870.521847899612,7480.9
26-35,M,0,A,5+,16,0.15,P00001383,0.025,40.0,0.125,7616.0903118635315,5821.95
51-55,F,1,B,5+,12,0.14634146341463414,P00000070,0.024390243902439025,40.0,0.0975609756097561,5567.485266060869,6683.634146341464
36-45,M,1,B,2,3,0.15789473684210525,P00004358,0.05263157894736842,30.0,0.21052631578947367,6769.139008627954,7079.8421052631575
46-50,F,1,B,1,4,0.1875,P00011738,0.0625,28.0,0.125,7055.065611554107,5142.375
18-25,M,0,A,2,17,0.3,P00009387,0.1,4.0,0.1,10898.915886963763,8419.2
51-55,F,1,B,5+,3,0.1951219512195122,P00001575,0.024390243902439025,42.0,0.12195121951219512,9815.76076254719,11685.951219512195
36-45,M,0,B,5+,10,0.2777777777777778,P00001156,0.05555555555555555,21.0,0.16666666666666666,7212.139635201683,4626.666666666667
51-55,F,1,C,4,3,0.1388888888888889,P00020682,0.05555555555555555,13.0,0.1111111111111111,10508.069751726187,13430.75
46-50,M,1,B,3,10,0.14583333333333334,P00061054,0.041666666666666664,10.0,0.08333333333333333,6493.671887973127,6584.416666666667
46-50,F,1,B,5+,3,0.18181818181818182,P00000105,0.022727272727272728,35.0,0.09090909090909091,9087.689437495532,9067.613636363636
26-35,M,0,A,1,12,0.21052631578947367,P00003246,0.05263157894736842,9.0,0.15789473684210525,4236.4036973062075,7687.789473684211
55+,F,1,C,5+,3,0.15555555555555556,P00004189,0.022222222222222223,30.0,0.08888888888888889,7167.049162097272,7537.888888888889
18-25,M,0,A,3,1,0.17647058823529413,P00002538,0.058823529411764705,20.0,0.17647058823529413,3250.3037346757396,3046.6470588235293
46-50,F,1,B,1,12,0.16666666666666666,P00008655,0.05555555555555555,26.0,0.1111111111111111,6535.796166452237,7691.0
46-50,F,1,B,4,9,0.2,P00003676,0.05,9.0,0.1,4650.1501783898275,9320.95
36-45,M,1,A,1,3,0.14705882352941177,P00085274,0.058823529411764705,40.0,0.11764705882352941,9647.850481878197,13580.441176470587
46-50,F,1,B,2,10,0.17647058823529413,P00018050,0.058823529411764705,44.0,0.11764705882352941,8508.593732740066,6021.058823529412
51-55,F,1,C,2,4,0.26666666666666666,P00004405,0.06666666666666667,18.0,0.13333333333333333,4909.758574221634,2260.6
46-50,F,1,B,3,16,0.1875,P00002675,0.0625,18.0,0.125,8738.614245357592,5637.4375
46-50,F,1,C,2,10,0.21052631578947367,P00000205,0.05263157894736842,8.0,0.15789473684210525,4634.353477244348,3115.4736842105262
26-35,M,0,A,4,3,0.12195121951219512,P00023359,0.04878048780487805,28.0,0.12195121951219512,8821.878161153889,10737.09756097561
51-55,F,1,B,1,3,0.23809523809523808,P00008270,0.047619047619047616,40.0,0.09523809523809523,10085.685091408823,12443.42857142857
36-45,M,1,A,1,3,0.16666666666666666,P00005627,0.047619047619047616,14.0,0.09523809523809523,9573.750394255027,9655.785714285714
26-35,M,0,A,1,10,0.3,P00012374,0.1,20.0,0.2,1889.3910718065285,1240.2
18-25,M,0,A,4,5,0.2,P00003982,0.05,4.0,0.1,10953.981787940234,9694.2
51-55,F,1,C,4,7,0.2,P00003982,0.06666666666666667,18.0,0.2,3165.454406558401,8145.2
46-50,M,1,B,4,12,0.10869565217391304,P00049531,0.043478260869565216,21.0,0.13043478260869565,7749.021357315728,8691.782608695652
36-45,M,1,A,2,3,0.13513513513513514,P00089394,0.05405405405405406,30.0,0.10810810810810811,9423.740217938692,11555.162162162162
46-50,F,1,C,2,5,0.2222222222222222,P00005627,0.05555555555555555,20.0,0.16666666666666666,8366.412752962955,5625.666666666667
55+,F,1,C,2,4,0.2222222222222222,P00001229,0.05555555555555555,18.0,0.16666666666666666,7031.637356388958,4679.166666666667
51-55,F,1,B,5+,3,0.18181818181818182,P00000148,0.022727272727272728,9.0,0.09090909090909091,6749.573251367925,7936.25
51-55,F,1,C,1,5,0.2,P00003708,0.05,6.0,0.1,4739.479125278153,2935.8
18-25,M,0,A,1,10,0.1875,P00012283,0.0625,4.0,0.125,8061.197834637645,4894.4375
46-50,F,1,B,5+,3,0.16279069767441862,P00050604,0.046511627906976744,7.0,0.06976744186046512,8793.137734893398,12812.67441860465
55+,F,1,C,4,10,0.17073170731707318,P00039784,0.04878048780487805,7.0,0.07317073170731707,8539.881391904975,8539.365853658537
36-45,M,1,A,5+,19,0.14285714285714285,P00048043,0.061224489795918366,7.0,0.12244897959183673,9400.067225479688,12605.897959183674
26-35,M,0,A,2,8,0.21052631578947367,P00007816,0.05263157894736842,42.0,0.15789473684210525,5721.1860740206,6497.736842105263
18-25,M,0,A,2,15,0.2,P00014343,0.06666666666666667,4.0,0.13333333333333333,7816.89330872566,5155.0
55+,F,1,C,4,2,0.16666666666666666,P00021132,0.05555555555555555,18.0,0.16666666666666666,4156.604142806962,3022.6666666666665
51-55,F,1,B,1,12,0.15789473684210525,P00003003,0.05263157894736842,7.0,0.15789473684210525,4300.6067047847755,5561.1578947368425
26-35,M,0,B,2,10,0.2,P00005394,0.06666666666666667,18.0,0.2,9052.183631325543,6742.933333333333
18-25,M,0,A,3,17,0.26666666666666666,P00001282,0.06666666666666667,12.0,0.13333333333333333,8535.91551035974,5393.2
46-50,M,1,B,5+,16,0.15,P00000573,0.025,27.0,0.1,6260.790236637823,6909.65
55+,F,1,C,2,5,0.2777777777777778,P00052675,0.1111111111111111,36.0,0.16666666666666666,3570.259905223942,2596.4444444444443
55+,F,1,C,1,5,0.23076923076923078,P00028619,0.07692307692307693,28.0,0.15384615384615385,7099.591042754433,3941.153846153846
26-35,M,0,A,5+,1,0.16666666666666666,P00000148,0.08333333333333333,27.0,0.25,6763.703214529924,7706.583333333333
18-25,M,0,A,3,4,0.17647058823529413,P00000285,0.058823529411764705,15.0,0.11764705882352941,5216.151260324823,4135.705882352941
55+,F,1,C,4,17,0.2,P00003936,0.05,12.0,0.15,3520.336162177817,2023.8
51-55,F,1,B,2,3,0.16666666666666666,P00001575,0.05555555555555555,21.0,0.08333333333333333,9688.64902846756,12338.055555555555
51-55,F,1,B,4,3,0.1590909090909091,P00023609,0.022727272727272728,27.0,0.11363636363636363,7368.3906144664525,6764.590909090909
36-45,M,1,A,5+,3,0.17391304347826086,P00006603,0.043478260869565216,42.0,0.08695652173913043,9037.800488827213,8920.54347826087
46-50,M,1,A,4,3,0.10869565217391304,P00006469,0.043478260869565216,9.0,0.06521739130434782,6307.166108429654,6351.239130434783
0-17,M,0,A,2,10,0.2,P00007153,0.1,36.0,0.2,8854.75515754106,3553.3
0-17,M,0,A,2,5,0.2,P00015036,0.05,4.0,0.1,10055.999075048108,6467.65
46-50,M,1,B,1,8,0.14634146341463414,P00000947,0.024390243902439025,9.0,0.07317073170731707,6405.470061671947,7407.195121951219
36-45,M,1,A,2,3,0.23333333333333334,P00007687,0.03333333333333333,14.0,0.13333333333333333,8227.492478787552,11011.166666666666
18-25,M,0,A,1,3,0.25,P00003072,0.0625,7.0,0.125,3960.3684487683718,6656.375
0-17,M,0,A,3,10,0.21052631578947367,P00007851,0.05263157894736842,40.0,0.21052631578947367,8535.795735044821,4577.0526315789475
36-45,F,1,B,1,10,0.2,P00019169,0.05,4.0,0.1,7559.505403446501,5233.45
0-17,M,0,A,3,3,0.14285714285714285,P00001575,0.07142857142857142,28.0,0.14285714285714285,9358.59526535149,7550.571428571428
36-45,M,1,A,1,13,0.16666666666666666,P00001803,0.03333333333333333,10.0,0.13333333333333333,8889.938176478461,9955.333333333334
26-35,M,0,A,5+,18,0.16666666666666666,P00010104,0.06666666666666667,28.0,0.16666666666666666,9669.381902115847,11648.9
51-55,F,1,C,3,5,0.2,P00005254,0.1,30.0,0.2,6778.739194471688,4352.2
51-55,F,1,C,4,16,0.35294117647058826,P00006098,0.058823529411764705,20.0,0.11764705882352941,6364.320218655582,2554.294117647059
26-35,M,0,A,3,3,0.125,P00008627,0.025,40.0,0.1,7055.0673325395455,7549.4
36-45,M,0,B,1,4,0.13333333333333333,P00011129,0.06666666666666667,20.0,0.2,2919.825793890222,2072.6666666666665
55+,F,1,C,3,10,0.2,P00001229,0.05,42.0,0.15,6149.430712846943,3892.75
46-50,F,1,B,1,10,0.2777777777777778,P00010731,0.05555555555555555,24.0,0.2222222222222222,2659.535625222957,1631.7222222222222
51-55,F,1,C,1,3,0.14285714285714285,P00010292,0.04081632653061224,40.0,0.10204081632653061,9018.534076855738,9442.020408163266
46-50,F,1,B,4,7,0.25,P00002379,0.08333333333333333,40.0,0.16666666666666666,5887.626462001526,8702.916666666666
55+,F,1,C,2,16,0.1875,P00004323,0.0625,9.0,0.0625,9439.467986200281,6847.5625
36-45,F,1,B,1,12,0.3076923076923077,P00010945,0.07692307692307693,7.0,0.15384615384615385,3822.2363906018454,6702.7692307692305
26-35,M,0,A,3,3,0.25,P00002815,0.0625,9.0,0.125,8373.77752172419,9219.875
46-50,F,1,B,2,3,0.23076923076923078,P00012393,0.07692307692307693,5.0,0.07692307692307693,4212.108826850366,2900.5384615384614
26-35,M,0,B,3,3,0.15,P00003072,0.05,9.0,0.15,8843.99547775361,5663.3
46-50,M,1,B,1,3,0.1951219512195122,P00000404,0.024390243902439025,35.0,0.0975609756097561,9327.01210450383,10221.951219512195
46-50,M,1,B,1,20,0.21875,P00009821,0.03125,8.0,0.09375,10083.835890079952,11485.5
36-45,F,1,B,1,5,0.15,P00003913,0.05,30.0,0.15,4137.115133634471,3034.45
55+,F,1,C,4,3,0.2127659574468085,P00000925,0.02127659574468085,7.0,0.06382978723404255,10194.272871578605,13275.574468085106
46-50,F,1,B,5+,5,0.25,P00012967,0.08333333333333333,4.0,0.16666666666666666,3349.9723868151873,1763.0833333333333
26-35,M,0,A,5+,3,0.15,P00001409,0.05,21.0,0.15,6063.080799959877,7121.95
36-45,M,1,A,4,3,0.125,P00092156,0.05,14.0,0.075,8740.653695409566,10283.55
51-55,F,1,B,1,3,0.19148936170212766,P00000247,0.02127659574468085,10.0,0.10638297872340426,6981.2796682743265,6960.617021276596
26-35,M,0,A,2,9,0.14285714285714285,P00004622,0.07142857142857142,7.0,0.14285714285714285,7595.170147266885,9193.214285714286
36-45,M,0,B,1,10,0.25,P00004622,0.0625,7.0,0.1875,7306.507226438635,5471.125
51-55,F,1,C,3,3,0.15217391304347827,P00024091,0.043478260869565216,7.0,0.08695652173913043,9168.29205784649,11344.826086956522
18-25,M,0,A,2,10,0.2,P00000148,0.05,8.0,0.1,6275.4220933734805,2329.15
26-35,M,0,A,5+,8,0.13043478260869565,P00004150,0.021739130434782608,21.0,0.08695652173913043,6820.674055969673,6220.0
36-45,F,1,B,2,5,0.2222222222222222,P00004270,0.05555555555555555,40.0,0.2222222222222222,7458.934362243808,6522.055555555556
26-35,M,0,A,1,3,0.19444444444444445,P00001575,0.027777777777777776,28.0,0.08333333333333333,9890.871613051755,12941.861111111111
18-25,M,0,A,4,10,0.18181818181818182,P00068125,0.18181818181818182,21.0,0.18181818181818182,4589.193490245218,3445.909090909091
26-35,M,0,A,1,11,0.25,P00012789,0.0625,30.0,0.25,3827.9839031140136,7090.6875
26-35,M,0,A,2,5,0.16666666666666666,P00012963,0.05555555555555555,18.0,0.1111111111111111,8064.040470253255,6073.666666666667
36-45,M,1,A,5+,3,0.2222222222222222,P00026653,0.05555555555555555,44.0,0.1388888888888889,8390.596822473452,13454.861111111111
18-25,M,0,A,2,10,0.2,P00011660,0.06666666666666667,4.0,0.26666666666666666,8918.601459870264,4949.0
18-25,M,0,A,2,17,0.25,P00007232,0.0625,18.0,0.125,7195.350034339307,3161.625
55+,F,1,C,5+,14,0.25,P00002469,0.08333333333333333,9.0,0.08333333333333333,2891.6416853344117,6314.0
51-55,F,1,C,2,3,0.13333333333333333,P00012325,0.06666666666666667,30.0,0.2,6741.723198538657,5330.4
46-50,F,1,B,3,5,0.15,P00003693,0.05,27.0,0.1,8958.41629492389,5804.75
55+,F,1,C,5+,18,0.24390243902439024,P00004622,0.04878048780487805,30.0,0.14634146341463414,9144.649272902174,10477.975609756097
0-17,M,0,A,2,16,0.2,P00002084,0.06666666666666667,6.0,0.13333333333333333,2321.4857824452074,1256.3333333333333
26-35,M,0,A,4,3,0.14634146341463414,P00003018,0.024390243902439025,21.0,0.12195121951219512,6880.536974755357,7676.804878048781
55+,F,1,C,3,3,0.15,P00020682,0.05,27.0,0.125,9367.89092085984,11413.05
46-50,F,1,B,1,3,0.16326530612244897,P00078255,0.04081632653061224,30.0,0.08163265306122448,10280.764954069144,13881.795918367347
46-50,M,1,A,4,3,0.1875,P00045029,0.041666666666666664,7.0,0.10416666666666667,8034.004719192923,8705.791666666666
51-55,F,1,B,1,12,0.10869565217391304,P00002627,0.021739130434782608,36.0,0.10869565217391304,5905.997917658086,6401.413043478261
46-50,F,1,B,2,4,0.125,P00001575,0.0625,40.0,0.125,7697.81190961648,7581.9375
26-35,M,0,B,1,4,0.2,P00003525,0.06666666666666667,16.0,0.13333333333333333,3493.047057063094,2058.2
0-17,M,0,A,2,16,0.2,P00000573,0.05,28.0,0.15,8351.22942903114,4137.65
18-25,M,0,A,2,12,0.1875,P00001282,0.0625,36.0,0.1875,3846.739346511536,6559.5
18-25,M,0,A,2,1,0.15,P00009397,0.05,14.0,0.1,5520.541787628038,7469.95
18-25,M,0,A,2,8,0.18181818181818182,P00006347,0.09090909090909091,10.0,0.18181818181818182,5314.665259278502,6771.727272727273
0-17,M,0,A,1,1,0.13333333333333333,P00004002,0.06666666666666667,9.0,0.06666666666666667,7527.94442505168,6469.533333333334
26-35,M,0,A,5+,3,0.21875,P00095896,0.0625,20.0,0.15625,8524.17410624328,11656.75
26-35,M,0,A,1,4,0.1875,P00001282,0.0625,20.0,0.1875,8539.361263925619,5083.5625
26-35,M,0,A,2,7,0.09090909090909091,P00026682,0.045454545454545456,28.0,0.09090909090909091,7002.291327305115,7584.068181818182
18-25,M,0,A,2,17,0.2,P00000610,0.06666666666666667,10.0,0.13333333333333333,9865.970457419111,6568.933333333333
55+,F,1,C,5+,12,0.13636363636363635,P00075833,0.045454545454545456,40.0,0.1590909090909091,5084.197988010463,5611.068181818182
46-50,M,1,B,2,3,0.17073170731707318,P00004403,0.024390243902439025,42.0,0.12195121951219512,9868.454204204822,11770.658536585366
18-25,M,0,A,2,4,0.16666666666666666,P00004752,0.05555555555555555,16.0,0.16666666666666666,9765.651085523332,8411.777777777777
26-35,M,0,A,1,4,0.26666666666666666,P00001976,0.06666666666666667,28.0,0.13333333333333333,4546.948987534179,3279.6666666666665
46-50,F,1,C,1,13,0.21428571428571427,P00012783,0.07142857142857142,21.0,0.14285714285714285,10356.645853781974,11543.57142857143
26-35,M,0,A,4,1,0.17647058823529413,P00002052,0.058823529411764705,7.0,0.11764705882352941,6522.377738240412,6707.117647058823
55+,F,1,C,4,13,0.17647058823529413,P00000947,0.058823529411764705,36.0,0.17647058823529413,8092.915373046608,4879.117647058823
46-50,F,1,B,5+,3,0.12121212121212122,P00019169,0.06060606060606061,20.0,0.15151515151515152,9548.240889866001,12435.818181818182
55+,F,1,C,5+,12,0.13953488372093023,P00001110,0.023255813953488372,9.0,0.09302325581395349,6805.053690197257,8308.186046511628
51-55,F,1,C,3,5,0.25,P00017851,0.08333333333333333,14.0,0.08333333333333333,10398.937490523644,6695.25
51-55,F,1,C,3,13,0.17391304347826086,P00002627,0.021739130434782608,20.0,0.08695652173913043,10095.86731284394,13418.847826086956
0-17,M,0,A,1,8,0.25,P00005460,0.08333333333333333,8.0,0.16666666666666666,8198.649350609063,3632.0833333333335
55+,F,1,C,1,10,0.2631578947368421,P00003018,0.05263157894736842,36.0,0.15789473684210525,1372.4643115759723,1076.7894736842106
26-35,M,0,A,4,9,0.2222222222222222,P00004082,0.05555555555555555,36.0,0.16666666666666666,4091.1255674321133,8523.055555555555
26-35,M,0,B,1,17,0.23529411764705882,P00004008,0.058823529411764705,20.0,0.17647058823529413,4883.264083611915,3167.1176470588234
51-55,F,1,C,1,17,0.2,P00000718,0.05,42.0,0.15,4168.031297235764,2901.5
18-25,M,0,A,2,5,0.2727272727272727,P00014071,0.09090909090909091,16.0,0.18181818181818182,3207.9447257763595,1796.8181818181818
46-50,F,1,B,2,6,0.17647058823529413,P00002627,0.058823529411764705,36.0,0.17647058823529413,7070.545453832106,6928.529411764706
18-25,M,0,A,2,10,0.2727272727272727,P00001409,0.09090909090909091,8.0,0.18181818181818182,2185.164424851449,1656.8181818181818
51-55,F,1,B,5+,3,0.2,P00091229,0.04,27.0,0.08,6397.164614267857,7380.8
51-55,F,1,B,4,2,0.1,P00012615,0.04,30.0,0.08,8044.897087049934,8072.96
51-55,F,1,C,1,5,0.2,P00004405,0.05,18.0,0.15,7440.016038996577,5242.65
26-35,M,0,A,4,3,0.2127659574468085,P00002152,0.02127659574468085,14.0,0.10638297872340426,9218.469272199109,12702.872340425532
51-55,F,1,B,3,3,0.2,P00006213,0.022222222222222223,11.0,0.06666666666666667,10151.347979455732,10999.133333333333
55+,F,1,C,4,3,0.14893617021276595,P00004604,0.02127659574468085,7.0,0.10638297872340426,4747.395975928954,6316.276595744681
36-45,F,1,B,2,17,0.15,P00007232,0.05,9.0,0.1,10633.271203360257,9207.8
55+,F,1,C,2,3,0.2222222222222222,P00002733,0.05555555555555555,7.0,0.1111111111111111,5818.60722980777,6403.722222222223
26-35,M,0,B,1,10,0.23529411764705882,P00062898,0.11764705882352941,7.0,0.11764705882352941,7658.221030081871,6304.294117647059
26-35,M,0,A,4,3,0.1951219512195122,P00003382,0.024390243902439025,36.0,0.12195121951219512,8470.907800791612,11128.926829268292
36-45,M,0,A,2,3,0.325,P00008270,0.05,42.0,0.125,9492.84093243902,14402.575
55+,F,1,C,1,10,0.3333333333333333,P00007781,0.05555555555555555,36.0,0.16666666666666666,9388.66993110118,6028.611111111111
46-50,M,1,B,5+,10,0.13636363636363635,P00000947,0.022727272727272728,42.0,0.09090909090909091,6147.462834906276,7123.636363636364
55+,F,1,C,5+,17,0.25,P00001575,0.0625,30.0,0.1875,6254.964732114802,2985.25
26-35,M,0,A,1,20,0.14893617021276595,P00000404,0.02127659574468085,14.0,0.0851063829787234,10402.034032839516,12031.255319148937
36-45,F,1,B,1,16,0.2,P00009145,0.05,42.0,0.15,4910.212680569046,3262.4
55+,F,1,C,4,4,0.2777777777777778,P00001455,0.05555555555555555,40.0,0.2222222222222222,3393.2663424182065,2088.3333333333335
55+,F,1,C,2,15,0.2,P00003088,0.06666666666666667,4.0,0.13333333333333333,11944.874133563177,8248.933333333332
26-35,M,0,A,1,3,0.2,P00033049,0.06666666666666667,35.0,0.13333333333333333,9919.190844826606,11513.133333333333
55+,F,1,C,1,3,0.13157894736842105,P00004649,0.02631578947368421,35.0,0.13157894736842105,8731.03143377584,10722.315789473685
36-45,M,0,B,3,16,0.2222222222222222,P00000070,0.05555555555555555,6.0,0.1111111111111111,7911.973575504226,4406.722222222223
0-17,M,0,A,2,17,0.15,P00001790,0.05,30.0,0.1,3416.805979658719,3273.45
46-50,F,1,C,1,17,0.4166666666666667,P00005989,0.08333333333333333,18.0,0.16666666666666666,7615.996297665894,6863.166666666667
36-45,M,0,A,5+,3,0.11764705882352941,P00001455,0.029411764705882353,36.0,0.11764705882352941,8979.414103823818,10340.558823529413
0-17,M,0,A,1,17,0.3333333333333333,P00003693,0.08333333333333333,6.0,0.08333333333333333,4971.211336436538,2967.1666666666665
55+,F,1,C,4,8,0.16666666666666666,P00003936,0.05555555555555555,9.0,0.1111111111111111,6097.289408744424,5349.388888888889
36-45,F,1,B,2,8,0.2857142857142857,P00016700,0.07142857142857142,6.0,0.14285714285714285,3937.510141623081,3438.5
36-45,M,1,A,2,3,0.14893617021276595,P00077084,0.0425531914893617,35.0,0.06382978723404255,9591.405332608672,11528.531914893618
46-50,F,1,C,5+,5,0.21052631578947367,P00004568,0.05263157894736842,4.0,0.10526315789473684,4612.3875703820895,3444.8947368421054
18-25,M,0,A,3,3,0.2,P00005057,0.05,16.0,0.15,7480.367464060066,5028.85
46-50,M,1,B,2,3,0.11627906976744186,P00032403,0.046511627906976744,14.0,0.06976744186046512,9345.318205326343,10231.302325581395
36-45,M,1,A,3,3,0.21428571428571427,P00030464,0.047619047619047616,24.0,0.09523809523809523,8925.187160187008,12187.904761904761
0-17,M,0,A,1,15,0.17647058823529413,P00006469,0.058823529411764705,20.0,0.11764705882352941,9787.152356909182,8449.411764705883
46-50,F,1,B,1,11,0.25,P00055541,0.16666666666666666,30.0,0.16666666666666666,2280.932589374953,2107.75
0-17,M,0,A,5+,15,0.23529411764705882,P00006542,0.058823529411764705,12.0,0.11764705882352941,4980.874582871377,2363.1176470588234
26-35,M,0,B,2,5,0.21052631578947367,P00012283,0.05263157894736842,20.0,0.15789473684210525,6028.02279416871,3593.842105263158
55+,F,1,C,4,3,0.13333333333333333,P00002733,0.03333333333333333,24.0,0.06666666666666667,9997.748999753343,10906.2
36-45,F,1,B,5+,12,0.2,P00089774,0.1,9.0,0.2,4273.731933814434,7634.3
46-50,F,1,B,1,6,0.16666666666666666,P00007992,0.05555555555555555,9.0,0.16666666666666666,7604.407290203104,8743.666666666666
46-50,F,1,C,1,17,0.3076923076923077,P00018415,0.07692307692307693,16.0,0.15384615384615385,3707.846985681956,3998.4615384615386
55+,F,1,C,5+,10,0.09090909090909091,P00054631,0.06060606060606061,42.0,0.12121212121212122,9798.203797009292,10209.90909090909
55+,F,1,C,1,10,0.2727272727272727,P00027896,0.09090909090909091,36.0,0.18181818181818182,2504.5158523246473,1505.3636363636363
36-45,M,1,A,5+,19,0.16326530612244897,P00001575,0.04081632653061224,40.0,0.10204081632653061,10264.452403872334,13404.877551020409
36-45,M,0,A,4,3,0.1875,P00003018,0.03125,20.0,0.125,10033.353336567556,10965.28125
46-50,F,1,B,2,3,0.1875,P00006603,0.041666666666666664,14.0,0.08333333333333333,9656.510041645333,12191.833333333334
46-50,F,1,B,2,11,0.26666666666666666,P00007992,0.06666666666666667,28.0,0.13333333333333333,3432.4501758253987,2822.266666666667
55+,F,1,C,3,3,0.16216216216216217,P00009771,0.05405405405405406,21.0,0.10810810810810811,9083.742805631326,9906.594594594595
36-45,M,0,A,5+,11,0.15,P00001790,0.05,10.0,0.15,6646.815714864405,8110.1
26-35,M,0,B,1,10,0.16666666666666666,P00001409,0.08333333333333333,18.0,0.16666666666666666,4763.360775627632,4055.6666666666665
46-50,F,1,B,1,17,0.2727272727272727,P00095132,0.18181818181818182,42.0,0.18181818181818182,8972.465082380953,6670.636363636364
36-45,M,0,B,1,17,0.21428571428571427,P00010292,0.07142857142857142,10.0,0.14285714285714285,6057.924698594904,4560.5
18-25,M,0,A,1,10,0.23076923076923078,P00004979,0.07692307692307693,18.0,0.15384615384615385,5815.248688378882,5037.846153846154
26-35,M,0,A,5+,3,0.16666666666666666,P00004622,0.020833333333333332,28.0,0.08333333333333333,8904.413950475258,14372.333333333334
51-55,F,1,B,1,19,0.15,P00034954,0.05,11.0,0.075,10349.285886394933,11492.475
36-45,M,0,A,3,7,0.15789473684210525,P00004358,0.05263157894736842,20.0,0.15789473684210525,4636.326122926283,6314.8421052631575
0-17,M,0,A,1,12,0.21428571428571427,P00000925,0.07142857142857142,4.0,0.14285714285714285,9307.711291961385,7630.571428571428
55+,F,1,C,1,15,0.1875,P00021617,0.0625,6.0,0.125,6823.704121174462,3439.25
55+,F,1,C,1,16,0.2,P00000518,0.06666666666666667,28.0,0.13333333333333333,8974.709209773873,5508.4
18-25,M,0,A,1,4,0.15789473684210525,P00003745,0.05263157894736842,40.0,0.21052631578947367,7714.700021834976,4555.263157894737
26-35,M,0,A,3,12,0.2222222222222222,P00001039,0.05555555555555555,27.0,0.16666666666666666,4827.728750550189,6112.777777777777
46-50,M,1,B,5+,10,0.15555555555555556,P00000809,0.022222222222222223,7.0,0.15555555555555556,6916.166749001936,5861.333333333333
26-35,M,0,B,2,3,0.2,P00002815,0.05,16.0,0.1,10180.570748528271,9830.85
26-35,M,0,A,2,3,0.21212121212121213,P00003018,0.030303030303030304,20.0,0.09090909090909091,10271.320976867994,11323.212121212122
36-45,F,1,B,1,17,0.1875,P00003382,0.0625,28.0,0.1875,5017.290005570736,4285.75
0-17,M,0,A,2,17,0.3333333333333333,P00003088,0.08333333333333333,40.0,0.16666666666666666,4166.417634073084,3820.4166666666665
46-50,F,1,B,1,12,0.5,P00026236,0.1,7.0,0.1,2881.5450639466935,5912.8
51-55,F,1,B,2,3,0.175,P00003072,0.05,18.0,0.125,5000.888226489986,5522.15
55+,F,1,C,2,10,0.26666666666666666,P00004405,0.06666666666666667,18.0,0.13333333333333333,8154.1702903366895,7047.133333333333
0-17,M,0,A,1,16,0.23076923076923078,P00001790,0.07692307692307693,20.0,0.23076923076923078,8551.941725083887,6578.538461538462
26-35,M,0,A,5+,18,0.17647058823529413,P00004855,0.029411764705882353,4.0,0.08823529411764706,9781.53147613995,11357.735294117647
51-55,F,1,C,2,11,0.23076923076923078,P00006705,0.07692307692307693,42.0,0.15384615384615385,5736.3701624830355,4052.846153846154
51-55,F,1,B,4,11,0.20408163265306123,P00054741,0.04081632653061224,36.0,0.08163265306122448,5337.009628097757,5906.0204081632655
51-55,F,1,C,1,17,0.2,P00003453,0.05,21.0,0.15,8857.556074216789,7220.35
51-55,F,1,B,4,3,0.14705882352941177,P00002815,0.029411764705882353,30.0,0.11764705882352941,8917.700467216573,9416.20588235294
18-25,M,0,A,2,17,0.2222222222222222,P00014700,0.05555555555555555,16.0,0.16666666666666666,3418.4843242529864,2669.3888888888887
51-55,F,1,C,3,4,0.16666666666666666,P00005873,0.05555555555555555,18.0,0.1111111111111111,8020.796808167408,4856.444444444444
36-45,M,0,B,2,5,0.25,P00003492,0.05,36.0,0.2,2334.4233566118073,1429.75
36-45,M,1,A,1,20,0.1875,P00000953,0.03125,40.0,0.09375,9806.171205762925,11612.65625
18-25,M,0,A,1,16,0.38461538461538464,P00009330,0.07692307692307693,4.0,0.15384615384615385,3556.5994166136297,1912.923076923077
51-55,F,1,B,5+,9,0.17777777777777778,P00095932,0.044444444444444446,20.0,0.08888888888888889,7592.364518170058,8359.422222222222
26-35,M,0,B,2,10,0.23529411764705882,P00003492,0.058823529411764705,4.0,0.058823529411764705,8590.41029245094,5130.64705882353
51-55,F,1,B,4,3,0.16326530612244897,P00021541,0.04081632653061224,10.0,0.08163265306122448,10048.194216300926,13377.69387755102
18-25,M,0,A,2,16,0.25,P00002743,0.0625,44.0,0.25,7501.45975127508,4670.0
55+,F,1,C,3,5,0.35714285714285715,P00011935,0.07142857142857142,30.0,0.21428571428571427,5976.131015304794,4021.285714285714
46-50,M,1,B,4,3,0.15789473684210525,P00000101,0.02631578947368421,44.0,0.10526315789473684,9966.939736439417,12429.578947368422
18-25,M,0,A,2,10,0.25,P00004082,0.08333333333333333,20.0,0.16666666666666666,4384.520252081074,3399.25
26-35,M,0,A,5+,20,0.1935483870967742,P00001576,0.03225806451612903,40.0,0.0967741935483871,8540.487975784294,11942.258064516129
36-45,M,1,A,4,8,0.21428571428571427,P00001282,0.023809523809523808,10.0,0.09523809523809523,6152.519186834529,5496.5952380952385
26-35,M,0,A,1,11,0.2857142857142857,P00012721,0.07142857142857142,20.0,0.14285714285714285,3967.424791728506,7762.357142857143
18-25,M,0,A,2,4,0.25,P00011310,0.05,12.0,0.15,6753.156321501197,3733.25
51-55,F,1,C,1,15,0.1875,P00010760,0.0625,4.0,0.125,5614.71618605963,4609.875
26-35,M,0,A,4,3,0.13333333333333333,P00004752,0.022222222222222223,10.0,0.1111111111111111,8352.098748097977,9099.844444444445
18-25,M,0,A,1,5,0.25,P00005857,0.08333333333333333,6.0,0.08333333333333333,7607.938957052851,2871.9166666666665
26-35,M,0,B,1,5,0.15789473684210525,P00005612,0.05263157894736842,40.0,0.15789473684210525,6039.156215993224,3496.3684210526317
0-17,M,0,A,2,17,0.3333333333333333,P00012283,0.08333333333333333,18.0,0.16666666666666666,4247.255701323414,2101.5833333333335
36-45,M,1,A,2,3,0.2,P00001621,0.02857142857142857,13.0,0.08571428571428572,9993.263765863365,12422.2
46-50,F,1,B,2,19,0.17142857142857143,P00006603,0.05714285714285714,7.0,0.11428571428571428,9169.252518035251,13070.285714285714
55+,F,1,C,4,12,0.13043478260869565,P00001457,0.021739130434782608,10.0,0.13043478260869565,7597.683079074063,8875.91304347826
26-35,M,0,A,5+,3,0.21052631578947367,P00092387,0.05263157894736842,40.0,0.10526315789473684,9674.655646354211,12743.447368421053
0-17,M,0,A,4,4,0.15,P00014700,0.05,30.0,0.15,6805.97535838526,3968.5
46-50,F,1,B,2,17,0.3076923076923077,P00005254,0.07692307692307693,6.0,0.15384615384615385,9737.00751560634,6451.2307692307695
36-45,F,1,B,4,11,0.26666666666666666,P00006603,0.06666666666666667,20.0,0.13333333333333333,3374.7858514070404,6152.6
26-35,M,0,A,5+,17,0.125,P00000526,0.025,28.0,0.125,7162.057110261062,6645.725
26-35,M,0,A,2,3,0.18604651162790697,P00056195,0.046511627906976744,21.0,0.06976744186046512,8321.608394028519,13132.697674418605
26-35,M,0,A,3,6,0.2222222222222222,P00012180,0.05555555555555555,28.0,0.1111111111111111,5355.767562451393,6354.777777777777
46-50,F,1,B,3,18,0.16666666666666666,P00099012,0.05555555555555555,7.0,0.1111111111111111,9012.874778901498,12456.361111111111
51-55,F,1,C,2,3,0.17073170731707318,P00063630,0.04878048780487805,14.0,0.0975609756097561,10194.334971072858,12095.560975609756
26-35,M,0,A,1,3,0.16279069767441862,P00041831,0.06976744186046512,12.0,0.11627906976744186,9190.332136222629,11736.813953488372
26-35,M,0,B,2,15,0.23076923076923078,P00013551,0.07692307692307693,18.0,0.15384615384615385,5346.0386664405005,3783.6153846153848
51-55,F,1,C,3,7,0.21428571428571427,P00004008,0.07142857142857142,4.0,0.14285714285714285,4581.52916132201,3936.0714285714284
26-35,M,0,A,2,3,0.2,P00004270,0.03333333333333333,21.0,0.1,8068.51785937953,13829.966666666667
51-55,F,1,C,3,12,0.2,P00050923,0.1,28.0,0.15,5768.100333777692,7470.25
36-45,M,0,A,1,3,0.2,P00005057,0.1,36.0,0.2,7585.935992933825,5808.0
0-17,M,0,A,2,16,0.21428571428571427,P00001110,0.07142857142857142,24.0,0.14285714285714285,8716.567948264,7082.785714285715
26-35,M,0,B,1,5,0.15384615384615385,P00000370,0.07692307692307693,42.0,0.15384615384615385,3499.779656067742,3787.846153846154
51-55,F,1,C,5+,12,0.1875,P00000610,0.0625,20.0,0.1875,4096.204551675449,7140.5625
0-17,M,0,A,3,5,0.23076923076923078,P00019422,0.07692307692307693,40.0,0.15384615384615385,5988.242097901263,3976.3846153846152
46-50,F,1,B,4,11,0.17647058823529413,P00005131,0.058823529411764705,20.0,0.11764705882352941,6270.757953882168,8133.764705882353
46-50,F,1,B,2,3,0.21428571428571427,P00004754,0.023809523809523808,11.0,0.07142857142857142,10184.418872275915,12734.119047619048
46-50,F,1,C,1,3,0.15,P00007851,0.05,24.0,0.15,8792.113582637567,6967.25
51-55,F,1,C,5+,3,0.22857142857142856,P00000809,0.02857142857142857,27.0,0.08571428571428572,9479.255601114495,11042.885714285714
46-50,M,1,A,1,11,0.10810810810810811,P00004819,0.02702702702702703,10.0,0.10810810810810811,10592.887148726057,13332.513513513513
18-25,M,0,A,3,3,0.13333333333333333,P00001398,0.06666666666666667,27.0,0.13333333333333333,7336.294791423438,4517.533333333334
51-55,F,1,C,2,17,0.21052631578947367,P00009923,0.05263157894736842,10.0,0.10526315789473684,6905.295080736723,4445.473684210527
26-35,M,0,A,5+,3,0.16,P00000148,0.02,20.0,0.12,9847.271374179483,12412.44
55+,F,1,C,5+,10,0.15384615384615385,P00000101,0.07692307692307693,6.0,0.15384615384615385,6372.6262186854265,5448.615384615385
26-35,M,0,A,3,3,0.2,P00003982,0.022222222222222223,20.0,0.08888888888888889,10517.11102744648,12050.666666666666
36-45,M,0,A,4,9,0.15555555555555556,P00003936,0.022222222222222223,30.0,0.08888888888888889,7120.531274299891,6943.9111111111115
46-50,F,1,B,1,5,0.25,P00001794,0.0625,16.0,0.1875,6863.124074841329,3289.25
55+,F,1,C,1,9,0.21428571428571427,P00006962,0.07142857142857142,9.0,0.14285714285714285,5533.554649133327,9373.142857142857
36-45,M,0,B,3,16,0.21428571428571427,P00019794,0.07142857142857142,7.0,0.21428571428571427,8690.421601389091,6507.071428571428
46-50,F,1,B,3,8,0.2,P00001708,0.1,13.0,0.1,8659.975148155258,5599.3
55+,F,1,C,3,10,0.25,P00005394,0.0625,12.0,0.125,7476.0451922568445,5733.625
26-35,M,0,A,4,9,0.21428571428571427,P00004754,0.07142857142857142,21.0,0.14285714285714285,5542.412149918159,7330.142857142857
55+,F,1,C,1,3,0.125,P00028267,0.05,35.0,0.075,7078.542766881055,6993.3
26-35,M,0,B,4,16,0.3,P00007781,0.1,36.0,0.2,1094.0176770865166,930.3
51-55,F,1,C,2,3,0.18,P00059760,0.04,30.0,0.08,7700.075146439569,9035.62
46-50,M,1,A,5+,18,0.21875,P00008604,0.0625,7.0,0.0625,9690.679680827929,13334.03125
26-35,M,0,A,3,12,0.18181818181818182,P00000070,0.09090909090909091,18.0,0.18181818181818182,7787.9589810751495,9364.90909090909
26-35,M,0,B,2,5,0.2,P00028452,0.1,8.0,0.2,8152.202281864971,4182.4
55+,F,1,C,3,10,0.2,P00003913,0.06666666666666667,30.0,0.13333333333333333,2616.5377014018245,1217.4
46-50,M,1,A,5+,18,0.175,P00000105,0.025,10.0,0.075,9732.590294258638,10290.4
18-25,M,0,A,4,3,0.2727272727272727,P00002052,0.09090909090909091,28.0,0.18181818181818182,7117.151351744345,4306.181818181818
36-45,M,0,B,2,4,0.17647058823529413,P00001976,0.058823529411764705,4.0,0.11764705882352941,3238.246781915831,2084.294117647059
18-25,M,0,A,1,10,0.25,P00005606,0.08333333333333333,40.0,0.25,7375.321642703681,4390.333333333333
51-55,F,1,C,5+,3,0.1,P00088724,0.05,20.0,0.075,7584.646241771631,7349.45
18-25,M,0,A,2,5,0.2857142857142857,P00000795,0.07142857142857142,6.0,0.14285714285714285,7867.267150515637,4703.428571428572
46-50,F,1,B,2,15,0.23076923076923078,P00000247,0.07692307692307693,16.0,0.15384615384615385,8894.705387087137,4895.615384615385
51-55,F,1,C,1,5,0.25,P00002052,0.08333333333333333,44.0,0.16666666666666666,5808.60311012115,3218.5
26-35,M,0,A,1,13,0.16666666666666666,P00001029,0.06666666666666667,40.0,0.1,9448.090316378055,13279.833333333334
18-25,M,0,A,3,5,0.25,P00002387,0.08333333333333333,40.0,0.25,5606.231783525014,2250.4166666666665
36-45,M,1,A,2,3,0.2,P00086370,0.05,42.0,0.1,9890.683883435526,12190.1
0-17,M,0,A,2,10,0.2777777777777778,P00000772,0.05555555555555555,4.0,0.1111111111111111,6981.5184110284645,3036.5
55+,F,1,C,2,3,0.15217391304347827,P00088465,0.043478260869565216,42.0,0.08695652173913043,6465.499775489895,6789.173913043478
51-55,F,1,C,4,11,0.26666666666666666,P00026784,0.13333333333333333,30.0,0.26666666666666666,5556.891585701317,7166.666666666667
46-50,F,1,C,2,5,0.21052631578947367,P00002538,0.05263157894736842,20.0,0.10526315789473684,8225.287190634808,6349.578947368421
46-50,M,1,A,4,1,0.10869565217391304,P00056316,0.043478260869565216,40.0,0.13043478260869565,8171.402774221249,6649.347826086957
26-35,M,0,A,2,3,0.23404255319148937,P00019926,0.0425531914893617,27.0,0.0851063829787234,9839.312983159623,11579.382978723404
55+,F,1,C,1,9,0.16666666666666666,P00011660,0.05555555555555555,12.0,0.1111111111111111,7020.861515391159,5004.777777777777
46-50,F,1,B,1,10,0.23529411764705882,P00001575,0.058823529411764705,8.0,0.11764705882352941,8752.149824975777,4396.941176470588
51-55,F,1,B,4,3,0.23076923076923078,P00028582,0.05128205128205128,40.0,0.1282051282051282,9726.016280138105,12346.948717948719
18-25,M,0,A,4,17,0.1875,P00003936,0.0625,36.0,0.125,7408.54258272165,4220.5
26-35,M,0,A,2,16,0.2,P00002538,0.06666666666666667,6.0,0.13333333333333333,10380.65163428486,7203.266666666666
0-17,M,0,A,2,17,0.25,P00004002,0.08333333333333333,40.0,0.25,4180.764258826224,4096.166666666667
36-45,M,0,B,2,4,0.2,P00012080,0.05,40.0,0.15,7006.609160191841,4775.15
0-17,M,0,A,2,5,0.3076923076923077,P00006705,0.07692307692307693,36.0,0.23076923076923078,4439.892667332837,2506.6923076923076
51-55,F,1,C,3,4,0.2727272727272727,P00005588,0.09090909090909091,8.0,0.09090909090909091,4078.1962501264525,2242.3636363636365
18-25,M,0,A,1,10,0.2857142857142857,P00004323,0.07142857142857142,12.0,0.14285714285714285,3529.2669638605976,2332.0714285714284
51-55,F,1,C,2,15,0.2222222222222222,P00024414,0.1111111111111111,12.0,0.16666666666666666,7893.492249865886,5660.388888888889
0-17,M,0,A,4,3,0.25,P00005627,0.08333333333333333,24.0,0.16666666666666666,9954.392666358937,5855.416666666667
36-45,M,0,B,3,4,0.2,P00001398,0.06666666666666667,30.0,0.13333333333333333,5611.564277284476,3725.266666666667
46-50,F,1,B,1,3,0.1590909090909091,P00000610,0.022727272727272728,10.0,0.045454545454545456,9474.44890653026,12560.318181818182
26-35,M,0,A,3,5,0.2857142857142857,P00021890,0.07142857142857142,16.0,0.14285714285714285,5021.552343604559,1864.357142857143
0-17,M,0,A,2,17,0.23076923076923078,P00000404,0.07692307692307693,12.0,0.15384615384615385,9840.258316262294,6075.692307692308
51-55,F,1,C,1,17,0.29411764705882354,P00000105,0.058823529411764705,30.0,0.11764705882352941,9552.166214514165,6110.470588235294
51-55,F,1,C,5+,11,0.14583333333333334,P00012963,0.041666666666666664,18.0,0.14583333333333334,5776.113411442332,7463.666666666667
0-17,M,0,A,2,4,0.16666666666666666,P00000105,0.05555555555555555,12.0,0.1111111111111111,5780.734636806681,3830.0
26-35,M,0,A,4,3,0.25,P00000953,0.05,28.0,0.15,9522.71020066186,9268.25
46-50,F,1,C,1,4,0.16666666666666666,P00003936,0.05555555555555555,24.0,0.1111111111111111,5070.041689377528,1990.4444444444443
26-35,M,0,A,5+,7,0.2727272727272727,P00016633,0.09090909090909091,10.0,0.18181818181818182,7102.110405941448,9360.727272727272
51-55,F,1,B,4,11,0.16666666666666666,P00010770,0.047619047619047616,7.0,0.14285714285714285,6642.7490849740325,8414.642857142857
51-55,F,1,C,1,3,0.21428571428571427,P00030336,0.07142857142857142,21.0,0.21428571428571427,1917.212859426842,1979.0714285714287
46-50,F,1,B,1,9,0.21052631578947367,P00003246,0.05263157894736842,10.0,0.10526315789473684,9056.82596667526,9789.578947368422
51-55,F,1,B,3,3,0.17073170731707318,P00002627,0.024390243902439025,36.0,0.14634146341463414,6570.333189568945,6282.317073170731
26-35,M,0,A,1,8,0.2553191489361702,P00000925,0.02127659574468085,10.0,0.1276595744680851,5927.921212216165,6615.404255319149
26-35,M,0,A,4,9,0.2222222222222222,P00004405,0.05555555555555555,7.0,0.16666666666666666,5260.037754281864,8373.0
51-55,F,1,C,3,15,0.2222222222222222,P00001708,0.05555555555555555,12.0,0.1111111111111111,3397.616608395812,1934.1666666666667
18-25,M,0,A,1,4,0.38461538461538464,P00009108,0.07692307692307693,16.0,0.15384615384615385,4050.934930073835,2802.153846153846
36-45,F,1,B,1,3,0.15789473684210525,P00004752,0.05263157894736842,8.0,0.15789473684210525,7614.796020429472,4187.894736842105
55+,F,1,C,1,5,0.26666666666666666,P00001575,0.06666666666666667,40.0,0.13333333333333333,7630.963894055649,5559.666666666667
46-50,F,1,B,1,16,0.17647058823529413,P00004130,0.058823529411764705,9.0,0.11764705882352941,6634.601731807712,4865.470588235294
26-35,M,0,A,1,6,0.2,P00003227,0.05,7.0,0.1,4850.553473573918,8422.5
0-17,M,0,A,2,15,0.2,P00001708,0.05,20.0,0.2,8392.192686783668,4870.25
36-45,M,0,A,4,9,0.13043478260869565,P00016126,0.043478260869565216,30.0,0.08695652173913043,6224.938975973128,7228.891304347826
51-55,F,1,C,1,17,0.2,P00008270,0.1,42.0,0.3,5239.731185852954,4810.3
51-55,F,1,C,1,1,0.15789473684210525,P00008415,0.05263157894736842,20.0,0.15789473684210525,6976.1621442708665,3505.4736842105262
46-50,M,1,B,4,16,0.1956521739130435,P00010535,0.043478260869565216,27.0,0.08695652173913043,6392.792579630874,5413.478260869565
46-50,F,1,B,2,10,0.3,P00017257,0.05,4.0,0.1,8028.989207536453,3522.3
55+,F,1,C,1,16,0.25,P00016536,0.08333333333333333,18.0,0.16666666666666666,8560.542414137228,5877.666666666667
36-45,M,1,A,3,3,0.17647058823529413,P00007161,0.029411764705882353,10.0,0.08823529411764706,9234.53215907388,12919.5
51-55,F,1,C,5+,3,0.19047619047619047,P00003072,0.023809523809523808,36.0,0.14285714285714285,7205.4042728087725,8324.404761904761
46-50,F,1,C,1,10,0.23076923076923078,P00003088,0.07692307692307693,36.0,0.3076923076923077,7111.564199174072,3634.230769230769
55+,F,1,C,5+,12,0.13333333333333333,P00000148,0.022222222222222223,18.0,0.1111111111111111,8350.094489394607,9372.8
26-35,M,0,A,3,1,0.15384615384615385,P00052659,0.15384615384615385,14.0,0.15384615384615385,6917.01615397557,7591.153846153846
26-35,M,0,B,1,3,0.15384615384615385,P00019708,0.07692307692307693,24.0,0.15384615384615385,8691.296692226522,5636.2307692307695
46-50,F,1,B,3,5,0.21428571428571427,P00010760,0.07142857142857142,4.0,0.07142857142857142,3406.039197731511,2611.3571428571427
26-35,M,0,B,2,3,0.21052631578947367,P00001156,0.05263157894736842,42.0,0.21052631578947367,7654.91436348446,5306.631578947368
51-55,F,1,C,5+,7,0.19148936170212766,P00033166,0.0425531914893617,40.0,0.0851063829787234,6922.6437362323795,6504.510638297872
36-45,M,0,B,2,3,0.25,P00006469,0.08333333333333333,6.0,0.08333333333333333,7230.755974979171,6313.833333333333
36-45,M,1,A,5+,3,0.11904761904761904,P00030886,0.047619047619047616,9.0,0.07142857142857142,6433.353877191536,6856.190476190476
26-35,M,0,A,1,17,0.21052631578947367,P00004150,0.05263157894736842,30.0,0.21052631578947367,5458.910976800371,4819.0526315789475
26-35,M,0,A,3,12,0.25,P00009821,0.0625,36.0,0.1875,5305.844808636352,8785.25
46-50,F,1,B,1,17,0.26666666666666666,P00007255,0.06666666666666667,30.0,0.13333333333333333,9559.245560986394,5771.466666666666
0-17,M,0,A,2,16,0.3076923076923077,P00003426,0.07692307692307693,28.0,0.15384615384615385,2414.0395818138736,1804.4615384615386
26-35,M,0,A,5+,12,0.14634146341463414,P00000101,0.024390243902439025,6.0,0.07317073170731707,7213.637979634097,7255.268292682927
46-50,M,1,B,5+,13,0.1875,P00003453,0.0625,35.0,0.09375,9130.11521320797,16187.5
18-25,M,0,A,2,10,0.3076923076923077,P00000809,0.07692307692307693,7.0,0.15384615384615385,5949.052037175808,4482.846153846154
46-50,F,1,B,1,4,0.15384615384615385,P00003426,0.07692307692307693,7.0,0.07692307692307693,6196.059237686732,4220.923076923077
26-35,M,0,A,4,3,0.1956521739130435,P00015866,0.043478260869565216,21.0,0.06521739130434782,7632.627095232626,7830.739130434783
36-45,F,1,B,2,5,0.15384615384615385,P00003982,0.07692307692307693,12.0,0.07692307692307693,7168.085234082874,6420.615384615385
51-55,F,1,C,1,17,0.3333333333333333,P00015036,0.06666666666666667,24.0,0.13333333333333333,10174.657782942873,5669.0
26-35,M,0,A,3,3,0.22580645161290322,P00001029,0.03225806451612903,7.0,0.06451612903225806,8533.960078630314,10001.90322580645
55+,F,1,C,4,18,0.15,P00033616,0.05,42.0,0.1,9520.53780949644,12430.85
0-17,M,0,A,1,10,0.21428571428571427,P00001576,0.07142857142857142,10.0,0.07142857142857142,4404.73192109387,4108.714285714285
18-25,M,0,A,5+,2,0.23076923076923078,P00009447,0.15384615384615385,3.0,0.15384615384615385,9833.878777353944,9055.846153846154
51-55,F,1,C,2,5,0.23529411764705882,P00005758,0.058823529411764705,4.0,0.11764705882352941,9521.689089142437,6196.117647058823
55+,F,1,C,1,10,0.11764705882352941,P00007687,0.058823529411764705,42.0,0.14705882352941177,9908.337717024828,11040.441176470587
36-45,M,1,A,2,10,0.11904761904761904,P00059484,0.047619047619047616,10.0,0.07142857142857142,9473.895500853478,9756.547619047618
26-35,M,0,A,4,3,0.19047619047619047,P00082495,0.047619047619047616,42.0,0.09523809523809523,5893.993109240712,5852.357142857143
55+,F,1,C,4,12,0.14285714285714285,P00076314,0.047619047619047616,9.0,0.09523809523809523,6875.727032025884,7694.976190476191
51-55,F,1,B,5+,20,0.14285714285714285,P00092156,0.047619047619047616,20.0,0.09523809523809523,9128.254497923564,10986.333333333334
51-55,F,1,C,2,1,0.1111111111111111,P00006542,0.05555555555555555,10.0,0.1111111111111111,4299.663834328829,4030.5
36-45,M,0,A,1,6,0.15217391304347827,P00091784,0.043478260869565216,10.0,0.10869565217391304,6287.008091916702,6556.913043478261
26-35,M,0,A,5+,3,0.20454545454545456,P00001282,0.022727272727272728,10.0,0.06818181818181818,8896.737814470493,9698.431818181818
26-35,M,0,A,1,5,0.1875,P00004979,0.0625,4.0,0.1875,8277.078157729735,5535.8125
36-45,M,1,A,4,3,0.14893617021276595,P00002892,0.02127659574468085,27.0,0.0851063829787234,9511.07489428894,14126.91489361702
51-55,F,1,B,4,3,0.2222222222222222,P00088465,0.044444444444444446,42.0,0.13333333333333333,9438.873183636259,11180.577777777778
55+,F,1,C,1,15,0.16666666666666666,P00002733,0.05555555555555555,28.0,0.16666666666666666,6712.043672735293,4594.833333333333
51-55,F,1,C,2,16,0.25,P00018195,0.05,42.0,0.15,7035.780841527115,5305.95
26-35,M,0,A,1,3,0.24390243902439024,P00001229,0.024390243902439025,40.0,0.12195121951219512,10074.229327723335,11261.048780487805
51-55,F,1,C,1,4,0.2222222222222222,P00003382,0.05555555555555555,20.0,0.1111111111111111,5818.192806139356,4255.0
0-17,M,0,A,2,3,0.25,P00005627,0.08333333333333333,42.0,0.16666666666666666,7579.180374652337,6276.333333333333
36-45,M,1,B,5+,1,0.21052631578947367,P00014175,0.05263157894736842,27.0,0.21052631578947367,5056.4839655206315,6586.736842105263
26-35,M,0,A,1,3,0.21428571428571427,P00032596,0.047619047619047616,21.0,0.09523809523809523,9126.009759859451,10575.904761904761
51-55,F,1,C,3,3,0.09375,P00008270,0.03125,7.0,0.15625,9325.119774159437,10489.8125
46-50,F,1,B,3,19,0.15,P00002379,0.05,39.0,0.1,11005.679655595057,9680.05
0-17,M,0,A,1,10,0.3,P00000795,0.1,8.0,0.2,3525.4886958327415,1715.1
51-55,F,1,C,3,3,0.17647058823529413,P00001383,0.058823529411764705,6.0,0.058823529411764705,7997.6782743126,8610.823529411764
36-45,M,0,B,2,10,0.2727272727272727,P00005394,0.09090909090909091,4.0,0.09090909090909091,3883.5281381753884,3044.0
51-55,F,1,C,2,5,0.2,P00007801,0.1,27.0,0.2,6554.04536993078,4910.6
51-55,F,1,C,2,4,0.3076923076923077,P00002627,0.07692307692307693,24.0,0.15384615384615385,7332.124318752446,3178.769230769231
0-17,M,0,A,3,10,0.2727272727272727,P00000809,0.09090909090909091,30.0,0.2727272727272727,3062.589667703996,2066.4545454545455
46-50,M,1,B,4,3,0.1891891891891892,P00093365,0.05405405405405406,42.0,0.13513513513513514,10219.780772920061,13809.81081081081
46-50,F,1,B,1,16,0.3333333333333333,P00006603,0.06666666666666667,10.0,0.13333333333333333,4098.23353003055,2160.0666666666666
55+,F,1,C,4,4,0.13333333333333333,P00000925,0.06666666666666667,30.0,0.2,5419.423390519907,3955.8
36-45,M,1,B,4,11,0.26666666666666666,P00004008,0.06666666666666667,18.0,0.2,3974.0170512731224,6738.333333333333
26-35,M,0,A,1,5,0.2,P00014700,0.1,4.0,0.3,7568.097732514354,3408.8
36-45,M,0,A,2,3,0.17073170731707318,P00006542,0.024390243902439025,36.0,0.12195121951219512,8122.960947366361,7416.4390243902435
26-35,M,0,A,2,3,0.2727272727272727,P00014700,0.09090909090909091,36.0,0.18181818181818182,3213.7477838470486,5982.727272727273
26-35,M,0,A,3,3,0.1590909090909091,P00023359,0.045454545454545456,20.0,0.09090909090909091,9630.864137961295,13256.34090909091
36-45,M,1,A,1,3,0.2222222222222222,P00056935,0.044444444444444446,28.0,0.13333333333333333,10167.214517131708,12477.91111111111
46-50,F,1,B,4,7,0.15,P00000101,0.05,35.0,0.1,6784.860408718035,8318.35
36-45,M,1,A,3,3,0.2222222222222222,P00002274,0.027777777777777776,18.0,0.1111111111111111,9189.283128809808,10722.083333333334
36-45,F,1,B,3,6,0.3,P00004819,0.1,18.0,0.2,4356.046557500403,6967.5
26-35,M,0,A,4,3,0.12121212121212122,P00001383,0.030303030303030304,9.0,0.09090909090909091,8808.749082136774,10298.727272727272
46-50,F,1,B,2,3,0.2727272727272727,P00001069,0.09090909090909091,4.0,0.18181818181818182,11301.478101236462,8294.454545454546
36-45,M,0,A,2,3,0.21739130434782608,P00006603,0.043478260869565216,20.0,0.08695652173913043,9440.001904860406,10539.760869565218
55+,F,1,C,1,15,0.2,P00000936,0.1,3.0,0.1,8077.8129885370445,4949.7
36-45,M,0,B,1,3,0.1875,P00002815,0.0625,32.0,0.125,3301.438281895735,2120.0625
46-50,F,1,C,4,4,0.2727272727272727,P00015158,0.09090909090909091,6.0,0.09090909090909091,10251.22464967878,6933.727272727273
36-45,F,1,B,1,5,0.16666666666666666,P00004697,0.05555555555555555,44.0,0.16666666666666666,8598.90352715281,4772.111111111111
55+,F,1,C,4,3,0.12195121951219512,P00004752,0.024390243902439025,27.0,0.0975609756097561,5735.710909645324,5497.243902439024
46-50,F,1,B,2,16,0.3125,P00000105,0.0625,10.0,0.125,10421.537684846064,7505.375
46-50,F,1,B,2,3,0.14285714285714285,P00001455,0.07142857142857142,7.0,0.14285714285714285,7645.726052026542,7888.357142857143
46-50,M,1,B,3,3,0.18181818181818182,P00024972,0.06060606060606061,7.0,0.06060606060606061,10137.296626981431,11171.181818181818
46-50,M,1,A,2,3,0.2564102564102564,P00016119,0.05128205128205128,7.0,0.10256410256410256,8523.942974428503,10950.897435897436
55+,F,1,C,4,3,0.13043478260869565,P00000247,0.021739130434782608,10.0,0.10869565217391304,6058.4252379449335,6387.239130434783
26-35,M,0,A,1,3,0.15,P00000549,0.05,7.0,0.1,7824.914352986808,7325.0
55+,F,1,C,2,15,0.23076923076923078,P00016193,0.07692307692307693,44.0,0.15384615384615385,5827.667893499344,3091.923076923077
36-45,M,1,A,1,11,0.1276595744680851,P00000404,0.02127659574468085,7.0,0.06382978723404255,9583.127116219654,10218.978723404256
18-25,M,0,A,2,4,0.1875,P00001282,0.0625,12.0,0.1875,4607.736103102405,3505.5625
26-35,M,0,A,2,20,0.2127659574468085,P00020845,0.0425531914893617,21.0,0.0851063829787234,9433.801438151437,13107.765957446809
26-35,M,0,A,1,9,0.2727272727272727,P00000285,0.09090909090909091,30.0,0.2727272727272727,4584.4028142863235,5897.818181818182
51-55,F,1,C,3,3,0.16279069767441862,P00002733,0.023255813953488372,30.0,0.11627906976744186,10351.557169682701,11379.860465116279
55+,F,1,C,5+,11,0.17073170731707318,P00000148,0.024390243902439025,18.0,0.21951219512195122,4578.069318807315,6058.365853658536
26-35,M,0,B,2,12,0.17647058823529413,P00015635,0.058823529411764705,18.0,0.11764705882352941,6511.146735881205,3683.764705882353
51-55,F,1,C,1,17,0.3,P00027626,0.1,27.0,0.2,3870.101089693194,3006.0
55+,F,1,C,2,3,0.21428571428571427,P00028084,0.07142857142857142,44.0,0.14285714285714285,8455.95835088301,5501.642857142857
26-35,M,0,A,4,3,0.1935483870967742,P00055038,0.06451612903225806,7.0,0.16129032258064516,9231.173890215581,14608.516129032258
51-55,F,1,C,4,13,0.12195121951219512,P00015653,0.04878048780487805,28.0,0.0975609756097561,7611.944903226514,8036.121951219512
46-50,F,1,C,2,10,0.1875,P00064700,0.125,16.0,0.125,2373.3224171682477,1885.3125
36-45,F,1,B,2,17,0.3333333333333333,P00006213,0.08333333333333333,36.0,0.16666666666666666,2671.4630085517947,1895.6666666666667
46-50,F,1,B,3,4,0.16666666666666666,P00000285,0.05555555555555555,28.0,0.1111111111111111,7238.270952537832,3975.1666666666665
36-45,F,1,B,2,16,0.15789473684210525,P00005460,0.05263157894736842,9.0,0.10526315789473684,5829.019085324393,3805.0526315789475
51-55,F,1,C,3,10,0.2222222222222222,P00004082,0.05555555555555555,20.0,0.1111111111111111,4131.882938521741,3197.1666666666665
26-35,M,0,B,1,16,0.15789473684210525,P00006469,0.05263157894736842,7.0,0.10526315789473684,8822.627834850606,5277.631578947368
0-17,M,0,A,3,10,0.2727272727272727,P00010786,0.09090909090909091,4.0,0.18181818181818182,3608.817018460103,2601.4545454545455
55+,F,1,C,2,10,0.2727272727272727,P00000518,0.09090909090909091,20.0,0.2727272727272727,4551.601264689963,2775.4545454545455
26-35,M,0,A,5+,17,0.16666666666666666,P00003003,0.020833333333333332,30.0,0.10416666666666667,8731.650122700074,8571.083333333334
51-55,F,1,C,3,7,0.18181818181818182,P00012667,0.09090909090909091,20.0,0.18181818181818182,9469.0350626757,10034.272727272728
26-35,M,0,A,3,6,0.16666666666666666,P00004270,0.08333333333333333,40.0,0.16666666666666666,6533.382730371392,10047.416666666666
18-25,M,0,A,1,4,0.1875,P00044280,0.125,27.0,0.1875,5296.791336900734,5637.75
36-45,F,1,B,2,3,0.13333333333333333,P00013116,0.06666666666666667,28.0,0.13333333333333333,7768.890230240339,4878.533333333334
36-45,F,1,B,3,5,0.2222222222222222,P00001976,0.05555555555555555,40.0,0.16666666666666666,7886.105968706812,5725.055555555556
26-35,M,0,A,2,16,0.25,P00000770,0.0625,44.0,0.1875,9000.228504506613,5821.25
46-50,M,1,A,2,3,0.12244897959183673,P00075833,0.04081632653061224,35.0,0.10204081632653061,6344.256953471119,7643.428571428572
26-35,M,0,A,4,18,0.13513513513513514,P00001156,0.02702702702702703,10.0,0.10810810810810811,9446.397117817327,13846.783783783783
55+,F,1,C,5+,17,0.1111111111111111,P00000101,0.027777777777777776,9.0,0.08333333333333333,6832.647782103634,8969.333333333334
26-35,M,0,B,1,4,0.15789473684210525,P00001085,0.05263157894736842,32.0,0.21052631578947367,9702.57478005571,7236.8421052631575
36-45,F,1,B,1,5,0.2857142857142857,P00000781,0.07142857142857142,12.0,0.14285714285714285,6945.124622889968,3269.785714285714
36-45,M,1,A,1,3,0.17647058823529413,P00001575,0.029411764705882353,30.0,0.08823529411764706,9861.705823063356,11605.323529411764
26-35,M,0,B,3,10,0.2,P00012502,0.06666666666666667,4.0,0.13333333333333333,8662.599963279474,6607.133333333333
26-35,M,0,B,1,4,0.4166666666666667,P00005873,0.08333333333333333,16.0,0.16666666666666666,11686.893911363042,7289.25
36-45,M,1,A,5+,11,0.14285714285714285,P00002538,0.02040816326530612,36.0,0.10204081632653061,7525.847624080915,8223.448979591836
36-45,M,1,B,4,12,0.16666666666666666,P00043032,0.1111111111111111,36.0,0.2777777777777778,4559.643549019775,8827.666666666666
36-45,M,1,A,3,3,0.2,P00034037,0.05,24.0,0.1,9830.808712201528,15016.75
51-55,F,1,B,5+,3,0.14893617021276595,P00004130,0.02127659574468085,27.0,0.0851063829787234,7447.755535288031,7859.446808510638
46-50,M,1,A,4,3,0.15,P00073899,0.05,21.0,0.1,7360.758074767598,7297.525
51-55,F,1,C,4,17,0.29411764705882354,P00005311,0.058823529411764705,4.0,0.058823529411764705,7844.155275445159,7439.882352941177
51-55,F,1,C,5+,3,0.29411764705882354,P00000610,0.058823529411764705,36.0,0.17647058823529413,6926.035134463551,6735.941176470588
46-50,F,1,B,1,10,0.15384615384615385,P00000718,0.07692307692307693,8.0,0.15384615384615385,7945.278040510958,6196.846153846154
26-35,M,0,B,2,10,0.3125,P00003448,0.0625,6.0,0.125,5331.1637562387195,3584.9375
46-50,F,1,B,2,3,0.1875,P00003676,0.0625,40.0,0.1875,7370.209802531631,9076.0
18-25,M,0,A,1,15,0.25,P00004002,0.0625,4.0,0.125,3290.3709922540143,1963.25
36-45,M,1,A,1,3,0.1935483870967742,P00007524,0.03225806451612903,40.0,0.0967741935483871,9036.327560618623,12109.129032258064
55+,F,1,C,2,4,0.15789473684210525,P00008010,0.05263157894736842,24.0,0.15789473684210525,4445.036874185129,4051.5789473684213
51-55,F,1,B,3,1,0.17647058823529413,P00003982,0.058823529411764705,10.0,0.11764705882352941,4493.284968575165,7020.058823529412
36-45,M,0,B,1,5,0.2,P00016051,0.06666666666666667,18.0,0.13333333333333333,7709.667875003251,4504.8
26-35,M,0,A,1,17,0.23529411764705882,P00008291,0.058823529411764705,36.0,0.11764705882352941,3002.537717106491,1935.3529411764705
46-50,F,1,B,2,3,0.16666666666666666,P00000247,0.05555555555555555,8.0,0.16666666666666666,8687.832798534633,4799.166666666667
55+,F,1,C,2,3,0.15,P00005627,0.05,16.0,0.15,8523.106891361796,5529.15
26-35,M,0,A,3,3,0.1875,P00005621,0.0625,7.0,0.125,7275.88706962938,9764.375
0-17,M,0,A,1,17,0.2222222222222222,P00000573,0.05555555555555555,12.0,0.1111111111111111,8434.998970016713,5395.277777777777
26-35,M,0,A,2,5,0.2,P00009589,0.06666666666666667,44.0,0.13333333333333333,7099.087302168465,3940.6666666666665
46-50,M,1,A,3,3,0.2,P00004855,0.025,36.0,0.1,4126.727796345212,4985.55
26-35,M,0,B,2,5,0.29411764705882354,P00022765,0.058823529411764705,20.0,0.17647058823529413,9839.295620936311,6302.764705882353
51-55,F,1,C,3,8,0.14285714285714285,P00016652,0.07142857142857142,27.0,0.21428571428571427,8782.485141361854,8497.785714285714
18-25,M,0,A,1,15,0.23076923076923078,P00026245,0.07692307692307693,6.0,0.07692307692307693,6975.576745753532,4884.538461538462
46-50,F,1,B,2,15,0.2727272727272727,P00000772,0.09090909090909091,44.0,0.18181818181818182,7932.183701398201,4010.4545454545455
0-17,M,0,A,1,4,0.15384615384615385,P00018847,0.07692307692307693,42.0,0.15384615384615385,7034.240973759932,2886.923076923077
36-45,M,0,A,3,11,0.21428571428571427,P00002152,0.023809523809523808,36.0,0.07142857142857142,5554.472970417092,6263.857142857143
46-50,M,1,B,5+,8,0.16,P00038818,0.04,27.0,0.08,7490.884792839349,7013.2
26-35,M,0,B,1,4,0.2727272727272727,P00020845,0.09090909090909091,40.0,0.18181818181818182,10498.7451345387,7758.0
46-50,F,1,B,2,3,0.1276595744680851,P00000370,0.02127659574468085,20.0,0.0851063829787234,9655.048194892579,10485.531914893618
51-55,F,1,C,1,20,0.18181818181818182,P00074866,0.06060606060606061,30.0,0.09090909090909091,9215.266234192339,12277.272727272728
55+,F,1,C,1,3,0.1836734693877551,P00000101,0.04081632653061224,20.0,0.08163265306122448,8365.015128010033,11155.30612244898
46-50,F,1,B,1,19,0.2,P00083865,0.05714285714285714,30.0,0.08571428571428572,10398.053991496872,12555.885714285714
51-55,F,1,C,4,11,0.14634146341463414,P00097944,0.04878048780487805,14.0,0.0975609756097561,7521.385359224138,8184.317073170731
51-55,F,1,C,1,10,0.125,P00001110,0.0625,20.0,0.125,8042.481128099296,8372.8125
36-45,M,0,A,5+,10,0.12195121951219512,P00078656,0.04878048780487805,21.0,0.07317073170731707,6644.322919587525,5751.878048780488
0-17,M,0,A,1,17,0.2857142857142857,P00002469,0.07142857142857142,6.0,0.14285714285714285,7249.680451085906,4681.785714285715
46-50,F,1,B,5+,3,0.19444444444444445,P00002370,0.027777777777777776,42.0,0.1111111111111111,10336.743110964087,12068.527777777777
51-55,F,1,C,1,10,0.36363636363636365,P00001029,0.09090909090909091,24.0,0.18181818181818182,4600.762729255779,2407.090909090909
51-55,F,1,C,1,5,0.17647058823529413,P00000718,0.058823529411764705,30.0,0.17647058823529413,6647.62227726399,2731.235294117647
46-50,F,1,C,3,10,0.23076923076923078,P00010104,0.07692307692307693,7.0,0.15384615384615385,3898.9924027125594,2919.6153846153848
18-25,M,0,A,1,10,0.3333333333333333,P00013748,0.06666666666666667,30.0,0.2,7305.958832154945,3486.2
36-45,M,0,B,1,15,0.2,P00002627,0.06666666666666667,16.0,0.2,11571.299454541253,7985.933333333333
51-55,F,1,B,4,10,0.13953488372093023,P00001085,0.023255813953488372,27.0,0.09302325581395349,7887.459224262048,7650.441860465116
18-25,M,0,A,3,5,0.2,P00016119,0.1,7.0,0.1,7746.302860074605,5240.0
46-50,F,1,C,2,5,0.15,P00002352,0.05,40.0,0.15,8076.7644412520585,5572.45
26-35,M,0,A,2,8,0.21428571428571427,P00000285,0.07142857142857142,27.0,0.21428571428571427,6714.555228165744,6414.285714285715
51-55,F,1,C,1,1,0.2,P00022122,0.1,30.0,0.2,9786.397510490431,8151.3
46-50,M,1,A,1,3,0.1836734693877551,P00001383,0.02040816326530612,6.0,0.061224489795918366,6969.9767784166015,6289.142857142857
26-35,M,0,A,4,3,0.15384615384615385,P00000573,0.05128205128205128,7.0,0.10256410256410256,8644.680059081807,11504.692307692309
18-25,M,0,A,2,7,0.21428571428571427,P00014681,0.07142857142857142,20.0,0.14285714285714285,3804.7491058204823,7181.714285714285
0-17,M,0,A,2,5,0.4,P00019708,0.1,8.0,0.2,2045.6787626604525,1177.4
55+,F,1,C,4,10,0.15,P00003745,0.025,40.0,0.175,6704.601202121359,7251.95
36-45,M,1,B,5+,11,0.25,P00000925,0.0625,21.0,0.1875,3295.988359607277,5219.75
51-55,F,1,B,3,11,0.15,P00007992,0.025,30.0,0.075,7612.980637851885,6848.75
26-35,M,0,A,5+,11,0.14,P00024478,0.04,30.0,0.08,5876.913243101245,6766.28
46-50,F,1,B,2,12,0.2777777777777778,P00005057,0.05555555555555555,21.0,0.1111111111111111,3528.1959229311847,5359.333333333333
36-45,M,0,B,2,3,0.15384615384615385,P00000070,0.07692307692307693,40.0,0.15384615384615385,10079.155081983146,8288.0
26-35,M,0,A,4,14,0.17647058823529413,P00003246,0.058823529411764705,10.0,0.17647058823529413,3898.1268569207773,6375.35294117647
26-35,M,0,A,5+,13,0.15384615384615385,P00045685,0.05128205128205128,20.0,0.1282051282051282,9280.222919224481,14070.128205128205
51-55,F,1,B,5+,3,0.27906976744186046,P00048169,0.046511627906976744,20.0,0.09302325581395349,7508.535927394832,8291.418604651162
46-50,F,1,B,4,10,0.25,P00002274,0.0625,27.0,0.125,5161.815352099169,7088.4375
46-50,F,1,B,2,5,0.2,P00099169,0.13333333333333333,44.0,0.2,3988.5003590680185,2945.4
55+,F,1,C,4,12,0.23529411764705882,P00000247,0.058823529411764705,20.0,0.11764705882352941,3299.02663786653,5992.588235294118
55+,F,1,C,1,16,0.25,P00006603,0.05,20.0,0.1,6908.160190749244,4033.2
0-17,M,0,A,2,5,0.35714285714285715,P00005758,0.07142857142857142,40.0,0.21428571428571427,9518.531709885088,5256.285714285715
0-17,M,0,A,2,5,0.16666666666666666,P00003693,0.05555555555555555,32.0,0.1111111111111111,6114.253780643854,4681.0
55+,F,1,C,1,15,0.21052631578947367,P00001976,0.05263157894736842,21.0,0.10526315789473684,8238.152127014666,4400.368421052632
18-25,M,0,A,5+,11,0.2,P00000772,0.1,4.0,0.1,5717.762391588747,5727.1
55+,F,1,C,2,5,0.23076923076923078,P00002052,0.07692307692307693,10.0,0.15384615384615385,7681.070548382612,4386.538461538462
46-50,F,1,B,5+,14,0.23076923076923078,P00002733,0.07692307692307693,45.0,0.23076923076923078,5269.652730250438,7219.307692307692
51-55,F,1,C,3,17,0.23529411764705882,P00006613,0.058823529411764705,36.0,0.23529411764705882,4686.53254722257,3188.764705882353
26-35,M,0,B,1,3,0.38461538461538464,P00005612,0.07692307692307693,7.0,0.15384615384615385,5367.178249226902,3869.230769230769
26-35,M,0,A,4,3,0.3157894736842105,P00001790,0.05263157894736842,42.0,0.21052631578947367,7017.284502115169,11117.315789473685
36-45,M,1,B,5+,6,0.23076923076923078,P00012325,0.07692307692307693,10.0,0.15384615384615385,3898.5106771689107,6233.0
26-35,M,0,A,4,7,0.08888888888888889,P00021617,0.044444444444444446,20.0,0.1111111111111111,6361.770680789233,5826.622222222222
36-45,M,1,A,2,3,0.2222222222222222,P00000101,0.027777777777777776,14.0,0.1111111111111111,10422.205502317622,12958.694444444445
0-17,M,0,A,2,5,0.18181818181818182,P00008010,0.09090909090909091,24.0,0.2727272727272727,10118.501592267863,4909.454545454545
55+,F,1,C,2,16,0.23076923076923078,P00033770,0.07692307692307693,35.0,0.15384615384615385,9573.517760347671,6943.153846153846
18-25,M,0,A,1,10,0.3,P00001409,0.05,8.0,0.2,3033.6482166908504,1498.85
55+,F,1,C,2,16,0.3,P00003088,0.1,12.0,0.2,2283.4942546700468,1547.3
46-50,M,1,B,5+,11,0.10416666666666667,P00065478,0.041666666666666664,42.0,0.10416666666666667,8354.16085588132,8364.270833333334
55+,F,1,C,1,10,0.23529411764705882,P00002743,0.058823529411764705,30.0,0.11764705882352941,7771.577596961137,5214.705882352941
26-35,M,0,A,3,3,0.15789473684210525,P00001455,0.05263157894736842,9.0,0.21052631578947367,5942.504337988955,6885.1578947368425
18-25,M,0,A,2,4,0.17647058823529413,P00000101,0.058823529411764705,24.0,0.17647058823529413,7334.116304681037,5046.705882352941
46-50,F,1,B,1,11,0.16666666666666666,P00002002,0.08333333333333333,18.0,0.16666666666666666,7395.874187168428,5696.583333333333
51-55,F,1,B,4,6,0.12,P00000404,0.02,10.0,0.1,7350.387505236907,8769.82
26-35,M,0,A,2,12,0.2727272727272727,P00008415,0.09090909090909091,12.0,0.09090909090909091,5278.105944715051,4902.818181818182
0-17,M,0,A,1,3,0.23076923076923078,P00003745,0.07692307692307693,9.0,0.15384615384615385,4066.4515117527094,5498.307692307692
51-55,F,1,B,3,3,0.1794871794871795,P00012408,0.02564102564102564,12.0,0.07692307692307693,10978.368090038603,12686.02564102564
0-17,M,0,A,1,10,0.2222222222222222,P00012025,0.05555555555555555,8.0,0.1111111111111111,7610.99829430724,5924.722222222223
55+,F,1,C,2,4,0.3333333333333333,P00002084,0.06666666666666667,7.0,0.13333333333333333,8356.088915959941,5378.6
46-50,F,1,C,3,10,0.21428571428571427,P00024302,0.14285714285714285,6.0,0.14285714285714285,4204.61247511992,2932.285714285714
36-45,M,1,A,4,3,0.13333333333333333,P00086361,0.044444444444444446,28.0,0.13333333333333333,10312.80982775472,10403.044444444444
18-25,M,0,A,3,16,0.21428571428571427,P00006470,0.07142857142857142,4.0,0.14285714285714285,10353.912161036596,6942.5
46-50,M,1,B,4,12,0.15217391304347827,P00053152,0.043478260869565216,10.0,0.10869565217391304,4512.556553849583,5741.282608695652
51-55,F,1,C,3,16,0.2222222222222222,P00003088,0.05555555555555555,20.0,0.1111111111111111,8148.096651718832,4923.111111111111
26-35,M,0,A,4,12,0.35,P00048569,0.1,7.0,0.15,6424.946607191622,7361.8
0-17,M,0,A,1,10,0.3,P00000936,0.1,42.0,0.3,1246.9114242800088,1072.1
18-25,M,0,A,2,3,0.18181818181818182,P00002743,0.09090909090909091,30.0,0.18181818181818182,7162.080443050558,5331.545454545455
46-50,F,1,B,1,3,0.1836734693877551,P00003382,0.02040816326530612,42.0,0.08163265306122448,9632.076684448793,12287.489795918367
18-25,M,0,A,1,12,0.15789473684210525,P00005254,0.05263157894736842,20.0,0.15789473684210525,4968.936530648589,3961.3684210526317
18-25,M,0,A,4,10,0.2,P00004008,0.1,24.0,0.2,10420.099234438967,6747.5
0-17,M,0,A,2,5,0.29411764705882354,P00000781,0.058823529411764705,16.0,0.17647058823529413,5082.982468926267,2903.176470588235
36-45,M,0,A,1,3,0.125,P00086480,0.041666666666666664,36.0,0.125,7094.627999152968,6976.645833333333
26-35,M,0,A,2,16,0.25,P00000770,0.08333333333333333,4.0,0.08333333333333333,3865.3046294940173,3020.6666666666665
26-35,M,0,A,4,10,0.21428571428571427,P00000518,0.07142857142857142,28.0,0.14285714285714285,5370.647316051073,3856.1428571428573
18-25,M,0,A,2,10,0.29411764705882354,P00008010,0.058823529411764705,18.0,0.11764705882352941,8320.50075204046,4783.529411764706
36-45,F,1,B,5+,14,0.16666666666666666,P00007992,0.05555555555555555,14.0,0.1111111111111111,7743.797595875189,10161.5
46-50,F,1,B,1,9,0.23529411764705882,P00013739,0.058823529411764705,7.0,0.11764705882352941,5923.9634331546085,9108.411764705883
46-50,F,1,B,2,3,0.20512820512820512,P00029964,0.05128205128205128,36.0,0.10256410256410256,10718.782213936318,12427.461538461539
36-45,M,1,A,3,3,0.14285714285714285,P00058690,0.05714285714285714,7.0,0.05714285714285714,9977.453653027876,12326.114285714286
18-25,M,0,A,2,4,0.16666666666666666,P00074353,0.1111111111111111,40.0,0.16666666666666666,5786.280473017041,3516.222222222222
26-35,M,0,A,5+,1,0.2,P00002675,0.1,20.0,0.2,7846.381643789702,10462.3
26-35,M,0,A,3,19,0.18,P00042825,0.04,10.0,0.08,9958.743656542963,11380.74
46-50,F,1,C,2,10,0.25,P00000518,0.0625,4.0,0.125,3847.7019932898475,2645.6875
46-50,F,1,B,2,4,0.2,P00026942,0.1,10.0,0.2,8024.556865577618,5360.0
46-50,F,1,B,2,10,0.16666666666666666,P00005057,0.08333333333333333,10.0,0.16666666666666666,4100.549560360135,2844.1666666666665
55+,F,1,C,2,11,0.15789473684210525,P00000205,0.05263157894736842,36.0,0.15789473684210525,7552.566622334114,5230.8421052631575
46-50,F,1,B,5+,9,0.21428571428571427,P00009787,0.07142857142857142,9.0,0.21428571428571427,4817.294284686656,8912.07142857143
55+,F,1,C,5+,3,0.15217391304347827,P00063630,0.043478260869565216,13.0,0.08695652173913043,9832.844906980597,13016.45652173913
51-55,F,1,B,2,1,0.13333333333333333,P00000549,0.022222222222222223,45.0,0.08888888888888889,5679.0631345195125,6681.222222222223
55+,F,1,C,2,16,0.2,P00012609,0.06666666666666667,40.0,0.13333333333333333,7006.397095987828,4194.533333333334
46-50,F,1,B,1,10,0.16666666666666666,P00012025,0.05555555555555555,20.0,0.1111111111111111,7642.338307131763,5085.722222222223
18-25,M,0,A,1,4,0.15,P00045640,0.1,36.0,0.1,8036.3112543203415,5539.55
51-55,F,1,C,4,3,0.21428571428571427,P00002346,0.07142857142857142,28.0,0.14285714285714285,8430.119899294643,3881.1428571428573
26-35,M,0,A,4,11,0.21428571428571427,P00001039,0.07142857142857142,30.0,0.14285714285714285,5183.793619128205,7581.142857142857
36-45,M,0,A,5+,12,0.1590909090909091,P00090195,0.045454545454545456,36.0,0.09090909090909091,6745.137321213676,7793.772727272727
46-50,F,1,C,1,16,0.2727272727272727,P00012057,0.09090909090909091,3.0,0.09090909090909091,8970.638392201325,5282.818181818182
51-55,F,1,C,2,4,0.25,P00004002,0.0625,42.0,0.1875,5555.633501230981,4079.5
46-50,F,1,B,5+,10,0.21052631578947367,P00010945,0.05263157894736842,36.0,0.15789473684210525,7501.437291909094,3172.0
36-45,F,1,B,5+,17,0.26666666666666666,P00012283,0.06666666666666667,4.0,0.13333333333333333,8220.830135929675,5314.466666666666
36-45,M,1,B,1,11,0.25,P00012963,0.08333333333333333,10.0,0.16666666666666666,4939.860293540392,8784.416666666666
51-55,F,1,C,3,12,0.2777777777777778,P00009821,0.05555555555555555,14.0,0.16666666666666666,7368.333121997948,10103.055555555555
36-45,M,0,A,1,12,0.2,P00002264,0.06666666666666667,14.0,0.2,8646.610780008106,8232.866666666667
55+,F,1,C,1,3,0.2,P00000070,0.1,10.0,0.1,10894.09349448896,9863.2
46-50,F,1,B,2,17,0.3333333333333333,P00023437,0.08333333333333333,7.0,0.08333333333333333,6816.534947975379,5514.166666666667
18-25,M,0,A,3,16,0.2,P00004754,0.05,13.0,0.1,7132.411967283762,4942.95
55+,F,1,C,4,3,0.11627906976744186,P00003063,0.023255813953488372,36.0,0.11627906976744186,6789.361570166525,7201.395348837209
26-35,M,0,B,4,5,0.25,P00000743,0.0625,30.0,0.1875,7799.647521683271,5084.4375
55+,F,1,C,2,15,0.26666666666666666,P00007791,0.06666666666666667,20.0,0.13333333333333333,7955.927161556973,5428.0
51-55,F,1,C,2,10,0.2727272727272727,P00023185,0.09090909090909091,6.0,0.09090909090909091,5672.846891512713,5069.636363636364
46-50,M,1,B,5+,3,0.125,P00085274,0.05,18.0,0.1,10181.905019193206,11553.225
46-50,F,1,B,4,8,0.15384615384615385,P00010292,0.07692307692307693,20.0,0.23076923076923078,6204.139695314279,9770.76923076923
26-35,M,0,A,1,11,0.13333333333333333,P00076548,0.044444444444444446,10.0,0.06666666666666667,7194.914764799321,7343.066666666667
51-55,F,1,B,5+,17,0.16279069767441862,P00002469,0.023255813953488372,10.0,0.09302325581395349,6948.765677098053,6920.604651162791
26-35,M,0,A,4,20,0.125,P00000573,0.03125,18.0,0.09375,8247.160971859717,11159.96875
51-55,F,1,B,1,3,0.15151515151515152,P00047826,0.06060606060606061,20.0,0.09090909090909091,7778.154392392449,8905.575757575758
55+,F,1,C,2,11,0.21052631578947367,P00005057,0.05263157894736842,9.0,0.10526315789473684,7841.248936055595,5595.894736842105
0-17,M,0,A,2,17,0.4,P00000925,0.06666666666666667,30.0,0.2,5230.768110762647,3502.8
36-45,M,0,B,1,8,0.18181818181818182,P00023477,0.09090909090909091,18.0,0.2727272727272727,9165.224113710774,6898.363636363636
36-45,M,1,B,3,11,0.18181818181818182,P00007362,0.09090909090909091,4.0,0.09090909090909091,7302.259651517591,6318.272727272727
46-50,F,1,B,1,17,0.2631578947368421,P00000743,0.05263157894736842,40.0,0.15789473684210525,6598.997486770953,4367.9473684210525
46-50,F,1,B,1,3,0.2,P00007153,0.1,30.0,0.2,5445.459980570971,3441.2
55+,F,1,C,2,4,0.2222222222222222,P00001029,0.05555555555555555,20.0,0.1111111111111111,7532.579093120606,3838.5
36-45,M,0,B,1,4,0.2,P00007255,0.06666666666666667,44.0,0.2,10276.642328717146,5429.466666666666
46-50,F,1,B,1,7,0.13333333333333333,P00024477,0.06666666666666667,30.0,0.13333333333333333,8515.782003494129,10413.8
51-55,F,1,C,3,3,0.125,P00011524,0.0625,18.0,0.1875,7742.917202191948,5910.0
51-55,F,1,C,1,10,0.25,P00006275,0.0625,36.0,0.125,8714.445967281377,5852.625
51-55,F,1,C,2,13,0.12903225806451613,P00034406,0.06451612903225806,21.0,0.0967741935483871,10228.364086185527,11599.290322580646
46-50,F,1,B,1,4,0.2631578947368421,P00001039,0.05263157894736842,40.0,0.2631578947368421,9608.299809134925,6348.0
18-25,M,0,A,2,5,0.23076923076923078,P00001398,0.07692307692307693,8.0,0.15384615384615385,7655.101989807777,3171.846153846154
46-50,F,1,C,1,4,0.17647058823529413,P00002084,0.058823529411764705,18.0,0.11764705882352941,6028.362112328103,3934.5882352941176
51-55,F,1,C,5+,8,0.13043478260869565,P00000148,0.021739130434782608,40.0,0.10869565217391304,4515.341496867466,5613.5
0-17,M,0,A,4,10,0.3,P00000337,0.1,36.0,0.3,3439.379556451037,2457.8
0-17,M,0,A,1,3,0.14285714285714285,P00003936,0.07142857142857142,36.0,0.21428571428571427,9761.8501511561,9272.285714285714
55+,F,1,C,5+,12,0.2727272727272727,P00004405,0.09090909090909091,45.0,0.18181818181818182,8028.177754294275,6540.363636363636
46-50,M,1,A,5+,3,0.15555555555555556,P00005857,0.022222222222222223,14.0,0.1111111111111111,9178.638506682984,10367.6
55+,F,1,C,4,3,0.14285714285714285,P00000221,0.02040816326530612,21.0,0.10204081632653061,7689.992981705085,7887.938775510204
55+,F,1,C,5+,10,0.14893617021276595,P00002152,0.02127659574468085,5.0,0.06382978723404255,5270.306875020825,5164.446808510638
55+,F,1,C,2,17,0.25,P00004649,0.0625,6.0,0.125,5280.80197784074,3963.9375
0-17,M,0,A,1,15,0.25,P00009108,0.0625,4.0,0.125,6450.30091255439,5306.5625
51-55,F,1,C,2,3,0.3076923076923077,P00008197,0.07692307692307693,24.0,0.15384615384615385,11960.411328253958,11876.846153846154
26-35,M,0,B,2,3,0.15789473684210525,P00024562,0.10526315789473684,30.0,0.15789473684210525,9118.140733967888,6334.0
55+,F,1,C,2,15,0.2727272727272727,P00001282,0.09090909090909091,18.0,0.2727272727272727,6808.066418861993,3796.818181818182
18-25,M,0,A,2,3,0.17647058823529413,P00005261,0.058823529411764705,28.0,0.11764705882352941,6737.423647390133,4676.176470588235
36-45,M,0,B,1,16,0.21052631578947367,P00017713,0.05263157894736842,6.0,0.21052631578947367,6812.305853019792,5024.421052631579
55+,F,1,C,2,4,0.15384615384615385,P00008415,0.07692307692307693,20.0,0.15384615384615385,3366.9036010813197,2864.769230769231
36-45,F,1,B,1,5,0.18181818181818182,P00001229,0.09090909090909091,24.0,0.18181818181818182,2937.733278938341,1896.7272727272727
26-35,M,0,A,4,3,0.13953488372093023,P00077703,0.046511627906976744,40.0,0.13953488372093023,6302.410137960344,5868.023255813953
36-45,M,1,B,1,1,0.17647058823529413,P00000148,0.058823529411764705,14.0,0.11764705882352941,6369.749229180617,8102.64705882353
36-45,M,0,B,2,5,0.16666666666666666,P00013130,0.08333333333333333,30.0,0.25,7902.80727835292,4688.833333333333
36-45,M,0,A,3,3,0.2727272727272727,P00015001,0.09090909090909091,10.0,0.18181818181818182,7804.536556038766,8827.636363636364
51-55,F,1,C,2,17,0.23529411764705882,P00007923,0.058823529411764705,20.0,0.17647058823529413,8112.74382620984,5928.529411764706
55+,F,1,C,3,11,0.23529411764705882,P00002892,0.058823529411764705,21.0,0.11764705882352941,6527.22922873188,9059.176470588236
55+,F,1,C,1,5,0.16666666666666666,P00002346,0.05555555555555555,7.0,0.1111111111111111,6711.6414335113395,3572.4444444444443
26-35,M,0,B,1,10,0.2,P00003913,0.05,20.0,0.15,6039.452741851089,2945.5
46-50,F,1,B,3,10,0.2,P00000573,0.06666666666666667,44.0,0.2,2384.726904600149,1810.1333333333334
51-55,F,1,C,2,3,0.18,P00079909,0.04,20.0,0.14,7566.6214217712895,7397.88
26-35,M,0,A,4,10,0.23529411764705882,P00009821,0.058823529411764705,36.0,0.11764705882352941,8623.644868393902,8543.235294117647
46-50,M,1,B,3,3,0.23333333333333334,P00004405,0.03333333333333333,18.0,0.13333333333333333,7871.101657693611,8404.266666666666
51-55,F,1,B,4,17,0.2,P00063463,0.044444444444444446,40.0,0.1111111111111111,7026.248857468023,6863.355555555556
26-35,M,0,B,1,5,0.3333333333333333,P00005737,0.08333333333333333,24.0,0.16666666666666666,4612.785715877777,2868.6666666666665
26-35,M,0,B,2,17,0.26666666666666666,P00003382,0.06666666666666667,30.0,0.2,9959.352183942967,6625.733333333334
0-17,M,0,A,3,4,0.1111111111111111,P00004907,0.05555555555555555,28.0,0.1111111111111111,7876.398860300052,6266.777777777777
36-45,M,0,A,4,11,0.14893617021276595,P00003492,0.0425531914893617,7.0,0.06382978723404255,5388.8569560944,5962.574468085107
26-35,M,0,A,1,10,0.21428571428571427,P00016835,0.07142857142857142,36.0,0.21428571428571427,3925.143023921773,2213.714285714286
26-35,M,0,A,1,12,0.1875,P00002264,0.0625,14.0,0.1875,5282.532277863209,8341.75
18-25,M,0,A,2,10,0.17647058823529413,P00009028,0.058823529411764705,44.0,0.17647058823529413,6741.952763567576,3480.235294117647
55+,F,1,C,2,1,0.2857142857142857,P00001409,0.07142857142857142,14.0,0.21428571428571427,9962.26140861734,9181.285714285714
55+,F,1,C,3,20,0.19148936170212766,P00005627,0.0425531914893617,13.0,0.0851063829787234,9697.417334014572,15550.468085106382
18-25,M,0,A,1,5,0.2,P00001708,0.06666666666666667,36.0,0.13333333333333333,3891.9912677922894,2320.2
18-25,M,0,A,1,4,0.3333333333333333,P00002538,0.06666666666666667,44.0,0.2,2221.6945591790327,1754.0
55+,F,1,C,2,1,0.08333333333333333,P00009532,0.08333333333333333,10.0,0.08333333333333333,9136.484478659606,7987.916666666667
46-50,F,1,C,1,5,0.2,P00005612,0.1,16.0,0.1,3856.349005932367,3260.1
26-35,M,0,A,3,1,0.1,P00016302,0.1,30.0,0.2,5688.351986491537,6723.1
46-50,F,1,B,5+,1,0.15,P00008415,0.05,20.0,0.1,3895.314594416436,5361.0
36-45,F,1,B,1,4,0.21052631578947367,P00014735,0.05263157894736842,12.0,0.10526315789473684,8175.62675959958,5371.631578947368
18-25,M,0,A,1,10,0.35714285714285715,P00000947,0.07142857142857142,42.0,0.14285714285714285,8463.961255338314,4523.857142857143
36-45,F,1,B,2,16,0.17647058823529413,P00000809,0.058823529411764705,18.0,0.23529411764705882,5650.3953316924435,4326.823529411765
18-25,M,0,A,4,11,0.21052631578947367,P00003453,0.05263157894736842,20.0,0.10526315789473684,5543.007539666109,6388.8421052631575
0-17,M,0,A,1,5,0.16666666666666666,P00017884,0.05555555555555555,8.0,0.16666666666666666,7116.130685836826,2807.0555555555557
36-45,F,1,B,3,5,0.3333333333333333,P00003676,0.05555555555555555,16.0,0.1111111111111111,3292.7569318761293,2556.277777777778
51-55,F,1,B,5+,3,0.17391304347826086,P00011826,0.043478260869565216,20.0,0.13043478260869565,6318.384116984219,5803.195652173913
55+,F,1,C,5+,17,0.2857142857142857,P00001398,0.07142857142857142,4.0,0.07142857142857142,7727.50130634479,3641.8571428571427
46-50,M,1,B,5+,3,0.1388888888888889,P00004622,0.027777777777777776,12.0,0.1388888888888889,8901.156207402013,11467.333333333334
46-50,F,1,B,4,3,0.13157894736842105,P00004911,0.02631578947368421,42.0,0.10526315789473684,8748.422206740874,8267.026315789473
0-17,M,0,A,3,5,0.15789473684210525,P00002387,0.05263157894736842,42.0,0.15789473684210525,9787.526071007082,6992.421052631579
0-17,M,0,A,2,5,0.4,P00057785,0.2,28.0,0.2,4310.487371258356,3147.6
26-35,M,0,A,2,3,0.2,P00013130,0.1,18.0,0.2,8460.169384303787,3845.3
46-50,F,1,B,1,3,0.16326530612244897,P00062212,0.04081632653061224,21.0,0.08163265306122448,8376.11436595744,11115.591836734693
26-35,M,0,B,1,8,0.25,P00002346,0.08333333333333333,12.0,0.16666666666666666,7685.56931656315,7374.083333333333
18-25,M,0,A,3,10,0.17647058823529413,P00004130,0.058823529411764705,4.0,0.11764705882352941,7567.218006658332,4741.882352941177
51-55,F,1,C,5+,1,0.21428571428571427,P00010104,0.07142857142857142,21.0,0.14285714285714285,5769.821869096038,7628.642857142857
26-35,M,0,A,2,3,0.2,P00018329,0.06666666666666667,9.0,0.13333333333333333,8450.147224978364,7694.533333333334
51-55,F,1,C,3,3,0.125,P00001229,0.025,10.0,0.125,5780.60938535252,6247.575
55+,F,1,C,3,10,0.3,P00005818,0.1,12.0,0.2,7727.694239983015,4904.6
26-35,M,0,A,2,11,0.14,P00039234,0.04,30.0,0.08,7947.037607479523,7768.8
51-55,F,1,C,3,3,0.2,P00001794,0.1,44.0,0.2,5151.091470099645,3855.0
46-50,F,1,C,1,17,0.2857142857142857,P00000205,0.07142857142857142,36.0,0.14285714285714285,9303.841947766039,6484.714285714285
26-35,M,0,B,1,5,0.3125,P00002352,0.0625,42.0,0.1875,6018.3304685906605,4127.1875
46-50,F,1,B,3,3,0.2857142857142857,P00043117,0.05714285714285714,42.0,0.11428571428571428,8676.895185907622,9881.857142857143
51-55,F,1,C,3,4,0.3,P00013678,0.1,36.0,0.2,4011.6951930851155,1998.1
26-35,M,0,A,1,4,0.2,P00003161,0.05,42.0,0.25,7437.181968255676,4609.55
51-55,F,1,C,1,17,0.25,P00001794,0.05,12.0,0.1,5998.0543904713495,3264.95
26-35,M,0,A,4,12,0.23529411764705882,P00000070,0.058823529411764705,35.0,0.11764705882352941,5309.668316604431,7200.411764705882
51-55,F,1,C,1,8,0.23076923076923078,P00020929,0.07692307692307693,3.0,0.07692307692307693,4695.74176713219,6568.923076923077
36-45,M,1,A,3,3,0.21428571428571427,P00037299,0.047619047619047616,42.0,0.14285714285714285,7337.209209128042,6988.5952380952385
36-45,F,1,B,1,17,0.25,P00001803,0.0625,30.0,0.1875,7188.250904253412,4423.4375
46-50,F,1,B,2,10,0.2222222222222222,P00004568,0.05555555555555555,12.0,0.1111111111111111,7616.662672157532,4523.555555555556
51-55,F,1,C,5+,18,0.14583333333333334,P00024562,0.0625,28.0,0.125,10002.424746101238,12028.916666666666
51-55,F,1,C,5+,3,0.2,P00001621,0.025,21.0,0.1,4221.513991312377,5510.075
55+,F,1,C,4,12,0.16666666666666666,P00000925,0.023809523809523808,36.0,0.11904761904761904,6117.580448711534,6843.880952380952
0-17,M,0,A,2,5,0.21428571428571427,P00009954,0.07142857142857142,44.0,0.21428571428571427,3636.0998373906796,1906.7857142857142
0-17,M,0,A,5+,3,0.125,P00001853,0.0625,42.0,0.1875,7284.135347623629,5035.8125
18-25,M,0,A,3,16,0.23529411764705882,P00019226,0.058823529411764705,42.0,0.11764705882352941,6849.809007105492,5542.058823529412
46-50,F,1,B,2,10,0.10204081632653061,P00013941,0.04081632653061224,42.0,0.12244897959183673,8379.962780844158,8975.714285714286
36-45,M,0,B,3,11,0.2,P00006347,0.1,18.0,0.2,10207.92829128418,12311.0
46-50,M,1,B,1,3,0.13636363636363635,P00019169,0.045454545454545456,20.0,0.13636363636363635,9963.586991320708,13420.818181818182
55+,F,1,C,5+,3,0.2,P00000404,0.02,9.0,0.08,8987.613876454912,9823.46
36-45,F,1,B,1,11,0.21428571428571427,P00015866,0.07142857142857142,28.0,0.14285714285714285,5855.643858236726,6124.928571428572
36-45,M,1,B,4,11,0.25,P00000953,0.0625,27.0,0.1875,3488.657917093621,6411.9375
51-55,F,1,B,5+,16,0.1111111111111111,P00078590,0.044444444444444446,14.0,0.08888888888888889,6678.03492258559,7177.733333333334
18-25,M,0,A,1,17,0.2222222222222222,P00003451,0.05555555555555555,20.0,0.1111111111111111,6568.9989498107225,5433.444444444444
46-50,F,1,B,4,3,0.1875,P00007232,0.0625,14.0,0.0625,9138.701841883163,15726.0
46-50,F,1,B,3,10,0.25,P00001029,0.05,4.0,0.15,6616.540286123462,3969.9
55+,F,1,C,3,3,0.1276595744680851,P00004622,0.02127659574468085,30.0,0.06382978723404255,6552.171088868051,6841.021276595745
51-55,F,1,C,1,16,0.3333333333333333,P00001853,0.08333333333333333,44.0,0.16666666666666666,4928.489789586725,4610.166666666667
51-55,F,1,B,4,3,0.275,P00033616,0.05,14.0,0.1,10421.015443410246,15169.0
55+,F,1,C,5+,3,0.19444444444444445,P00001455,0.027777777777777776,42.0,0.1111111111111111,7220.083720439724,7695.388888888889
26-35,M,0,A,3,4,0.2,P00004568,0.05,20.0,0.15,6789.515132482623,3146.45
18-25,M,0,A,4,10,0.25,P00002002,0.08333333333333333,30.0,0.16666666666666666,3576.998564057963,2219.0
18-25,M,0,A,5+,10,0.3125,P00012025,0.0625,18.0,0.125,1897.3871156584432,1178.0
46-50,F,1,C,2,4,0.21428571428571427,P00028904,0.07142857142857142,24.0,0.21428571428571427,9843.918172887537,6554.071428571428
18-25,M,0,A,2,10,0.25,P00005621,0.08333333333333333,40.0,0.16666666666666666,2053.0942649099334,1348.6666666666667
46-50,F,1,B,5+,20,0.15625,P00063137,0.0625,42.0,0.125,9806.784438910136,11929.53125
18-25,M,0,A,2,16,0.2,P00019149,0.06666666666666667,27.0,0.13333333333333333,4368.411297790842,3717.133333333333
36-45,M,1,A,4,20,0.3142857142857143,P00009929,0.05714285714285714,20.0,0.08571428571428572,9299.186195712022,12485.257142857143
26-35,M,0,A,4,6,0.16666666666666666,P00023678,0.05555555555555555,9.0,0.16666666666666666,6033.554665261001,7976.611111111111
0-17,M,0,A,2,4,0.2,P00070476,0.1,32.0,0.15,8400.567295850042,5350.55
51-55,F,1,C,1,3,0.15384615384615385,P00004568,0.07692307692307693,4.0,0.15384615384615385,9424.598908693335,6290.384615384615
55+,F,1,C,5+,5,0.25,P00004697,0.05,16.0,0.1,1339.305801132575,797.65
36-45,F,1,B,1,5,0.25,P00004002,0.08333333333333333,36.0,0.16666666666666666,8428.99911515794,6522.583333333333
46-50,F,1,B,5+,6,0.3125,P00000743,0.0625,9.0,0.125,5805.0211710064705,7159.5625
51-55,F,1,B,1,3,0.16,P00083865,0.04,36.0,0.08,10342.058071362228,12427.46
26-35,M,0,A,1,3,0.3333333333333333,P00007923,0.05555555555555555,6.0,0.1111111111111111,10216.036694125285,12547.416666666666
46-50,M,1,B,4,8,0.13333333333333333,P00003693,0.022222222222222223,42.0,0.13333333333333333,6423.411843413203,6393.288888888889
46-50,M,1,A,4,3,0.21875,P00001853,0.03125,7.0,0.09375,10109.596765703416,12350.59375
36-45,M,1,A,3,3,0.13157894736842105,P00000770,0.02631578947368421,28.0,0.07894736842105263,9867.412788177568,11041.052631578947
26-35,M,0,B,1,13,0.2,P00046599,0.2,21.0,0.2,11810.179443551604,9793.6
18-25,M,0,A,5+,17,0.2,P00001110,0.05,30.0,0.15,9895.26667535119,6752.05
51-55,F,1,C,1,5,0.23076923076923078,P00018730,0.07692307692307693,6.0,0.15384615384615385,5738.831566058525,3741.076923076923
51-55,F,1,C,1,5,0.2727272727272727,P00002084,0.09090909090909091,6.0,0.18181818181818182,9979.657419880796,5703.272727272727
51-55,F,1,B,2,18,0.125,P00022507,0.041666666666666664,7.0,0.08333333333333333,10192.58910377034,10644.0
46-50,F,1,B,3,5,0.13043478260869565,P00047836,0.043478260869565216,21.0,0.10869565217391304,8981.52435952678,9139.847826086956
36-45,M,1,A,5+,11,0.10204081632653061,P00042825,0.04081632653061224,40.0,0.10204081632653061,8460.54276369386,8584.34693877551
46-50,F,1,B,4,12,0.25,P00000743,0.05,7.0,0.1,6716.310617092033,8238.9
55+,F,1,C,5+,12,0.2,P00000247,0.06666666666666667,28.0,0.13333333333333333,5037.499703887503,7531.133333333333
46-50,F,1,C,1,10,0.23076923076923078,P00019422,0.07692307692307693,21.0,0.15384615384615385,6483.520462660976,3934.6153846153848
26-35,M,0,A,1,11,0.2727272727272727,P00026227,0.09090909090909091,11.0,0.09090909090909091,8775.338910834156,10975.0
55+,F,1,C,2,5,0.2631578947368421,P00004568,0.05263157894736842,4.0,0.21052631578947367,426.33168044890357,428.42105263157896
36-45,M,0,B,1,10,0.15789473684210525,P00001790,0.05263157894736842,10.0,0.10526315789473684,6681.029047572157,5516.368421052632
26-35,M,0,B,1,17,0.3157894736842105,P00008948,0.05263157894736842,7.0,0.15789473684210525,4705.7497050469765,3234.7894736842104
46-50,F,1,B,2,3,0.21621621621621623,P00000101,0.02702702702702703,12.0,0.10810810810810811,10053.353253797743,14216.513513513513
46-50,F,1,B,3,10,0.23529411764705882,P00037726,0.11764705882352941,4.0,0.11764705882352941,6595.451105073235,3027.176470588235
51-55,F,1,B,4,3,0.13953488372093023,P00002152,0.023255813953488372,10.0,0.09302325581395349,6043.060233582897,6138.674418604651
46-50,M,1,A,3,3,0.15789473684210525,P00005057,0.02631578947368421,36.0,0.10526315789473684,9827.55775023895,10779.263157894737
51-55,F,1,B,3,16,0.13636363636363635,P00018831,0.045454545454545456,21.0,0.11363636363636363,7757.2464140388365,6384.545454545455
51-55,F,1,B,3,3,0.125,P00036522,0.041666666666666664,36.0,0.125,7630.724120012771,8386.0
46-50,F,1,B,1,6,0.16666666666666666,P00003745,0.08333333333333333,20.0,0.16666666666666666,8774.108206432255,7910.5
46-50,F,1,B,3,8,0.16666666666666666,P00000101,0.08333333333333333,10.0,0.16666666666666666,4424.107205774044,5278.75
0-17,M,0,A,1,5,0.3,P00021034,0.1,14.0,0.2,7053.5988009274,5599.4
26-35,M,0,B,1,10,0.36363636363636365,P00001029,0.09090909090909091,42.0,0.2727272727272727,3879.4968511627662,2383.7272727272725
51-55,F,1,C,4,3,0.15384615384615385,P00001790,0.02564102564102564,13.0,0.07692307692307693,9286.17984025945,10179.358974358975
46-50,M,1,A,5+,11,0.1702127659574468,P00036897,0.0425531914893617,18.0,0.10638297872340426,5236.01847079028,6212.446808510638
46-50,F,1,B,5+,1,0.23529411764705882,P00082148,0.11764705882352941,7.0,0.11764705882352941,4064.8784802037476,7029.941176470588
26-35,M,0,A,5+,4,0.2631578947368421,P00005131,0.05263157894736842,28.0,0.10526315789473684,4743.34661388088,3224.8947368421054
26-35,M,0,B,1,5,0.26666666666666666,P00011935,0.06666666666666667,42.0,0.13333333333333333,6696.05835725836,4725.666666666667
46-50,F,1,B,5+,19,0.17142857142857143,P00000205,0.02857142857142857,20.0,0.11428571428571428,9676.284699887517,11324.628571428571
46-50,M,1,B,3,3,0.14583333333333334,P00034037,0.041666666666666664,13.0,0.08333333333333333,10114.970661726542,11705.291666666666
26-35,M,0,A,1,3,0.23809523809523808,P00043044,0.047619047619047616,20.0,0.11904761904761904,9256.629247963996,10861.452380952382
51-55,F,1,B,3,3,0.20930232558139536,P00045785,0.046511627906976744,44.0,0.09302325581395349,10478.65259316902,11968.302325581395
0-17,M,0,A,1,17,0.3333333333333333,P00000743,0.05555555555555555,10.0,0.1111111111111111,5041.209175159509,3535.222222222222
18-25,M,0,A,2,4,0.3,P00019708,0.1,8.0,0.1,9157.338686661218,5415.6
55+,F,1,C,2,4,0.21428571428571427,P00034738,0.14285714285714285,16.0,0.21428571428571427,4571.808995846775,3030.5714285714284
18-25,M,0,A,1,4,0.21428571428571427,P00004323,0.07142857142857142,28.0,0.14285714285714285,5805.349661029316,3259.9285714285716
36-45,F,1,B,2,12,0.23529411764705882,P00000549,0.058823529411764705,20.0,0.11764705882352941,7895.145177110238,5014.64705882353
55+,F,1,C,2,4,0.17647058823529413,P00005627,0.058823529411764705,8.0,0.11764705882352941,8425.711318374742,6900.705882352941
51-55,F,1,C,2,3,0.18181818181818182,P00002733,0.09090909090909091,36.0,0.18181818181818182,6059.22958799219,4688.0
51-55,F,1,C,1,4,0.25,P00008010,0.05,24.0,0.1,4251.936637394901,2738.7
46-50,F,1,B,2,10,0.36363636363636365,P00012072,0.09090909090909091,6.0,0.2727272727272727,3639.250594684171,2141.090909090909
0-17,M,0,A,3,11,0.15,P00003936,0.05,11.0,0.1,7884.4811148229655,5273.65
26-35,M,0,B,2,4,0.17647058823529413,P00003235,0.058823529411764705,18.0,0.11764705882352941,7529.220536662869,5092.529411764706
46-50,M,1,A,5+,17,0.13636363636363635,P00003063,0.022727272727272728,36.0,0.11363636363636363,5866.157862264752,5416.431818181818
36-45,F,1,B,1,16,0.2777777777777778,P00001575,0.05555555555555555,21.0,0.1111111111111111,7876.8265556780725,4846.0
55+,F,1,C,4,3,0.13953488372093023,P00008016,0.023255813953488372,7.0,0.06976744186046512,6934.667738102075,8267.06976744186
26-35,M,0,A,1,3,0.23684210526315788,P00001156,0.02631578947368421,44.0,0.10526315789473684,10247.89556914087,13692.157894736842
55+,F,1,C,4,14,0.15,P00000238,0.025,36.0,0.125,6307.034327658001,6464.2
36-45,F,1,B,3,3,0.1111111111111111,P00000148,0.05555555555555555,35.0,0.16666666666666666,7820.619773845217,8883.0
51-55,F,1,B,3,3,0.1276595744680851,P00000925,0.02127659574468085,36.0,0.10638297872340426,6437.673583120864,6162.574468085107
36-45,F,1,B,2,10,0.2777777777777778,P00002352,0.05555555555555555,30.0,0.16666666666666666,5939.4168019859,4298.777777777777
26-35,M,0,A,4,3,0.14583333333333334,P00010301,0.020833333333333332,42.0,0.10416666666666667,6105.100426934923,5944.270833333333
26-35,M,0,A,2,17,0.3125,P00003525,0.0625,30.0,0.125,6367.501675173186,3690.125
51-55,F,1,B,4,12,0.1875,P00000148,0.020833333333333332,30.0,0.125,6019.345489936287,7197.145833333333
36-45,M,0,B,1,4,0.2222222222222222,P00006347,0.05555555555555555,20.0,0.1111111111111111,7353.795401726752,3526.8888888888887
55+,F,1,C,5+,10,0.18181818181818182,P00000404,0.09090909090909091,36.0,0.2727272727272727,11379.567022439027,8278.727272727272
0-17,M,0,A,2,5,0.3125,P00020682,0.0625,9.0,0.125,6591.908350078401,2874.6875
46-50,M,1,B,5+,11,0.12195121951219512,P00017322,0.04878048780487805,27.0,0.12195121951219512,7345.565984934339,7885.243902439024
46-50,F,1,B,5+,12,0.21052631578947367,P00015688,0.05263157894736842,27.0,0.10526315789473684,6323.458589886684,8249.736842105263
46-50,F,1,C,2,17,0.23076923076923078,P00000105,0.07692307692307693,6.0,0.07692307692307693,3307.67114796452,4366.615384615385
36-45,M,0,B,2,5,0.14285714285714285,P00003954,0.07142857142857142,20.0,0.14285714285714285,9514.760700449233,7280.428571428572
46-50,F,1,C,2,3,0.1875,P00019389,0.0625,30.0,0.3125,8531.402528062625,5649.1875
55+,F,1,C,1,11,0.15217391304347827,P00040983,0.043478260869565216,10.0,0.08695652173913043,6823.854263158829,6849.130434782609
46-50,M,1,B,4,3,0.15,P00091957,0.05,42.0,0.15,6392.719472481657,6650.95
46-50,F,1,B,3,7,0.2631578947368421,P00004082,0.05263157894736842,18.0,0.15789473684210525,4970.428383528876,8691.736842105263
51-55,F,1,C,1,3,0.14285714285714285,P00018050,0.07142857142857142,12.0,0.14285714285714285,8535.769155554939,11005.0
26-35,M,0,A,1,10,0.125,P00021723,0.041666666666666664,7.0,0.08333333333333333,9946.686801432821,10084.1875
26-35,M,0,A,4,3,0.14705882352941177,P00001575,0.029411764705882353,10.0,0.08823529411764706,9803.597927017241,11170.441176470587
0-17,M,0,A,1,17,0.21052631578947367,P00002346,0.05263157894736842,8.0,0.10526315789473684,7587.858502566501,4476.105263157895
26-35,M,0,B,1,16,0.26666666666666666,P00001029,0.06666666666666667,20.0,0.2,6017.730712138051,4453.266666666666
26-35,M,0,B,3,5,0.15789473684210525,P00047255,0.10526315789473684,32.0,0.10526315789473684,6039.037090667364,3975.2631578947367
36-45,M,1,A,1,13,0.14705882352941177,P00004270,0.029411764705882353,21.0,0.08823529411764706,10154.890294442224,11581.676470588236
36-45,M,0,A,2,8,0.14893617021276595,P00005819,0.02127659574468085,40.0,0.0851063829787234,6423.699241729496,5697.553191489362
18-25,M,0,A,1,10,0.21428571428571427,P00011630,0.07142857142857142,4.0,0.07142857142857142,4128.379284475145,2853.8571428571427
51-55,F,1,C,2,6,0.13333333333333333,P00026560,0.06666666666666667,18.0,0.13333333333333333,3447.6225859624046,7818.733333333334
0-17,M,0,A,2,3,0.25,P00001156,0.0625,42.0,0.1875,7341.12212925699,6744.375
36-45,M,1,B,2,3,0.13333333333333333,P00009771,0.06666666666666667,18.0,0.13333333333333333,7539.589418529367,11259.2
55+,F,1,C,1,4,0.25,P00007791,0.08333333333333333,6.0,0.08333333333333333,4800.338659138982,3505.1666666666665
18-25,M,0,A,1,16,0.2,P00000370,0.1,6.0,0.1,9390.944976707911,5972.0
18-25,M,0,A,1,10,0.3,P00000215,0.1,16.0,0.1,7444.820571675615,4320.3
18-25,M,0,A,3,5,0.13333333333333333,P00000936,0.06666666666666667,20.0,0.13333333333333333,5279.432584049521,3838.866666666667
0-17,M,0,A,1,16,0.16666666666666666,P00017388,0.05555555555555555,40.0,0.1111111111111111,4863.487723832485,3928.6111111111113
46-50,F,1,B,4,3,0.14705882352941177,P00004907,0.029411764705882353,14.0,0.08823529411764706,9600.07691814105,11501.882352941177
18-25,M,0,A,3,16,0.21428571428571427,P00014943,0.07142857142857142,9.0,0.14285714285714285,6070.424606326884,5057.142857142857
26-35,M,0,B,2,4,0.2727272727272727,P00014665,0.09090909090909091,18.0,0.18181818181818182,10142.749411189347,5983.272727272727
36-45,F,1,B,3,17,0.26666666666666666,P00091112,0.13333333333333333,44.0,0.2,4981.584579610139,2375.9333333333334
46-50,F,1,B,1,17,0.29411764705882354,P00007781,0.058823529411764705,40.0,0.23529411764705882,7504.168321085053,4919.235294117647
55+,F,1,C,4,10,0.14,P00047031,0.04,18.0,0.08,7812.059463079749,7049.08
0-17,M,0,A,1,10,0.21428571428571427,P00008655,0.07142857142857142,6.0,0.07142857142857142,7781.289328246966,5545.071428571428
51-55,F,1,B,1,3,0.19444444444444445,P00004649,0.05555555555555555,20.0,0.08333333333333333,9191.323145460925,12727.583333333334
26-35,M,0,A,3,11,0.3333333333333333,P00012789,0.06666666666666667,10.0,0.2,3768.0892252604385,7643.133333333333
51-55,F,1,C,2,10,0.2222222222222222,P00095289,0.1111111111111111,20.0,0.1111111111111111,8527.50785702564,5739.388888888889
0-17,M,0,A,1,10,0.23076923076923078,P00002379,0.07692307692307693,12.0,0.15384615384615385,4116.378569281624,3070.230769230769
26-35,M,0,A,3,3,0.2,P00000781,0.03333333333333333,44.0,0.1,10357.290002809561,11838.733333333334
36-45,M,0,A,2,11,0.12,P00000370,0.02,40.0,0.14,7180.886171480169,6562.42
51-55,F,1,B,3,18,0.14285714285714285,P00050176,0.04081632653061224,35.0,0.14285714285714285,10022.77999317887,11376.285714285714
18-25,M,0,A,1,10,0.17647058823529413,P00016386,0.058823529411764705,4.0,0.11764705882352941,6515.270265488067,3284.4117647058824
0-17,M,0,A,2,19,0.16666666666666666,P00005057,0.05555555555555555,6.0,0.1111111111111111,10122.062173964097,7556.222222222223
0-17,M,0,A,2,4,0.3,P00094125,0.1,42.0,0.15,6666.661285436424,4205.2
51-55,F,1,C,2,4,0.23076923076923078,P00001802,0.07692307692307693,4.0,0.15384615384615385,4499.816771198464,2803.846153846154
26-35,M,0,A,2,13,0.1794871794871795,P00036562,0.05128205128205128,36.0,0.1282051282051282,9425.498845320119,11695.128205128205
51-55,F,1,C,2,4,0.15789473684210525,P00009923,0.05263157894736842,4.0,0.15789473684210525,5588.287306804457,4324.631578947368
55+,F,1,C,2,4,0.3125,P00002387,0.0625,8.0,0.125,5919.166737176779,2290.9375
46-50,M,1,B,1,10,0.18181818181818182,P00000953,0.022727272727272728,10.0,0.11363636363636363,5720.8985705521345,5884.318181818182
36-45,M,0,A,5+,11,0.21428571428571427,P00009397,0.07142857142857142,30.0,0.14285714285714285,5786.252213766582,7604.714285714285
0-17,M,0,A,2,4,0.2222222222222222,P00007305,0.05555555555555555,20.0,0.1111111111111111,5721.586752867445,3824.8333333333335
46-50,F,1,B,2,5,0.2727272727272727,P00013116,0.09090909090909091,12.0,0.18181818181818182,5530.144888780861,3632.090909090909
46-50,F,1,C,2,5,0.35294117647058826,P00001976,0.058823529411764705,32.0,0.11764705882352941,6434.263798784826,3469.5882352941176
0-17,M,0,A,2,14,0.15789473684210525,P00000101,0.05263157894736842,6.0,0.05263157894736842,7508.807094502838,5775.736842105263
36-45,F,1,B,1,16,0.21428571428571427,P00003658,0.07142857142857142,30.0,0.21428571428571427,7601.222403500146,4405.214285714285
51-55,F,1,B,4,3,0.16129032258064516,P00003852,0.03225806451612903,36.0,0.12903225806451613,10072.591214808886,12497.774193548386
26-35,M,0,A,1,3,0.1111111111111111,P00004270,0.022222222222222223,7.0,0.06666666666666667,9080.471635784277,10271.08888888889
51-55,F,1,B,5+,20,0.21875,P00000573,0.03125,12.0,0.09375,9953.714521230819,11591.4375
26-35,M,0,A,3,10,0.2727272727272727,P00007255,0.09090909090909091,25.0,0.18181818181818182,9888.163696607631,7766.090909090909
18-25,M,0,A,1,10,0.17647058823529413,P00007161,0.058823529411764705,40.0,0.17647058823529413,8432.851017266448,6504.823529411765
0-17,M,0,A,1,16,0.23529411764705882,P00002084,0.058823529411764705,22.0,0.11764705882352941,8088.464487447904,4879.470588235294
46-50,F,1,C,3,4,0.25,P00034338,0.08333333333333333,4.0,0.25,3646.3870246222264,2003.1666666666667
36-45,F,1,B,4,10,0.21428571428571427,P00001039,0.07142857142857142,36.0,0.21428571428571427,7986.373939954929,9244.357142857143
51-55,F,1,C,5+,12,0.2727272727272727,P00013131,0.09090909090909091,20.0,0.2727272727272727,5025.881663042724,7912.909090909091
46-50,F,1,B,1,3,0.19047619047619047,P00052838,0.047619047619047616,28.0,0.07142857142857142,9404.523734823671,12955.833333333334
46-50,F,1,B,4,3,0.23809523809523808,P00037299,0.047619047619047616,7.0,0.07142857142857142,9380.803264814132,12483.904761904761
0-17,M,0,A,1,10,0.2,P00002743,0.05,21.0,0.15,8971.946302957787,6567.4
46-50,F,1,B,1,8,0.12903225806451613,P00000221,0.03225806451612903,30.0,0.16129032258064516,9677.07833696643,10817.838709677419
0-17,M,0,A,1,10,0.2777777777777778,P00006347,0.05555555555555555,4.0,0.1111111111111111,5415.382642380749,3675.1111111111113
36-45,M,0,B,1,17,0.2857142857142857,P00020192,0.07142857142857142,24.0,0.2857142857142857,5268.340060636319,2875.9285714285716
46-50,F,1,B,2,5,0.2,P00004150,0.06666666666666667,40.0,0.2,5856.97560748435,4460.533333333334
51-55,F,1,C,4,12,0.21052631578947367,P00096416,0.10526315789473684,30.0,0.15789473684210525,5166.608614840819,7441.631578947368
51-55,F,1,B,5+,3,0.1,P00066111,0.04,40.0,0.08,7340.589967531804,7116.9
55+,F,1,C,2,17,0.3333333333333333,P00000070,0.05555555555555555,20.0,0.1111111111111111,5366.006766455579,3459.8333333333335
51-55,F,1,B,4,11,0.14634146341463414,P00005612,0.024390243902439025,7.0,0.04878048780487805,6921.834287151094,7205.585365853659
26-35,M,0,A,2,8,0.16666666666666666,P00004150,0.05555555555555555,18.0,0.1111111111111111,8931.69326545842,5937.333333333333
55+,F,1,C,5+,15,0.17647058823529413,P00006098,0.058823529411764705,20.0,0.11764705882352941,6233.359259212625,3851.176470588235
36-45,M,1,B,2,6,0.25,P00006542,0.08333333333333333,14.0,0.16666666666666666,8876.809935802594,10065.5
51-55,F,1,C,5+,8,0.12244897959183673,P00001029,0.02040816326530612,20.0,0.10204081632653061,7620.746354524603,8150.428571428572
36-45,F,1,B,2,3,0.15,P00002469,0.05,40.0,0.15,8452.611489325278,7073.6
46-50,M,1,B,5+,13,0.18421052631578946,P00068130,0.05263157894736842,40.0,0.13157894736842105,9214.350750652242,9398.026315789473
0-17,M,0,A,1,5,0.15789473684210525,P00011222,0.05263157894736842,16.0,0.21052631578947367,4475.518086903328,2995.4210526315787
55+,F,1,C,3,5,0.2,P00007851,0.1,6.0,0.1,8096.675579108584,7774.1
0-17,M,0,A,1,5,0.26666666666666666,P00000772,0.06666666666666667,20.0,0.2,3181.479814414011,1913.6666666666667
18-25,M,0,A,3,11,0.2,P00012963,0.1,16.0,0.1,3438.5689917625778,5516.6
46-50,F,1,B,3,19,0.13333333333333333,P00007161,0.03333333333333333,28.0,0.1,9621.076131412574,11812.733333333334
51-55,F,1,C,4,5,0.16666666666666666,P00001455,0.08333333333333333,6.0,0.16666666666666666,3429.805280938193,3118.5833333333335
46-50,F,1,B,2,8,0.18181818181818182,P00002274,0.09090909090909091,45.0,0.18181818181818182,4360.8253534894475,4357.818181818182
0-17,M,0,A,5+,10,0.25,P00012057,0.05,36.0,0.2,5160.221934231736,3223.9
36-45,M,0,A,4,19,0.175,P00058904,0.05,36.0,0.125,9067.13477995936,12454.9
55+,F,1,C,4,11,0.13333333333333333,P00000549,0.022222222222222223,9.0,0.08888888888888889,8453.630979668089,8068.822222222222
46-50,F,1,B,4,9,0.2,P00013089,0.06666666666666667,30.0,0.2,5618.166755734302,8338.466666666667
18-25,M,0,A,1,10,0.38461538461538464,P00023620,0.07692307692307693,32.0,0.15384615384615385,3709.5406620061362,2383.6153846153848
36-45,M,1,A,1,3,0.12244897959183673,P00028271,0.04081632653061224,6.0,0.061224489795918366,9109.741979206716,10701.224489795919
55+,F,1,C,3,3,0.16666666666666666,P00004631,0.05555555555555555,14.0,0.1111111111111111,7964.6744684819905,5137.277777777777
26-35,M,0,A,1,3,0.3,P00000101,0.03333333333333333,42.0,0.13333333333333333,8871.98512068236,14061.866666666667
26-35,M,0,A,1,3,0.1935483870967742,P00005261,0.03225806451612903,20.0,0.0967741935483871,8932.179446381806,10377.935483870968
26-35,M,0,A,1,3,0.18181818181818182,P00000101,0.022727272727272728,36.0,0.09090909090909091,9231.93395283533,13053.954545454546
36-45,F,1,B,4,9,0.15,P00003088,0.05,7.0,0.1,4075.379110553624,3718.5
18-25,M,0,A,1,5,0.17647058823529413,P00002346,0.058823529411764705,16.0,0.11764705882352941,2658.8340959901957,1378.0
46-50,M,1,A,4,1,0.08695652173913043,P00001409,0.021739130434782608,10.0,0.08695652173913043,5393.182674710913,6113.282608695652
55+,F,1,C,2,10,0.23076923076923078,P00005460,0.07692307692307693,12.0,0.23076923076923078,8648.2767692138,6656.076923076923
0-17,M,0,A,2,10,0.3333333333333333,P00040780,0.1111111111111111,42.0,0.16666666666666666,7628.311764032789,4613.388888888889
18-25,M,0,A,1,5,0.23076923076923078,P00005460,0.07692307692307693,28.0,0.23076923076923078,4412.782708311076,3255.6923076923076
46-50,F,1,B,3,4,0.21428571428571427,P00011460,0.07142857142857142,44.0,0.14285714285714285,8146.471623812508,4654.071428571428
26-35,M,0,A,3,13,0.17073170731707318,P00024477,0.04878048780487805,18.0,0.0975609756097561,10108.749326455869,10865.170731707318
26-35,M,0,B,2,10,0.25,P00015036,0.05,20.0,0.2,10643.433574398421,8198.6
26-35,M,0,A,3,9,0.17647058823529413,P00001029,0.058823529411764705,7.0,0.23529411764705882,5023.860788336819,6954.705882352941
26-35,M,0,A,1,16,0.23076923076923078,P00012964,0.07692307692307693,16.0,0.15384615384615385,5398.415068926273,3097.3846153846152
18-25,M,0,A,1,9,0.13333333333333333,P00034113,0.13333333333333333,9.0,0.2,4315.373886577197,6405.266666666666
55+,F,1,C,2,10,0.15789473684210525,P00001853,0.05263157894736842,30.0,0.15789473684210525,8884.386964275822,6059.789473684211
18-25,M,0,A,2,10,0.21428571428571427,P00001790,0.07142857142857142,42.0,0.14285714285714285,2637.968065857416,2260.1428571428573
46-50,F,1,B,4,1,0.2,P00021500,0.05,36.0,0.15,3426.568859277225,5117.6
36-45,M,1,A,4,3,0.17647058823529413,P00054968,0.058823529411764705,10.0,0.08823529411764706,8791.428057317396,11753.470588235294
51-55,F,1,C,1,16,0.21052631578947367,P00017709,0.05263157894736842,7.0,0.10526315789473684,5513.794166552748,3635.0
55+,F,1,C,1,10,0.21428571428571427,P00007232,0.07142857142857142,30.0,0.21428571428571427,11154.370191706315,6607.714285714285
55+,F,1,C,2,17,0.2727272727272727,P00002152,0.09090909090909091,16.0,0.18181818181818182,10291.547155532322,7703.363636363636
36-45,M,1,A,1,3,0.13513513513513514,P00071849,0.05405405405405406,10.0,0.10810810810810811,8933.327253090576,13081.45945945946
0-17,M,0,A,2,10,0.23529411764705882,P00002733,0.058823529411764705,16.0,0.17647058823529413,8049.878237570173,5468.470588235294
0-17,M,0,A,1,16,0.2727272727272727,P00002733,0.09090909090909091,30.0,0.2727272727272727,10614.360058644395,7110.636363636364
46-50,F,1,C,1,10,0.3,P00016292,0.1,30.0,0.2,10943.457865064609,6996.4
36-45,M,1,A,4,3,0.1590909090909091,P00000101,0.022727272727272728,21.0,0.11363636363636363,8603.803701671266,10824.34090909091
51-55,F,1,C,2,4,0.16666666666666666,P00000221,0.08333333333333333,30.0,0.25,4610.245152227413,3276.0
26-35,M,0,A,2,3,0.22727272727272727,P00007687,0.045454545454545456,7.0,0.09090909090909091,8605.722034998427,10705.477272727272
36-45,F,1,B,3,5,0.4,P00006470,0.1,40.0,0.2,1088.9348975540784,910.1
55+,F,1,C,2,4,0.3,P00055039,0.2,20.0,0.2,8942.361334308367,4548.3
46-50,F,1,B,3,3,0.23076923076923078,P00013678,0.07692307692307693,3.0,0.07692307692307693,3798.8272886814384,6469.461538461538
26-35,M,0,A,4,5,0.18181818181818182,P00002152,0.09090909090909091,18.0,0.09090909090909091,2670.004130061498,4468.636363636364
46-50,F,1,C,1,10,0.1875,P00000781,0.0625,4.0,0.125,9373.007220871004,6439.6875
46-50,F,1,B,1,12,0.1875,P00078560,0.0625,30.0,0.125,10272.349079538484,10383.53125
0-17,M,0,A,2,4,0.2,P00016386,0.05,4.0,0.2,6608.654532027243,2610.75
26-35,M,0,B,1,3,0.2222222222222222,P00001383,0.05555555555555555,24.0,0.16666666666666666,8724.432505094399,4960.777777777777
36-45,M,1,A,4,8,0.125,P00009923,0.03125,10.0,0.125,9599.779290977676,13278.125
51-55,F,1,C,1,5,0.17647058823529413,P00000221,0.058823529411764705,40.0,0.23529411764705882,5821.771484744849,4092.294117647059
46-50,F,1,C,2,4,0.2,P00014911,0.1,28.0,0.2,5484.507254277472,3192.4
55+,F,1,C,5+,3,0.20408163265306123,P00000247,0.02040816326530612,12.0,0.061224489795918366,9936.874351288705,13118.040816326531
55+,F,1,C,5+,12,0.17073170731707318,P00066708,0.04878048780487805,40.0,0.12195121951219512,5452.879402261685,6446.780487804878
55+,F,1,C,2,17,0.26666666666666666,P00012687,0.06666666666666667,36.0,0.2,7580.529004030813,5391.466666666666
36-45,F,1,B,4,3,0.1875,P00010231,0.0625,27.0,0.1875,3874.2160819964597,7730.375
36-45,M,0,B,4,17,0.16666666666666666,P00008197,0.05555555555555555,40.0,0.1111111111111111,8271.491877669525,5055.333333333333
55+,F,1,C,5+,15,0.25,P00019881,0.08333333333333333,18.0,0.16666666666666666,7683.76193522891,5317.75
36-45,F,1,B,1,17,0.1875,P00013089,0.0625,36.0,0.125,12117.295774876231,10502.6875
51-55,F,1,C,2,10,0.2,P00000925,0.1,4.0,0.1,8355.589485820588,5104.1
51-55,F,1,C,1,10,0.4,P00014365,0.1,4.0,0.1,8113.2941172703295,6068.1
46-50,F,1,B,1,11,0.26666666666666666,P00003453,0.06666666666666667,35.0,0.13333333333333333,8421.282905885088,8358.066666666668
36-45,M,1,A,4,3,0.15,P00001282,0.025,33.0,0.075,7640.147851301283,7364.3
36-45,M,1,B,5+,11,0.2727272727272727,P00037520,0.18181818181818182,7.0,0.2727272727272727,4386.429264322986,7835.909090909091
46-50,F,1,B,2,1,0.125,P00000105,0.0625,10.0,0.125,4579.638125714739,5976.1875
36-45,F,1,B,1,10,0.4166666666666667,P00027739,0.08333333333333333,6.0,0.08333333333333333,8154.835781840605,4073.0833333333335
51-55,F,1,C,1,5,0.21428571428571427,P00007722,0.07142857142857142,21.0,0.14285714285714285,2106.038403790814,1481.7142857142858
36-45,M,1,B,1,12,0.25,P00000947,0.08333333333333333,14.0,0.25,7237.978583119529,8002.833333333333
36-45,M,1,B,1,17,0.2,P00002152,0.06666666666666667,28.0,0.2,9347.101245076696,9918.6
18-25,M,0,A,2,4,0.16666666666666666,P00008415,0.05555555555555555,36.0,0.16666666666666666,3788.14231681154,3058.722222222222
36-45,M,0,A,2,3,0.1875,P00008564,0.0625,7.0,0.1875,7476.80893580276,7400.4375
51-55,F,1,B,5+,3,0.16666666666666666,P00000148,0.023809523809523808,21.0,0.07142857142857142,6783.511125123108,7468.285714285715
55+,F,1,C,5+,9,0.125,P00009589,0.05,9.0,0.075,8352.375426894727,8158.4
18-25,M,0,A,2,17,0.23529411764705882,P00001790,0.058823529411764705,18.0,0.11764705882352941,7466.774592565151,5411.235294117647
36-45,M,0,B,1,5,0.2,P00004403,0.06666666666666667,30.0,0.13333333333333333,8796.530839457326,6692.666666666667
18-25,M,0,A,1,11,0.15789473684210525,P00001156,0.05263157894736842,20.0,0.15789473684210525,4496.804786351049,4301.789473684211
36-45,F,1,B,5+,11,0.3,P00004977,0.1,36.0,0.2,2656.097797730933,5801.2
18-25,M,0,A,2,3,0.11764705882352941,P00000718,0.058823529411764705,8.0,0.11764705882352941,9277.212305127643,5434.823529411765
26-35,M,0,B,2,15,0.2222222222222222,P00005818,0.05555555555555555,24.0,0.1111111111111111,5901.9787597928325,2718.8888888888887
36-45,F,1,B,3,3,0.15789473684210525,P00000070,0.05263157894736842,10.0,0.21052631578947367,5153.014068320025,6254.105263157895
36-45,M,1,A,4,3,0.2653061224489796,P00045685,0.04081632653061224,14.0,0.08163265306122448,9430.19832550373,13299.57142857143
26-35,M,0,B,2,1,0.15384615384615385,P00002815,0.07692307692307693,20.0,0.15384615384615385,5478.207888230116,5979.0
0-17,M,0,A,2,15,0.25,P00011738,0.0625,16.0,0.125,900.2647758668927,613.5
0-17,M,0,A,3,10,0.2222222222222222,P00000404,0.05555555555555555,12.0,0.1111111111111111,10375.750969592827,6893.222222222223
46-50,M,1,B,3,3,0.1590909090909091,P00000101,0.022727272727272728,40.0,0.09090909090909091,8778.873572798972,10533.954545454546
51-55,F,1,C,5+,10,0.16,P00086087,0.04,42.0,0.1,7257.828412500954,7360.2
46-50,F,1,C,2,17,0.1875,P00000404,0.0625,6.0,0.125,7031.259749326575,2977.0625
51-55,F,1,B,4,1,0.13333333333333333,P00009397,0.06666666666666667,5.0,0.06666666666666667,4007.818135784583,4829.933333333333
51-55,F,1,B,5+,3,0.13953488372093023,P00044540,0.046511627906976744,18.0,0.09302325581395349,7175.90262217708,8177.441860465116
0-17,M,0,A,2,3,0.17647058823529413,P00000770,0.058823529411764705,16.0,0.11764705882352941,4858.605375123243,4529.764705882353
46-50,F,1,B,1,10,0.3076923076923077,P00007801,0.07692307692307693,40.0,0.15384615384615385,2564.5681372833965,1768.3076923076924
26-35,M,0,A,5+,3,0.2,P00030169,0.06666666666666667,42.0,0.13333333333333333,9778.071106413012,11253.7
26-35,M,0,B,2,5,0.35294117647058826,P00012687,0.058823529411764705,24.0,0.11764705882352941,5110.202626349853,3727.5882352941176
46-50,F,1,C,1,11,0.1875,P00000610,0.0625,28.0,0.125,6810.672291521594,6468.5625
26-35,M,0,A,3,20,0.18604651162790697,P00033397,0.046511627906976744,10.0,0.09302325581395349,9737.973609019835,10952.116279069767
51-55,F,1,C,1,10,0.2,P00000953,0.05,42.0,0.15,6111.596706477905,2974.25
26-35,M,0,A,3,11,0.2222222222222222,P00002733,0.05555555555555555,14.0,0.1111111111111111,7621.373043957591,7753.388888888889
46-50,F,1,B,5+,12,0.2222222222222222,P00007687,0.05555555555555555,27.0,0.16666666666666666,6129.987500920202,7661.055555555556
26-35,M,0,B,2,15,0.23076923076923078,P00000795,0.07692307692307693,6.0,0.07692307692307693,6454.252133482554,4700.538461538462
51-55,F,1,C,1,11,0.23529411764705882,P00004907,0.058823529411764705,14.0,0.11764705882352941,4656.0331299672835,7767.411764705882
55+,F,1,C,3,16,0.25,P00006098,0.0625,3.0,0.0625,3555.4931373861486,2845.375
51-55,F,1,C,4,11,0.175,P00000549,0.025,20.0,0.1,5147.8482774047925,6554.6
0-17,M,0,A,3,4,0.17647058823529413,P00011630,0.058823529411764705,12.0,0.11764705882352941,4338.317734411103,2555.470588235294
51-55,F,1,B,5+,12,0.125,P00034411,0.041666666666666664,10.0,0.125,4203.545926311491,5435.666666666667
51-55,F,1,B,1,3,0.12121212121212122,P00091846,0.06060606060606061,20.0,0.12121212121212122,8500.93598500848,9147.60606060606
18-25,M,0,A,1,5,0.25,P00009954,0.0625,3.0,0.0625,9821.583299889415,7086.125
51-55,F,1,C,4,9,0.16666666666666666,P00003382,0.05555555555555555,45.0,0.2222222222222222,5798.608804304656,8063.222222222223
55+,F,1,C,2,11,0.3157894736842105,P00023185,0.10526315789473684,18.0,0.21052631578947367,7442.161782708033,8987.0
46-50,F,1,B,5+,3,0.1956521739130435,P00096342,0.043478260869565216,44.0,0.10869565217391304,10149.247652586202,11993.326086956522
46-50,F,1,B,3,13,0.13157894736842105,P00002052,0.02631578947368421,4.0,0.07894736842105263,9884.590839735858,11967.342105263158
36-45,M,0,A,2,11,0.11904761904761904,P00009108,0.023809523809523808,42.0,0.11904761904761904,6490.431627331054,7719.785714285715
18-25,M,0,A,1,11,0.29411764705882354,P00003003,0.058823529411764705,27.0,0.17647058823529413,4224.398366492385,8488.941176470587
36-45,M,1,A,1,13,0.15151515151515152,P00001029,0.030303030303030304,11.0,0.09090909090909091,9729.220937328357,14382.121212121212
46-50,M,1,A,5+,3,0.13953488372093023,P00059569,0.046511627906976744,28.0,0.06976744186046512,10004.328957801346,12065.906976744185
55+,F,1,C,3,12,0.2,P00015001,0.1,7.0,0.2,6453.834763577044,7679.6
36-45,M,0,A,1,18,0.1111111111111111,P00002627,0.027777777777777776,35.0,0.08333333333333333,9305.800098487818,11904.888888888889
46-50,F,1,B,1,1,0.11764705882352941,P00001409,0.058823529411764705,7.0,0.11764705882352941,6404.516385516781,6416.411764705882
36-45,M,0,A,4,3,0.18604651162790697,P00034573,0.046511627906976744,13.0,0.09302325581395349,8575.85411616274,13817.186046511628
18-25,M,0,A,2,10,0.23529411764705882,P00005873,0.058823529411764705,4.0,0.11764705882352941,8525.975244372168,6382.35294117647
18-25,M,0,A,4,3,0.16666666666666666,P00005857,0.05555555555555555,15.0,0.16666666666666666,7139.1108481809115,5563.055555555556
26-35,M,0,A,5+,12,0.21052631578947367,P00012592,0.05263157894736842,7.0,0.10526315789473684,4509.373298348635,6560.105263157895
26-35,M,0,B,1,8,0.21428571428571427,P00003227,0.07142857142857142,40.0,0.21428571428571427,1555.6053696018364,1487.2857142857142
46-50,F,1,B,4,8,0.16666666666666666,P00055541,0.1111111111111111,10.0,0.16666666666666666,3666.4051029700695,5410.555555555556
46-50,F,1,B,4,3,0.21951219512195122,P00016360,0.04878048780487805,9.0,0.12195121951219512,8435.88121526428,12524.853658536585
26-35,M,0,A,3,3,0.3333333333333333,P00002815,0.08333333333333333,36.0,0.25,7537.270357826478,9899.083333333334
36-45,M,0,A,3,8,0.3333333333333333,P00020771,0.08333333333333333,3.0,0.16666666666666666,3960.26464814327,6587.083333333333
51-55,F,1,C,1,10,0.21428571428571427,P00012072,0.07142857142857142,12.0,0.07142857142857142,7914.53807007316,4424.357142857143
51-55,F,1,C,4,12,0.21052631578947367,P00025117,0.10526315789473684,9.0,0.10526315789473684,6977.550344703039,7873.421052631579
55+,F,1,C,2,17,0.4,P00001976,0.1,10.0,0.2,3868.4770890996483,3042.9
36-45,M,1,A,5+,18,0.1875,P00007348,0.03125,14.0,0.09375,10801.874554638804,12801.09375
26-35,M,0,A,4,18,0.15625,P00057831,0.0625,42.0,0.15625,10132.841019577096,13367.96875
55+,F,1,C,3,8,0.15789473684210525,P00006980,0.05263157894736842,20.0,0.15789473684210525,7818.735862361645,4613.526315789473
51-55,F,1,C,4,3,0.10204081632653061,P00052746,0.04081632653061224,36.0,0.08163265306122448,7143.247707774514,7567.34693877551
36-45,M,1,A,1,3,0.14634146341463414,P00008604,0.024390243902439025,7.0,0.07317073170731707,10228.362473724836,12934.609756097561
55+,F,1,C,1,4,0.2,P00003676,0.05,12.0,0.1,5309.318128486339,2787.4
36-45,F,1,B,1,4,0.25,P00069480,0.1,7.0,0.15,9101.643641470248,8357.35
36-45,F,1,B,1,17,0.3,P00010945,0.1,36.0,0.2,7883.718925735493,3127.9
26-35,M,0,A,5+,16,0.2,P00000781,0.05,18.0,0.15,6560.283133130925,3933.05
55+,F,1,C,3,5,0.25,P00020373,0.08333333333333333,20.0,0.25,4114.770786907562,2929.5833333333335
26-35,M,0,A,4,3,0.16279069767441862,P00038881,0.046511627906976744,24.0,0.06976744186046512,10066.106836886134,12451.651162790698
51-55,F,1,C,2,10,0.15,P00009397,0.05,30.0,0.15,9411.564976833442,7665.95
36-45,F,1,B,4,1,0.1111111111111111,P00013324,0.05555555555555555,40.0,0.2222222222222222,7568.710553185959,8578.444444444445
36-45,M,1,B,1,12,0.23076923076923078,P00004405,0.07692307692307693,9.0,0.15384615384615385,3046.0685717149804,4993.076923076923
51-55,F,1,C,5+,18,0.13636363636363635,P00005131,0.022727272727272728,7.0,0.09090909090909091,10143.951485046273,11254.613636363636
26-35,M,0,A,3,11,0.26666666666666666,P00035763,0.13333333333333333,27.0,0.2,3704.6580884584955,7641.866666666667
26-35,M,0,B,3,3,0.17647058823529413,P00007816,0.058823529411764705,20.0,0.11764705882352941,9003.298027667417,6582.0
46-50,F,1,B,2,3,0.2,P00008415,0.1,18.0,0.2,7489.83003812503,6568.0
26-35,M,0,A,5+,3,0.20512820512820512,P00057831,0.05128205128205128,42.0,0.15384615384615385,9446.661602412745,13936.871794871795
55+,F,1,C,1,16,0.23529411764705882,P00000781,0.058823529411764705,16.0,0.17647058823529413,6660.258138434894,3882.705882352941
0-17,M,0,A,2,5,0.16666666666666666,P00007687,0.05555555555555555,12.0,0.1111111111111111,7136.98692397157,3699.6666666666665
36-45,M,1,A,2,3,0.18604651162790697,P00039784,0.046511627906976744,28.0,0.11627906976744186,10231.01944119947,13921.837209302326
18-25,M,0,A,2,4,0.17647058823529413,P00002538,0.058823529411764705,4.0,0.11764705882352941,5379.22546564969,3509.8823529411766
51-55,F,1,C,5+,11,0.14893617021276595,P00096539,0.0425531914893617,7.0,0.06382978723404255,6954.5417649879755,7149.723404255319
46-50,F,1,B,5+,14,0.2777777777777778,P00010731,0.05555555555555555,9.0,0.1111111111111111,5841.95602958752,6906.611111111111
55+,F,1,C,3,3,0.16666666666666666,P00038508,0.05555555555555555,20.0,0.1388888888888889,9711.995116333335,12393.944444444445
51-55,F,1,C,2,12,0.26666666666666666,P00000070,0.06666666666666667,7.0,0.13333333333333333,5333.3030621164735,6118.466666666666
18-25,M,0,A,1,3,0.11764705882352941,P00003448,0.058823529411764705,12.0,0.17647058823529413,5281.777204106921,4783.941176470588
46-50,F,1,B,4,9,0.25,P00003708,0.08333333333333333,9.0,0.08333333333333333,5041.968557202453,7997.25
46-50,F,1,B,1,3,0.13333333333333333,P00011738,0.06666666666666667,20.0,0.13333333333333333,7002.767237382118,4000.4666666666667
26-35,M,0,A,3,3,0.23333333333333334,P00001110,0.03333333333333333,40.0,0.16666666666666666,10225.84154061626,11777.6
51-55,F,1,C,1,4,0.2631578947368421,P00000148,0.05263157894736842,10.0,0.10526315789473684,6717.764403787566,4773.1578947368425
36-45,M,0,A,5+,12,0.23529411764705882,P00006684,0.058823529411764705,18.0,0.11764705882352941,4714.199018890259,6052.470588235294
26-35,M,0,A,4,12,0.38461538461538464,P00001802,0.07692307692307693,7.0,0.15384615384615385,7598.7345606408,9225.615384615385
18-25,M,0,A,2,9,0.13333333333333333,P00000953,0.06666666666666667,9.0,0.13333333333333333,6710.110918819238,6911.6
36-45,F,1,B,2,4,0.14285714285714285,P00011893,0.07142857142857142,18.0,0.21428571428571427,7957.334731395465,4216.785714285715
26-35,M,0,A,1,10,0.21428571428571427,P00005873,0.07142857142857142,30.0,0.14285714285714285,8391.547732132574,5171.428571428572
51-55,F,1,C,3,5,0.2727272727272727,P00020231,0.09090909090909091,6.0,0.09090909090909091,7442.865271825458,3368.3636363636365
55+,F,1,C,1,10,0.2222222222222222,P00000070,0.05555555555555555,28.0,0.2222222222222222,5238.478778089755,2515.4444444444443
51-55,F,1,C,2,9,0.125,P00000526,0.0625,14.0,0.1875,9489.189497352587,8752.875
55+,F,1,C,2,10,0.23529411764705882,P00005621,0.058823529411764705,4.0,0.17647058823529413,5256.193442725728,2806.4117647058824
46-50,F,1,B,2,20,0.2,P00000221,0.06666666666666667,36.0,0.13333333333333333,9914.99353216416,6959.2
36-45,M,1,A,3,3,0.1388888888888889,P00004189,0.027777777777777776,14.0,0.1111111111111111,9250.989381836796,12296.5
46-50,F,1,B,5+,9,0.15384615384615385,P00013324,0.07692307692307693,27.0,0.15384615384615385,10109.49225055851,13191.307692307691
46-50,F,1,C,1,10,0.13333333333333333,P00017352,0.06666666666666667,36.0,0.2,5030.167693881728,4951.8
46-50,F,1,B,2,18,0.15555555555555556,P00036562,0.044444444444444446,40.0,0.08888888888888889,7938.8540332730745,10365.955555555556
18-25,M,0,A,2,5,0.15789473684210525,P00073121,0.10526315789473684,10.0,0.10526315789473684,6963.917679746968,4733.315789473684
18-25,M,0,A,2,4,0.2,P00020231,0.06666666666666667,21.0,0.13333333333333333,5337.978735528307,2774.133333333333
51-55,F,1,C,2,11,0.26666666666666666,P00064700,0.13333333333333333,42.0,0.26666666666666666,3216.4741758343907,5419.866666666667
26-35,M,0,B,3,4,0.23529411764705882,P00004697,0.058823529411764705,42.0,0.17647058823529413,2815.4476670995805,1150.235294117647
55+,F,1,C,1,17,0.2,P00003072,0.06666666666666667,4.0,0.06666666666666667,8941.572605904772,5166.666666666667
46-50,F,1,C,2,15,0.23529411764705882,P00003088,0.058823529411764705,36.0,0.17647058823529413,8737.46706170683,7264.176470588235
55+,F,1,C,1,15,0.2,P00001085,0.05,36.0,0.1,6789.63829437335,3738.8
55+,F,1,C,1,5,0.14285714285714285,P00027896,0.07142857142857142,4.0,0.14285714285714285,6633.515220553781,4562.785714285715
46-50,M,1,B,5+,3,0.13636363636363635,P00005057,0.022727272727272728,21.0,0.11363636363636363,7231.059091084282,6601.840909090909
55+,F,1,C,2,16,0.36363636363636365,P00001803,0.09090909090909091,28.0,0.18181818181818182,2643.3318781760677,1418.2727272727273
46-50,M,1,B,5+,17,0.17073170731707318,P00001383,0.024390243902439025,36.0,0.0975609756097561,7555.831615785093,7108.512195121952
46-50,F,1,B,1,3,0.15151515151515152,P00000404,0.030303030303030304,21.0,0.12121212121212122,8536.994975745805,11537.818181818182
36-45,F,1,B,2,4,0.1875,P00001398,0.0625,30.0,0.1875,9764.395184376073,6502.875
55+,F,1,C,5+,3,0.14285714285714285,P00062898,0.047619047619047616,18.0,0.11904761904761904,5758.439567808066,6957.5
55+,F,1,C,5+,12,0.125,P00000215,0.025,30.0,0.125,7635.845311961545,8297.75
18-25,M,0,A,1,5,0.2,P00016799,0.06666666666666667,20.0,0.13333333333333333,7153.595986834673,4164.4
36-45,M,0,A,5+,6,0.11363636363636363,P00055285,0.045454545454545456,30.0,0.09090909090909091,6595.478647196401,7637.136363636364
18-25,M,0,A,2,17,0.36363636363636365,P00017259,0.09090909090909091,3.0,0.09090909090909091,8392.60573145411,4773.818181818182
36-45,M,0,B,1,4,0.1875,P00012963,0.0625,35.0,0.125,8968.183379546088,6707.9375
46-50,F,1,B,1,4,0.17647058823529413,P00017752,0.058823529411764705,12.0,0.17647058823529413,5513.253831343477,4300.941176470588
36-45,M,0,A,3,3,0.175,P00096342,0.05,10.0,0.1,10382.458078598062,11897.8
18-25,M,0,A,4,3,0.25,P00022711,0.08333333333333333,36.0,0.16666666666666666,6106.868227287579,4678.5
18-25,M,0,A,4,1,0.2,P00000953,0.05,40.0,0.2,4003.5786212232406,6794.75
46-50,F,1,B,2,17,0.2631578947368421,P00007153,0.05263157894736842,40.0,0.10526315789473684,5537.360753730884,3740.315789473684
51-55,F,1,C,1,9,0.15,P00002052,0.05,6.0,0.1,6972.870952937233,5718.2
26-35,M,0,A,1,13,0.14285714285714285,P00000518,0.07142857142857142,20.0,0.14285714285714285,7900.063370520629,5572.214285714285
55+,F,1,C,5+,3,0.2702702702702703,P00016734,0.05405405405405406,35.0,0.10810810810810811,9666.800566873184,13407.54054054054
36-45,M,0,B,1,16,0.2,P00000221,0.05,18.0,0.15,4785.199729373895,4184.85
46-50,F,1,B,5+,3,0.2,P00023404,0.1,36.0,0.2,7420.2640294444145,4819.4
0-17,M,0,A,2,5,0.25,P00002052,0.0625,40.0,0.125,3378.265600373462,2214.75
36-45,M,0,B,2,10,0.23076923076923078,P00001085,0.07692307692307693,24.0,0.15384615384615385,5250.489439945039,3221.230769230769
46-50,M,1,B,4,7,0.15217391304347827,P00040983,0.043478260869565216,40.0,0.13043478260869565,6330.05808465234,7429.021739130435
55+,F,1,C,1,12,0.17647058823529413,P00002815,0.058823529411764705,18.0,0.11764705882352941,7125.280625020611,5692.117647058823
46-50,F,1,B,2,7,0.16666666666666666,P00005131,0.08333333333333333,45.0,0.16666666666666666,4025.8578334877334,4477.75
46-50,F,1,B,3,5,0.2222222222222222,P00000718,0.05555555555555555,4.0,0.05555555555555555,6984.011392042757,5083.222222222223
18-25,M,0,A,2,7,0.2,P00018886,0.05,9.0,0.1,6471.916687341915,10107.15
46-50,M,1,B,4,17,0.16666666666666666,P00001457,0.020833333333333332,42.0,0.14583333333333334,5938.209758660821,7505.270833333333
36-45,F,1,B,4,9,0.14285714285714285,P00003676,0.07142857142857142,40.0,0.21428571428571427,6342.047241135248,5608.857142857143
26-35,M,0,A,3,15,0.17647058823529413,P00000070,0.058823529411764705,6.0,0.11764705882352941,9587.093896990154,5961.529411764706
26-35,M,0,A,5+,6,0.2,P00001576,0.05,40.0,0.15,2728.8872418895157,8190.0
26-35,M,0,A,5+,3,0.3333333333333333,P00002627,0.08333333333333333,42.0,0.25,4506.66813951249,6463.083333333333
51-55,F,1,B,2,18,0.1702127659574468,P00064596,0.0425531914893617,28.0,0.10638297872340426,9580.643215454358,11707.27659574468
18-25,M,0,A,5+,3,0.2,P00003982,0.1,14.0,0.2,5054.238854664469,6014.2
26-35,M,0,A,4,3,0.11764705882352941,P00004907,0.029411764705882353,20.0,0.08823529411764706,10834.822600993932,11716.411764705883
46-50,F,1,B,1,9,0.21428571428571427,P00003745,0.07142857142857142,9.0,0.14285714285714285,4190.3593888462965,6391.5
18-25,M,0,A,3,3,0.2,P00001110,0.05,8.0,0.15,10034.260971790598,6320.25
36-45,M,0,B,1,10,0.18181818181818182,P00018886,0.09090909090909091,16.0,0.18181818181818182,6783.805428438311,4806.090909090909
36-45,F,1,B,1,10,0.21428571428571427,P00020795,0.07142857142857142,6.0,0.35714285714285715,3447.4170136399316,2646.285714285714
51-55,F,1,C,5+,3,0.15555555555555556,P00027962,0.044444444444444446,13.0,0.08888888888888889,9934.090643187765,12483.955555555556
26-35,M,0,A,4,20,0.14705882352941177,P00002379,0.029411764705882353,6.0,0.08823529411764706,10048.224614381863,10661.088235294117
26-35,M,0,B,2,5,0.21052631578947367,P00003453,0.05263157894736842,28.0,0.15789473684210525,6167.409462139206,3867.157894736842
55+,F,1,C,1,17,0.3,P00005588,0.1,15.0,0.2,7112.119983989771,6251.0
18-25,M,0,A,1,4,0.16666666666666666,P00002052,0.05555555555555555,6.0,0.1111111111111111,4124.803816685563,2642.9444444444443
55+,F,1,C,5+,11,0.2,P00000925,0.02,27.0,0.12,5038.666098021077,6633.44
36-45,F,1,B,1,10,0.21428571428571427,P00025982,0.07142857142857142,18.0,0.14285714285714285,8388.916639180585,4970.928571428572
51-55,F,1,C,2,10,0.17647058823529413,P00012601,0.058823529411764705,10.0,0.11764705882352941,8094.8668570782265,6746.058823529412
36-45,M,0,B,2,7,0.16666666666666666,P00014943,0.08333333333333333,30.0,0.16666666666666666,3543.1755744692014,4131.666666666667
46-50,F,1,C,3,10,0.15789473684210525,P00008902,0.05263157894736842,20.0,0.15789473684210525,8288.954852323643,5740.105263157895
46-50,F,1,B,2,5,0.21052631578947367,P00002346,0.05263157894736842,20.0,0.10526315789473684,6211.765774796702,4360.526315789473
36-45,M,1,A,1,3,0.1794871794871795,P00021541,0.05128205128205128,14.0,0.10256410256410256,8412.405037292901,12400.589743589744
18-25,M,0,A,2,10,0.3076923076923077,P00028106,0.07692307692307693,14.0,0.15384615384615385,8500.737609021697,6199.307692307692
0-17,M,0,A,1,5,0.1875,P00008902,0.0625,6.0,0.125,6933.378190259542,4044.9375
46-50,F,1,B,1,10,0.4,P00001457,0.06666666666666667,18.0,0.13333333333333333,2677.104912827608,1453.0
26-35,M,0,B,1,5,0.2,P00012080,0.1,32.0,0.2,4087.4882806491864,3095.0
18-25,M,0,A,5+,12,0.2631578947368421,P00035009,0.10526315789473684,14.0,0.21052631578947367,7001.015150283773,8984.631578947368
36-45,M,0,B,1,16,0.1875,P00000718,0.0625,8.0,0.125,7392.894470368152,4107.125
46-50,M,1,A,2,20,0.13953488372093023,P00078560,0.046511627906976744,21.0,0.06976744186046512,9632.497723839779,11613.06976744186
46-50,F,1,B,1,3,0.13953488372093023,P00045338,0.046511627906976744,35.0,0.09302325581395349,9520.897926841424,12055.0
26-35,M,0,B,2,5,0.25,P00021202,0.08333333333333333,20.0,0.25,7807.570853752378,6938.5
51-55,F,1,C,1,10,0.4,P00009690,0.06666666666666667,36.0,0.13333333333333333,7868.9127112418055,4843.4
26-35,M,0,A,4,10,0.23076923076923078,P00000070,0.07692307692307693,18.0,0.23076923076923078,3486.5878110414146,4248.307692307692
26-35,M,0,A,4,12,0.16666666666666666,P00011771,0.08333333333333333,9.0,0.16666666666666666,3549.9274597795616,5285.666666666667
18-25,M,0,A,2,3,0.16666666666666666,P00011660,0.08333333333333333,4.0,0.08333333333333333,9187.773674340759,6935.0
51-55,F,1,C,3,4,0.125,P00000070,0.0625,40.0,0.1875,2875.445495194324,2600.4375
0-17,M,0,A,1,17,0.23529411764705882,P00007652,0.058823529411764705,18.0,0.17647058823529413,4916.938742305851,3381.705882352941
55+,F,1,C,1,17,0.25,P00009923,0.08333333333333333,8.0,0.08333333333333333,4861.770243595964,2881.4166666666665
26-35,M,0,A,3,14,0.17647058823529413,P00000925,0.058823529411764705,20.0,0.17647058823529413,7142.644098692601,7804.294117647059
55+,F,1,C,1,17,0.23529411764705882,P00003525,0.058823529411764705,30.0,0.11764705882352941,3620.4448946633784,2642.1176470588234
26-35,M,0,B,5+,17,0.3076923076923077,P00003235,0.07692307692307693,8.0,0.23076923076923078,5512.0688586558945,3087.5384615384614
26-35,M,0,A,2,18,0.16279069767441862,P00001383,0.023255813953488372,40.0,0.11627906976744186,8932.534494290763,8371.279069767443
0-17,M,0,A,1,3,0.16666666666666666,P00018793,0.08333333333333333,8.0,0.16666666666666666,8527.760530121075,7460.75
36-45,M,0,A,4,3,0.20930232558139536,P00033097,0.046511627906976744,21.0,0.09302325581395349,9639.875232738676,15047.209302325582
26-35,M,0,A,4,12,0.2727272727272727,P00004405,0.09090909090909091,21.0,0.18181818181818182,3187.779900010208,7235.090909090909
51-55,F,1,B,4,11,0.10256410256410256,P00000404,0.02564102564102564,20.0,0.07692307692307693,10139.97274076887,10598.97435897436
51-55,F,1,C,4,9,0.2,P00017122,0.1,18.0,0.2,9140.385951613009,11023.3
46-50,F,1,C,2,16,0.2857142857142857,P00000770,0.07142857142857142,6.0,0.14285714285714285,785.9914051762837,523.7857142857143
26-35,M,0,B,1,15,0.25,P00018050,0.08333333333333333,16.0,0.16666666666666666,4067.2268156198243,2050.8333333333335
0-17,M,0,A,1,13,0.2,P00001282,0.1,12.0,0.2,9461.727467363804,6274.0
46-50,F,1,B,1,7,0.18181818181818182,P00039241,0.09090909090909091,4.0,0.09090909090909091,7154.775765497159,6719.363636363636
26-35,M,0,B,2,4,0.2727272727272727,P00011310,0.09090909090909091,12.0,0.18181818181818182,9063.66521286555,5026.090909090909
0-17,M,0,A,4,17,0.21052631578947367,P00072786,0.10526315789473684,36.0,0.15789473684210525,9032.942475521577,4752.105263157895
26-35,M,0,A,3,9,0.16666666666666666,P00010273,0.08333333333333333,4.0,0.08333333333333333,8407.374828991004,7934.333333333333
51-55,F,1,C,2,12,0.25,P00000101,0.05,21.0,0.2,6827.161007213837,8203.45
36-45,M,0,A,2,6,0.16666666666666666,P00000925,0.05555555555555555,18.0,0.1111111111111111,6564.002914739289,7883.833333333333
55+,F,1,C,5+,3,0.2222222222222222,P00000205,0.05555555555555555,36.0,0.16666666666666666,7041.22163531635,6824.0
0-17,M,0,A,2,15,0.1875,P00016652,0.0625,27.0,0.125,2711.197051119671,2412.625
51-55,F,1,B,5+,3,0.15555555555555556,P00041636,0.044444444444444446,24.0,0.06666666666666667,8957.415507428876,11465.533333333333
36-45,F,1,B,1,4,0.3076923076923077,P00013040,0.07692307692307693,32.0,0.23076923076923078,2840.350502025934,1445.8461538461538
36-45,M,0,B,5+,5,0.25,P00005460,0.08333333333333333,42.0,0.16666666666666666,4762.043325754569,3039.5
36-45,M,0,B,2,5,0.25,P00002346,0.08333333333333333,8.0,0.16666666666666666,3110.8238154235064,1613.9166666666667
36-45,M,0,B,1,4,0.13333333333333333,P00002538,0.06666666666666667,27.0,0.13333333333333333,6555.411818817008,5735.6
26-35,M,0,A,3,19,0.18421052631578946,P00003382,0.05263157894736842,40.0,0.10526315789473684,9092.017346490065,12703.236842105263
46-50,F,1,B,1,5,0.3,P00003235,0.1,6.0,0.1,7089.41324636798,4356.8
46-50,M,1,B,1,3,0.15625,P00009771,0.0625,10.0,0.09375,10543.192572076787,14260.46875
55+,F,1,C,5+,3,0.13333333333333333,P00000070,0.022222222222222223,9.0,0.06666666666666667,6705.81232825809,5937.466666666666
0-17,M,0,A,4,17,0.2,P00015866,0.06666666666666667,4.0,0.13333333333333333,8421.546759863739,5703.4
36-45,M,1,A,1,3,0.16666666666666666,P00007161,0.041666666666666664,40.0,0.10416666666666667,9760.430647340441,12733.4375
46-50,F,1,B,5+,3,0.1891891891891892,P00023359,0.05405405405405406,26.0,0.08108108108108109,9321.649574259123,12497.783783783783
51-55,F,1,C,4,4,0.15384615384615385,P00008604,0.07692307692307693,12.0,0.15384615384615385,8925.875180102466,5993.692307692308
26-35,M,0,A,2,17,0.23529411764705882,P00001457,0.058823529411764705,12.0,0.11764705882352941,8833.298089598578,6287.470588235294
46-50,M,1,A,4,8,0.16279069767441862,P00003161,0.023255813953488372,24.0,0.09302325581395349,5742.257769874239,5764.883720930233
51-55,F,1,C,5+,1,0.1875,P00004150,0.0625,45.0,0.1875,3282.783234162743,6073.1875
55+,F,1,C,1,10,0.2,P00000101,0.05,6.0,0.1,8115.846458269805,4791.05
51-55,F,1,C,2,15,0.4,P00034406,0.1,42.0,0.2,11113.484050167766,6250.8
46-50,M,1,A,5+,3,0.1951219512195122,P00008415,0.024390243902439025,36.0,0.0975609756097561,5413.031353853852,5688.634146341464
46-50,M,1,A,5+,12,0.13953488372093023,P00001803,0.023255813953488372,10.0,0.09302325581395349,5523.716122482389,6149.232558139535
46-50,F,1,C,1,5,0.2,P00005612,0.1,10.0,0.2,4458.821669205641,2835.3
51-55,F,1,C,1,10,0.2777777777777778,P00002892,0.05555555555555555,6.0,0.1111111111111111,3904.273314926487,3164.0
51-55,F,1,C,3,9,0.2,P00009787,0.05,9.0,0.15,6802.184504183003,8585.65
55+,F,1,C,2,15,0.2,P00001282,0.06666666666666667,20.0,0.13333333333333333,7018.0539712129,3810.4
36-45,M,1,B,2,7,0.2,P00000953,0.1,8.0,0.1,7330.352754889161,6326.2
0-17,M,0,A,2,10,0.15789473684210525,P00001457,0.05263157894736842,40.0,0.21052631578947367,6387.620958445478,4078.7894736842104
55+,F,1,C,2,17,0.2,P00012687,0.06666666666666667,18.0,0.26666666666666666,7982.297833032672,7058.866666666667
36-45,F,1,B,3,9,0.23076923076923078,P00004979,0.07692307692307693,20.0,0.15384615384615385,6319.046374012702,6098.076923076923
46-50,F,1,B,1,10,0.23529411764705882,P00000518,0.058823529411764705,8.0,0.11764705882352941,6088.638639736646,3153.8823529411766
0-17,M,0,A,5+,4,0.23529411764705882,P00002370,0.058823529411764705,14.0,0.11764705882352941,9772.902682703243,7947.705882352941
46-50,F,1,C,1,1,0.13333333333333333,P00002538,0.06666666666666667,20.0,0.13333333333333333,9672.789176713346,7262.8
18-25,M,0,A,1,10,0.25,P00000936,0.08333333333333333,8.0,0.16666666666666666,5888.932307277523,2395.0833333333335
36-45,M,0,A,5+,12,0.15,P00043352,0.05,40.0,0.125,5874.131508964996,5744.7
0-17,M,0,A,2,15,0.25,P00009532,0.08333333333333333,6.0,0.16666666666666666,8081.7685109851745,4544.916666666667
46-50,F,1,B,4,3,0.16666666666666666,P00005627,0.03333333333333333,20.0,0.13333333333333333,9588.311013578119,14454.1
46-50,F,1,B,5+,11,0.16666666666666666,P00003492,0.05555555555555555,27.0,0.16666666666666666,6548.1297484559955,8141.555555555556
36-45,F,1,B,1,10,0.26666666666666666,P00016292,0.06666666666666667,4.0,0.13333333333333333,4442.154621995309,3082.4
18-25,M,0,A,2,17,0.25,P00018415,0.0625,9.0,0.125,7978.514473258791,6156.0
55+,F,1,C,2,3,0.16,P00000610,0.02,10.0,0.14,7664.92647397407,7664.16
51-55,F,1,C,3,11,0.2,P00003708,0.06666666666666667,36.0,0.13333333333333333,5163.13271275529,7221.466666666666
0-17,M,0,A,1,4,0.21052631578947367,P00000526,0.05263157894736842,7.0,0.10526315789473684,4436.868647780866,3156.7894736842104
46-50,M,1,A,3,13,0.16326530612244897,P00012601,0.04081632653061224,14.0,0.061224489795918366,9738.884010609678,14401.244897959185
46-50,F,1,B,2,10,0.3,P00000370,0.1,4.0,0.1,4226.165927225817,4054.0
18-25,M,0,A,3,9,0.23076923076923078,P00007161,0.07692307692307693,10.0,0.15384615384615385,7005.061136467049,9014.23076923077
46-50,F,1,C,1,4,0.2631578947368421,P00000285,0.05263157894736842,21.0,0.10526315789473684,12167.299469003838,8928.578947368422
51-55,F,1,C,3,11,0.2,P00010017,0.1,44.0,0.2,7896.7496133254435,5556.7
46-50,M,1,B,2,3,0.23255813953488372,P00002815,0.023255813953488372,20.0,0.13953488372093023,9381.60875723104,11580.46511627907
26-35,M,0,A,4,6,0.2222222222222222,P00000238,0.05555555555555555,18.0,0.16666666666666666,4623.478894537672,7157.5
26-35,M,0,A,4,19,0.23255813953488372,P00056964,0.06976744186046512,20.0,0.11627906976744186,9213.729836649678,11573.790697674418
51-55,F,1,C,2,5,0.2,P00012783,0.05,6.0,0.1,9467.706579820635,6954.25
55+,F,1,C,4,3,0.16666666666666666,P00003018,0.05555555555555555,20.0,0.1111111111111111,4907.167186281475,3663.1666666666665
51-55,F,1,C,2,12,0.23076923076923078,P00024904,0.07692307692307693,7.0,0.07692307692307693,7489.534727598066,6678.538461538462
0-17,M,0,A,2,8,0.1875,P00005460,0.0625,42.0,0.25,9052.312133510422,6032.8125
46-50,F,1,B,1,4,0.16666666666666666,P00004323,0.05555555555555555,44.0,0.16666666666666666,7172.885304043786,5549.055555555556
36-45,M,1,A,1,20,0.2222222222222222,P00030169,0.05555555555555555,44.0,0.08333333333333333,10359.208798003587,14399.777777777777
36-45,F,1,B,2,4,0.25,P00000781,0.0625,12.0,0.1875,7350.5453845276,5606.125
0-17,M,0,A,5+,4,0.25,P00005451,0.08333333333333333,4.0,0.08333333333333333,3467.5263768632567,2715.5833333333335
51-55,F,1,C,2,16,0.4375,P00003982,0.0625,4.0,0.1875,6707.362469393863,4644.6875
55+,F,1,C,2,11,0.25,P00001790,0.0625,14.0,0.125,3895.2480189542057,7368.0625
0-17,M,0,A,2,16,0.2,P00003708,0.06666666666666667,6.0,0.06666666666666667,6674.337074268303,3702.3333333333335
46-50,F,1,B,3,1,0.21052631578947367,P00042922,0.10526315789473684,40.0,0.15789473684210525,5039.865036367078,6860.8421052631575
36-45,F,1,B,1,4,0.17647058823529413,P00007161,0.058823529411764705,6.0,0.11764705882352941,9320.038562625346,6527.058823529412
46-50,F,1,B,2,3,0.16666666666666666,P00012615,0.05555555555555555,28.0,0.16666666666666666,6240.78966351078,3774.277777777778
26-35,M,0,A,4,1,0.2777777777777778,P00028197,0.1111111111111111,21.0,0.2222222222222222,6819.692387835823,7033.166666666667
0-17,M,0,A,4,4,0.16666666666666666,P00014681,0.05555555555555555,4.0,0.16666666666666666,6054.92241170477,3535.0
46-50,F,1,C,2,3,0.15,P00098912,0.1,4.0,0.15,6450.928968393867,4615.65
55+,F,1,C,3,4,0.21428571428571427,P00018089,0.07142857142857142,18.0,0.14285714285714285,7845.0545211337085,4878.857142857143
18-25,M,0,A,1,11,0.25,P00002627,0.08333333333333333,12.0,0.16666666666666666,7370.10541586137,4878.75
36-45,M,0,B,1,5,0.16666666666666666,P00006011,0.08333333333333333,30.0,0.16666666666666666,2797.4207546931293,1962.8333333333333
36-45,M,1,A,1,19,0.14634146341463414,P00006603,0.024390243902439025,7.0,0.0975609756097561,10098.982229509627,11992.682926829268
46-50,M,1,A,4,17,0.13043478260869565,P00000610,0.021739130434782608,14.0,0.10869565217391304,6629.687722587982,6409.891304347826
46-50,F,1,B,2,3,0.18421052631578946,P00000148,0.02631578947368421,20.0,0.07894736842105263,9852.601763275014,10291.184210526315
36-45,F,1,B,3,10,0.375,P00006011,0.125,30.0,0.125,4878.578525468937,2196.1875
46-50,M,1,A,4,11,0.12195121951219512,P00005621,0.04878048780487805,18.0,0.07317073170731707,6386.967844378267,5936.170731707317
36-45,M,1,A,3,11,0.1590909090909091,P00005057,0.022727272727272728,9.0,0.11363636363636363,6352.27304841399,7497.045454545455
55+,F,1,C,2,4,0.17647058823529413,P00015713,0.058823529411764705,20.0,0.11764705882352941,3765.934587347007,3292.235294117647
36-45,F,1,B,3,5,0.3125,P00007687,0.0625,6.0,0.125,5283.713086772723,4420.625
36-45,F,1,B,2,3,0.2,P00000285,0.06666666666666667,24.0,0.2,4354.376761484057,2535.866666666667
51-55,F,1,C,1,10,0.1875,P00005871,0.0625,18.0,0.125,7296.161881427796,4306.25
26-35,M,0,B,1,5,0.2,P00001085,0.06666666666666667,8.0,0.13333333333333333,7692.9663967128035,5120.866666666667
46-50,F,1,B,2,10,0.2,P00012687,0.1,42.0,0.2,5220.698735695145,3591.2
0-17,M,0,A,2,10,0.23529411764705882,P00003982,0.058823529411764705,8.0,0.11764705882352941,4935.073128071333,4013.176470588235
55+,F,1,C,3,20,0.22580645161290322,P00001708,0.03225806451612903,20.0,0.12903225806451613,9637.80196196542,11455.516129032258
26-35,M,0,B,2,16,0.2,P00013668,0.06666666666666667,7.0,0.13333333333333333,10542.806957939662,5556.133333333333
18-25,M,0,A,1,5,0.2,P00002152,0.06666666666666667,4.0,0.06666666666666667,5085.281278918039,3388.6
26-35,M,0,B,1,3,0.3125,P00012667,0.0625,30.0,0.125,7667.004185686437,6655.875
18-25,M,0,A,4,5,0.2,P00003693,0.1,7.0,0.1,11320.111416805441,8749.4
51-55,F,1,C,4,3,0.10869565217391304,P00000573,0.021739130434782608,10.0,0.08695652173913043,5785.463704562633,5870.891304347826
46-50,F,1,B,1,3,0.125,P00003658,0.0625,4.0,0.1875,5870.528823425251,4153.5
18-25,M,0,A,2,17,0.1875,P00009108,0.0625,6.0,0.125,5616.1135668568295,3264.4375
0-17,M,0,A,3,10,0.2,P00002892,0.05,21.0,0.2,6529.770619611139,3624.15
51-55,F,1,C,1,11,0.2,P00007791,0.1,4.0,0.1,4941.460283492455,5094.8
36-45,F,1,B,1,1,0.16666666666666666,P00010273,0.08333333333333333,14.0,0.16666666666666666,7192.479993336476,5979.5
51-55,F,1,B,3,12,0.23529411764705882,P00005261,0.058823529411764705,10.0,0.17647058823529413,6380.397372605639,8765.411764705883
51-55,F,1,C,3,10,0.12195121951219512,P00054149,0.04878048780487805,36.0,0.12195121951219512,7991.331782381305,8115.487804878048
46-50,F,1,B,3,3,0.1875,P00002379,0.020833333333333332,14.0,0.125,8617.322583004348,12789.270833333334
46-50,M,1,B,4,12,0.1590909090909091,P00004631,0.022727272727272728,18.0,0.09090909090909091,6789.905508742612,7618.795454545455
18-25,M,0,A,3,4,0.18181818181818182,P00038361,0.09090909090909091,18.0,0.18181818181818182,7195.3076414108555,4944.363636363636
51-55,F,1,B,5+,3,0.1875,P00000947,0.020833333333333332,42.0,0.125,7963.61928701347,7506.020833333333
26-35,M,0,A,2,4,0.17647058823529413,P00003658,0.058823529411764705,44.0,0.29411764705882354,10863.03931647016,6623.235294117647
26-35,M,0,A,2,18,0.12195121951219512,P00001576,0.024390243902439025,14.0,0.0975609756097561,8728.258001680659,12244.390243902439
55+,F,1,C,2,4,0.15,P00001575,0.05,4.0,0.15,7920.42209318484,5636.35
46-50,F,1,B,5+,4,0.3,P00014700,0.1,20.0,0.2,1773.740069269828,1074.5
46-50,F,1,B,3,10,0.3,P00004649,0.1,4.0,0.2,6565.817833463111,4417.6
18-25,M,0,A,2,4,0.18181818181818182,P00000772,0.09090909090909091,40.0,0.18181818181818182,8888.528317699474,5529.636363636364
46-50,F,1,B,4,1,0.16666666666666666,P00030785,0.08333333333333333,18.0,0.08333333333333333,4759.913899781522,6752.833333333333
36-45,F,1,B,1,15,0.2631578947368421,P00003745,0.05263157894736842,14.0,0.10526315789473684,7701.777771534651,4381.210526315789
26-35,M,0,A,4,17,0.23076923076923078,P00002084,0.07692307692307693,4.0,0.07692307692307693,8017.911512709592,4980.2307692307695
0-17,M,0,A,1,15,0.21428571428571427,P00000947,0.07142857142857142,28.0,0.14285714285714285,5941.842793756351,4556.357142857143
26-35,M,0,A,4,10,0.2222222222222222,P00009159,0.05555555555555555,40.0,0.16666666666666666,6477.1918953874765,4106.444444444444
0-17,M,0,A,2,15,0.17647058823529413,P00013436,0.058823529411764705,18.0,0.17647058823529413,8108.296564866355,3413.9411764705883
0-17,M,0,A,1,4,0.2,P00001621,0.1,20.0,0.2,9151.053117295056,7803.6
26-35,M,0,A,2,1,0.11764705882352941,P00001576,0.058823529411764705,7.0,0.11764705882352941,4992.077833486597,4721.705882352941
46-50,F,1,B,3,12,0.17647058823529413,P00002892,0.058823529411764705,21.0,0.17647058823529413,5738.999258812207,7981.64705882353
26-35,M,0,A,4,1,0.2727272727272727,P00043352,0.18181818181818182,20.0,0.18181818181818182,3200.3950182324797,6255.545454545455
36-45,F,1,B,1,3,0.15789473684210525,P00007851,0.05263157894736842,30.0,0.15789473684210525,6949.918212737663,5371.9473684210525
55+,F,1,C,4,3,0.20833333333333334,P00018479,0.041666666666666664,20.0,0.08333333333333333,6035.018563632306,7024.479166666667
36-45,M,0,B,1,16,0.36363636363636365,P00003525,0.09090909090909091,20.0,0.2727272727272727,2484.5271509155145,1120.1818181818182
36-45,M,0,B,2,6,0.3,P00009954,0.1,14.0,0.2,5198.73118708359,6105.2
18-25,M,0,A,2,15,0.23076923076923078,P00033816,0.15384615384615385,42.0,0.23076923076923078,5391.350131793496,3185.923076923077
26-35,M,0,B,3,4,0.2727272727272727,P00006275,0.09090909090909091,4.0,0.09090909090909091,3330.219676073801,1559.090909090909
55+,F,1,C,1,5,0.2,P00024966,0.05,18.0,0.15,9891.182824803323,5439.1
46-50,F,1,B,2,10,0.2857142857142857,P00014700,0.07142857142857142,4.0,0.14285714285714285,6919.854161027536,3807.0714285714284
55+,F,1,C,2,3,0.2,P00001708,0.1,4.0,0.2,8464.138299647257,5068.6
46-50,F,1,B,2,4,0.2222222222222222,P00000148,0.05555555555555555,12.0,0.1111111111111111,5250.76511853895,3627.722222222222
26-35,M,0,B,3,10,0.23529411764705882,P00004649,0.058823529411764705,28.0,0.17647058823529413,7267.966331484223,4709.705882352941
36-45,M,1,B,3,8,0.15,P00008262,0.05,30.0,0.2,6424.230169731173,8400.7
18-25,M,0,A,3,10,0.2727272727272727,P00005588,0.09090909090909091,4.0,0.09090909090909091,10135.8693594939,5438.545454545455
46-50,F,1,B,5+,3,0.15384615384615385,P00008655,0.02564102564102564,35.0,0.10256410256410256,9240.441296473684,10680.589743589744
51-55,F,1,B,5+,1,0.1875,P00000238,0.0625,27.0,0.125,2907.2886079644722,4870.375
18-25,M,0,A,5+,5,0.17647058823529413,P00008171,0.058823529411764705,36.0,0.17647058823529413,4887.765771320688,3044.8823529411766
36-45,F,1,B,2,17,0.3333333333333333,P00008666,0.06666666666666667,36.0,0.2,7591.448511004872,4390.266666666666
26-35,M,0,A,2,3,0.17073170731707318,P00005627,0.024390243902439025,28.0,0.0975609756097561,8667.099875531552,10209.560975609756
46-50,M,1,B,1,3,0.18604651162790697,P00055223,0.046511627906976744,40.0,0.09302325581395349,8961.85217709349,9639.279069767443
26-35,M,0,A,3,3,0.14,P00027742,0.04,40.0,0.12,9448.594266592987,12193.76
46-50,F,1,B,4,20,0.17391304347826086,P00053573,0.043478260869565216,7.0,0.06521739130434782,9212.341597272158,10591.369565217392
36-45,M,1,A,1,3,0.12121212121212122,P00003382,0.030303030303030304,21.0,0.09090909090909091,9759.95643075844,9617.969696969696
46-50,F,1,B,3,11,0.15,P00012070,0.05,40.0,0.15,6550.715840955657,7223.85
51-55,F,1,C,3,17,0.2,P00003708,0.06666666666666667,24.0,0.2,6460.945424700041,3896.733333333333
18-25,M,0,A,1,16,0.2777777777777778,P00000770,0.05555555555555555,28.0,0.1111111111111111,7857.736571647828,4085.1666666666665
26-35,M,0,A,1,20,0.29411764705882354,P00009929,0.029411764705882353,20.0,0.08823529411764706,9557.550305224577,12163.264705882353
36-45,M,1,B,3,3,0.3333333333333333,P00001409,0.08333333333333333,18.0,0.16666666666666666,5840.008906048626,7618.75
26-35,M,0,B,2,16,0.2857142857142857,P00010535,0.07142857142857142,8.0,0.07142857142857142,9015.281318863088,4728.214285714285
55+,F,1,C,5+,3,0.14634146341463414,P00009108,0.024390243902439025,42.0,0.0975609756097561,4635.2364176556275,5554.951219512195
26-35,M,0,B,4,4,0.15,P00065183,0.1,14.0,0.15,7475.050259292399,6708.2
0-17,M,0,A,1,17,0.3333333333333333,P00005776,0.06666666666666667,36.0,0.13333333333333333,4638.086538957326,2388.8
18-25,M,0,A,3,20,0.2,P00004752,0.06666666666666667,18.0,0.13333333333333333,9833.887957078876,6828.066666666667
0-17,M,0,A,2,16,0.21428571428571427,P00003426,0.07142857142857142,36.0,0.21428571428571427,7607.850636165105,4427.928571428572
51-55,F,1,C,1,16,0.21428571428571427,P00013324,0.07142857142857142,40.0,0.2857142857142857,8476.793710147462,4845.714285714285
26-35,M,0,B,1,10,0.3,P00004568,0.05,40.0,0.15,4807.727182414402,3144.35
18-25,M,0,A,1,5,0.4,P00015354,0.1,6.0,0.2,2067.4638274411905,1280.7
18-25,M,0,A,2,5,0.16666666666666666,P00001110,0.05555555555555555,30.0,0.16666666666666666,5699.75384401405,3495.0
51-55,F,1,C,1,3,0.11764705882352941,P00009397,0.058823529411764705,18.0,0.11764705882352941,7497.147320226306,4809.764705882353
46-50,M,1,A,3,3,0.19444444444444445,P00062898,0.05555555555555555,42.0,0.1388888888888889,8442.832342965752,8827.5
36-45,M,1,A,1,3,0.13333333333333333,P00018831,0.06666666666666667,14.0,0.1,10090.342952888,11168.7
0-17,M,0,A,2,3,0.1875,P00007161,0.0625,18.0,0.125,8864.998396079945,8570.8125
36-45,M,0,B,1,4,0.23529411764705882,P00003451,0.058823529411764705,20.0,0.17647058823529413,7319.197843082019,3308.764705882353
55+,F,1,C,5+,10,0.21052631578947367,P00011460,0.05263157894736842,40.0,0.15789473684210525,4063.567525597147,5441.578947368421
55+,F,1,C,2,4,0.3,P00012057,0.1,24.0,0.2,7837.972189568196,4457.4
36-45,M,0,A,2,3,0.16279069767441862,P00002264,0.023255813953488372,10.0,0.06976744186046512,7211.959991204103,7443.883720930233
36-45,M,0,A,5+,3,0.16,P00073478,0.04,21.0,0.1,6698.465746020671,6607.58
26-35,M,0,B,1,12,0.1875,P00006962,0.0625,40.0,0.1875,7163.588881745425,5512.25
26-35,M,0,A,1,3,0.13043478260869565,P00002733,0.021739130434782608,36.0,0.10869565217391304,7631.817097339688,9056.717391304348
36-45,M,1,B,5+,12,0.35714285714285715,P00086163,0.14285714285714285,7.0,0.14285714285714285,4783.606568500153,6559.571428571428
26-35,M,0,A,2,17,0.26666666666666666,P00005311,0.06666666666666667,16.0,0.2,6304.141313076515,2588.866666666667
0-17,M,0,A,1,10,0.25,P00003954,0.08333333333333333,16.0,0.16666666666666666,5465.271140242141,3373.5
55+,F,1,C,2,7,0.2,P00000809,0.1,7.0,0.1,4414.653867141416,8728.9
51-55,F,1,B,3,3,0.16326530612244897,P00096342,0.04081632653061224,14.0,0.061224489795918366,6787.035206583811,7220.0204081632655
36-45,M,1,A,4,8,0.12,P00001229,0.02,40.0,0.08,6750.033099722322,5976.64
26-35,M,0,A,1,9,0.17647058823529413,P00073542,0.11764705882352941,35.0,0.17647058823529413,7037.6103726586725,10415.588235294117
26-35,M,0,A,2,7,0.15384615384615385,P00000947,0.07692307692307693,4.0,0.07692307692307693,6729.1845697943945,8108.153846153846
0-17,M,0,A,2,5,0.14285714285714285,P00010273,0.07142857142857142,6.0,0.21428571428571427,8578.730962273903,6330.0
51-55,F,1,C,2,4,0.25,P00019774,0.08333333333333333,30.0,0.16666666666666666,8147.333421358665,4763.666666666667
0-17,M,0,A,2,3,0.2727272727272727,P00000772,0.09090909090909091,7.0,0.09090909090909091,9897.8256106168,6721.727272727273
26-35,M,0,A,5+,1,0.2,P00010301,0.1,7.0,0.3,5421.972303097421,7537.1
26-35,M,0,A,1,3,0.25,P00000105,0.08333333333333333,9.0,0.16666666666666666,4544.896200934926,4813.75
51-55,F,1,B,2,3,0.1111111111111111,P00003382,0.044444444444444446,28.0,0.06666666666666667,8928.62196330634,11130.533333333333
26-35,M,0,A,2,19,0.11627906976744186,P00002469,0.023255813953488372,42.0,0.11627906976744186,9384.998814523937,11486.32558139535
0-17,M,0,A,1,8,0.2,P00014777,0.1,20.0,0.2,6052.733763442029,3632.7
0-17,M,0,A,2,17,0.23076923076923078,P00005818,0.07692307692307693,14.0,0.15384615384615385,9552.511236480013,6986.615384615385
26-35,M,0,A,2,17,0.35714285714285715,P00005776,0.07142857142857142,30.0,0.14285714285714285,3166.787181820884,1205.857142857143
26-35,M,0,B,1,16,0.1875,P00011524,0.0625,36.0,0.25,6918.3556304346375,4398.3125
36-45,M,1,A,1,19,0.15384615384615385,P00007161,0.05128205128205128,21.0,0.10256410256410256,9968.983489695112,13583.153846153846
26-35,M,0,A,5+,3,0.2,P00013845,0.04,21.0,0.1,5357.684508845826,6498.36
0-17,M,0,A,4,4,0.2727272727272727,P00011630,0.09090909090909091,30.0,0.18181818181818182,8303.930430826116,4153.0
36-45,M,0,B,1,10,0.15,P00013668,0.05,28.0,0.15,7076.571626631225,5019.25
46-50,F,1,B,1,16,0.25,P00079470,0.125,6.0,0.125,2996.9223373042773,2180.1875
36-45,M,0,A,5+,3,0.14705882352941177,P00041831,0.058823529411764705,21.0,0.11764705882352941,7844.4407616882645,9309.5
36-45,F,1,B,1,4,0.125,P00012023,0.0625,28.0,0.125,6863.317934255026,5995.5
26-35,M,0,A,3,9,0.2,P00023511,0.06666666666666667,27.0,0.13333333333333333,3825.7297243544954,5781.733333333334
26-35,M,0,B,1,8,0.23529411764705882,P00010292,0.058823529411764705,3.0,0.058823529411764705,5448.332061282608,5221.0
36-45,F,1,B,1,7,0.17647058823529413,P00018406,0.058823529411764705,40.0,0.11764705882352941,7877.6280054751915,8205.35294117647
36-45,M,0,A,3,5,0.16666666666666666,P00004405,0.08333333333333333,11.0,0.08333333333333333,3798.4194669585527,6274.416666666667
26-35,M,0,B,1,15,0.14285714285714285,P00004697,0.07142857142857142,40.0,0.14285714285714285,9701.474858987187,8340.142857142857
51-55,F,1,B,4,3,0.22448979591836735,P00033979,0.04081632653061224,7.0,0.12244897959183673,6256.190305565822,7200.836734693878
46-50,F,1,B,1,5,0.18181818181818182,P00017499,0.09090909090909091,12.0,0.18181818181818182,7756.814544175158,4676.545454545455
26-35,M,0,A,1,10,0.17647058823529413,P00005311,0.058823529411764705,18.0,0.17647058823529413,7655.9397288871705,4191.411764705882
26-35,M,0,A,4,7,0.3333333333333333,P00002370,0.06666666666666667,7.0,0.2,3880.051223275035,7047.733333333334
55+,F,1,C,2,16,0.2631578947368421,P00008197,0.05263157894736842,4.0,0.10526315789473684,8665.382562427143,5153.789473684211
55+,F,1,C,1,15,0.1875,P00013633,0.0625,24.0,0.1875,9440.959324268908,6899.1875
36-45,M,1,A,1,3,0.11363636363636363,P00035763,0.045454545454545456,27.0,0.09090909090909091,7170.081741346458,6646.909090909091
36-45,M,0,A,1,3,0.18181818181818182,P00000518,0.09090909090909091,7.0,0.18181818181818182,2934.679567454744,3662.181818181818
51-55,F,1,C,1,5,0.15384615384615385,P00002370,0.07692307692307693,30.0,0.23076923076923078,5915.004834512622,3754.769230769231
46-50,F,1,B,1,7,0.23529411764705882,P00001110,0.058823529411764705,40.0,0.17647058823529413,4126.742271987889,7087.823529411765
55+,F,1,C,1,15,0.3076923076923077,P00003852,0.07692307692307693,4.0,0.15384615384615385,2155.7465391426795,1707.1538461538462
36-45,F,1,B,5+,11,0.21052631578947367,P00006347,0.05263157894736842,18.0,0.15789473684210525,6868.2414260529395,7168.789473684211
51-55,F,1,C,1,15,0.23076923076923078,P00001085,0.07692307692307693,30.0,0.23076923076923078,1384.75656011056,1144.6923076923076
26-35,M,0,A,1,4,0.2,P00000404,0.05,4.0,0.1,9091.639256973815,6505.8
46-50,F,1,B,2,17,0.21052631578947367,P00000743,0.05263157894736842,18.0,0.10526315789473684,8092.156225275747,4261.473684210527
46-50,F,1,B,5+,3,0.29411764705882354,P00006469,0.058823529411764705,18.0,0.17647058823529413,3619.382148890316,4927.529411764706
18-25,M,0,A,1,5,0.3157894736842105,P00004232,0.05263157894736842,18.0,0.15789473684210525,7276.793391620205,4019.7894736842104
26-35,M,0,B,1,16,0.3076923076923077,P00006684,0.07692307692307693,7.0,0.15384615384615385,4454.070345316252,4258.846153846154
46-50,F,1,B,4,17,0.25,P00055541,0.1,8.0,0.1,4609.376328117561,2474.85
36-45,M,0,B,5+,3,0.2,P00003708,0.1,24.0,0.2,8262.195006305661,4859.1
51-55,F,1,C,3,11,0.23076923076923078,P00006540,0.07692307692307693,42.0,0.23076923076923078,8743.776388131218,10059.76923076923
51-55,F,1,C,2,4,0.25,P00009387,0.08333333333333333,4.0,0.08333333333333333,7139.1799546056,2684.6666666666665
26-35,M,0,A,5+,20,0.20833333333333334,P00033166,0.041666666666666664,21.0,0.08333333333333333,11021.825913345563,11604.5625
26-35,M,0,A,4,11,0.15,P00002627,0.05,9.0,0.1,5157.87091938647,6798.0
36-45,M,0,B,1,10,0.23529411764705882,P00000285,0.058823529411764705,8.0,0.11764705882352941,6442.722918944606,4272.117647058823
26-35,M,0,B,2,5,0.25,P00005819,0.05,12.0,0.1,8855.133211872084,5092.9
36-45,M,0,A,3,11,0.23529411764705882,P00014175,0.058823529411764705,9.0,0.17647058823529413,5377.718357751187,8405.117647058823
36-45,F,1,B,1,3,0.1875,P00047970,0.125,30.0,0.1875,7279.500054948829,3405.375
0-17,M,0,A,3,10,0.2222222222222222,P00000518,0.05555555555555555,28.0,0.1111111111111111,9870.150638870053,5660.111111111111
36-45,F,1,B,1,14,0.23076923076923078,P00002084,0.07692307692307693,20.0,0.15384615384615385,7778.208484655655,5157.307692307692
46-50,M,1,B,5+,3,0.15789473684210525,P00035292,0.05263157894736842,22.0,0.07894736842105263,9365.998573879751,12956.894736842105
55+,F,1,C,4,3,0.2222222222222222,P00002815,0.022222222222222223,10.0,0.08888888888888889,7509.501675150684,7878.0
46-50,F,1,C,2,10,0.2727272727272727,P00007435,0.09090909090909091,4.0,0.09090909090909091,9638.697134703707,6557.363636363636
46-50,F,1,C,4,5,0.21428571428571427,P00012025,0.07142857142857142,42.0,0.21428571428571427,7831.014890790351,4039.714285714286
26-35,M,0,B,2,5,0.23076923076923078,P00002352,0.07692307692307693,32.0,0.15384615384615385,4690.940357316157,2885.5384615384614
55+,F,1,C,1,20,0.1276595744680851,P00005612,0.02127659574468085,30.0,0.0851063829787234,9742.609744170042,10718.63829787234
18-25,M,0,A,5+,5,0.17647058823529413,P00000947,0.058823529411764705,6.0,0.11764705882352941,8988.52400940483,7100.35294117647
55+,F,1,C,2,3,0.1836734693877551,P00054968,0.04081632653061224,14.0,0.10204081632653061,9369.658647876191,13880.775510204081
26-35,M,0,A,1,3,0.1794871794871795,P00004649,0.07692307692307693,42.0,0.15384615384615385,8140.264638570721,9828.333333333334
26-35,M,0,A,1,9,0.2222222222222222,P00005057,0.05555555555555555,40.0,0.16666666666666666,6652.098034563073,8680.444444444445
51-55,F,1,C,4,18,0.18604651162790697,P00000221,0.023255813953488372,14.0,0.11627906976744186,10151.563102286862,12835.906976744185
36-45,M,1,A,5+,18,0.14285714285714285,P00001708,0.02857142857142857,10.0,0.08571428571428572,9440.860389326615,13330.142857142857
55+,F,1,C,4,3,0.15625,P00023520,0.0625,36.0,0.09375,8668.449464869711,11414.4375
0-17,M,0,A,2,15,0.2,P00007652,0.06666666666666667,40.0,0.2,7660.582833726226,5701.066666666667
46-50,F,1,B,5+,1,0.09090909090909091,P00004568,0.09090909090909091,40.0,0.18181818181818182,4815.340267406768,4508.090909090909
36-45,M,1,B,1,1,0.2727272727272727,P00035105,0.09090909090909091,7.0,0.18181818181818182,2479.8932784955227,5722.545454545455
26-35,M,0,A,2,10,0.26666666666666666,P00002743,0.06666666666666667,20.0,0.13333333333333333,9435.94646021267,6945.2
26-35,M,0,B,2,5,0.21428571428571427,P00005857,0.07142857142857142,30.0,0.21428571428571427,7973.345265650719,3544.4285714285716
36-45,F,1,B,1,10,0.2777777777777778,P00013116,0.05555555555555555,40.0,0.2777777777777778,2751.882524401173,1926.611111111111
36-45,M,0,B,1,16,0.23076923076923078,P00006980,0.07692307692307693,30.0,0.15384615384615385,3465.880163492718,2598.153846153846
46-50,F,1,C,3,10,0.3125,P00001802,0.0625,6.0,0.25,9305.772465697479,5274.125
55+,F,1,C,2,3,0.25,P00003658,0.08333333333333333,4.0,0.08333333333333333,9033.479446430976,6911.0
18-25,M,0,A,2,10,0.3076923076923077,P00014777,0.07692307692307693,6.0,0.23076923076923078,8139.433567988149,4270.846153846154
26-35,M,0,A,1,7,0.2,P00051648,0.13333333333333333,40.0,0.2,4031.4630890156045,8858.066666666668
46-50,M,1,B,4,14,0.18604651162790697,P00000953,0.023255813953488372,42.0,0.16279069767441862,5956.62730768121,6371.302325581395
36-45,M,0,A,4,11,0.2727272727272727,P00007791,0.09090909090909091,27.0,0.18181818181818182,1977.8329693241171,8678.636363636364
26-35,M,0,A,5+,3,0.12903225806451613,P00003161,0.03225806451612903,35.0,0.16129032258064516,10006.358572943634,11409.90322580645
26-35,M,0,A,1,19,0.1891891891891892,P00002815,0.02702702702702703,44.0,0.08108108108108109,9602.550302201304,11605.837837837838
26-35,M,0,B,2,4,0.2631578947368421,P00003492,0.05263157894736842,4.0,0.10526315789473684,5615.560321045286,3553.9473684210525
18-25,M,0,A,1,4,0.3333333333333333,P00005737,0.08333333333333333,40.0,0.16666666666666666,2196.2488267705253,1160.0
18-25,M,0,A,2,1,0.14285714285714285,P00092099,0.14285714285714285,45.0,0.14285714285714285,11376.925618679548,9309.92857142857
26-35,M,0,B,2,13,0.15,P00000947,0.05,21.0,0.15,7441.852804807487,6408.7
0-17,M,0,A,2,10,0.21428571428571427,P00000070,0.07142857142857142,36.0,0.21428571428571427,2939.2012969064,1981.4285714285713
18-25,M,0,A,1,5,0.2222222222222222,P00002052,0.05555555555555555,30.0,0.16666666666666666,3383.2181555783977,2293.1666666666665
46-50,M,1,B,5+,9,0.13043478260869565,P00001383,0.043478260869565216,18.0,0.08695652173913043,8488.876481653679,9642.652173913044
51-55,F,1,C,2,4,0.18181818181818182,P00008948,0.09090909090909091,4.0,0.18181818181818182,8662.993522082095,4801.818181818182
46-50,F,1,B,3,1,0.2,P00001069,0.1,14.0,0.1,7406.001797341276,7365.2
55+,F,1,C,1,4,0.13333333333333333,P00002627,0.06666666666666667,36.0,0.13333333333333333,7749.178887377129,5437.0
0-17,M,0,A,2,5,0.29411764705882354,P00005621,0.058823529411764705,44.0,0.17647058823529413,5808.1378090420285,3696.0588235294117
0-17,M,0,A,2,3,0.17647058823529413,P00000247,0.058823529411764705,20.0,0.17647058823529413,8885.202972374582,4929.117647058823
26-35,M,0,A,4,3,0.15625,P00008197,0.0625,14.0,0.09375,8152.364683418647,10695.4375
36-45,M,0,B,1,10,0.18181818181818182,P00012070,0.09090909090909091,42.0,0.18181818181818182,8332.057909064242,5455.0
55+,F,1,C,4,9,0.15789473684210525,P00000337,0.05263157894736842,7.0,0.10526315789473684,7140.627999557894,9162.315789473685
36-45,F,1,B,4,12,0.375,P00008415,0.0625,7.0,0.0625,3862.4871240346333,6843.375
26-35,M,0,B,5+,12,0.25,P00002743,0.0625,27.0,0.1875,3744.3747447560145,3226.6875
18-25,M,0,A,3,11,0.2857142857142857,P00001110,0.07142857142857142,10.0,0.14285714285714285,8786.80310665744,10130.285714285714
36-45,M,0,B,1,17,0.2,P00000610,0.05,18.0,0.1,5829.216120227125,3288.55
51-55,F,1,C,1,10,0.42857142857142855,P00006613,0.07142857142857142,20.0,0.14285714285714285,4443.060348255665,3097.785714285714
36-45,M,0,B,1,1,0.1875,P00000148,0.0625,30.0,0.125,6574.3950314205085,3813.1875
26-35,M,0,B,2,10,0.2222222222222222,P00000549,0.05555555555555555,20.0,0.16666666666666666,8156.892213841942,5352.666666666667
46-50,F,1,C,2,3,0.21052631578947367,P00001110,0.05263157894736842,42.0,0.15789473684210525,6631.175614417081,4149.8421052631575
26-35,M,0,A,2,3,0.2,P00027484,0.05,7.0,0.1,4927.895574124282,6673.5
55+,F,1,C,1,3,0.15789473684210525,P00016652,0.05263157894736842,7.0,0.10526315789473684,4552.245285609166,6455.8421052631575
51-55,F,1,C,1,17,0.4,P00027739,0.1,40.0,0.2,8744.222470993187,4956.2
51-55,F,1,C,3,12,0.3333333333333333,P00006469,0.06666666666666667,14.0,0.13333333333333333,4229.616454524092,5888.266666666666
46-50,F,1,B,4,18,0.16326530612244897,P00023333,0.04081632653061224,35.0,0.10204081632653061,8360.73064343104,11729.061224489797
51-55,F,1,C,4,4,0.25,P00005254,0.08333333333333333,7.0,0.08333333333333333,6051.471336239918,4454.666666666667
36-45,M,1,B,1,3,0.1875,P00024980,0.0625,30.0,0.25,2997.7531335985623,5573.875
46-50,F,1,B,2,16,0.42105263157894735,P00003982,0.05263157894736842,6.0,0.15789473684210525,7814.187819271674,4383.0526315789475
26-35,M,0,B,1,4,0.26666666666666666,P00004819,0.06666666666666667,32.0,0.2,7161.872379549385,3748.866666666667
55+,F,1,C,2,11,0.20930232558139536,P00054221,0.046511627906976744,9.0,0.09302325581395349,6090.78441460216,7137.976744186047
26-35,M,0,B,1,15,0.36363636363636365,P00002675,0.09090909090909091,42.0,0.18181818181818182,9101.91812551818,6347.818181818182
55+,F,1,C,3,3,0.23809523809523808,P00007232,0.023809523809523808,40.0,0.09523809523809523,9925.013965094311,13333.5
26-35,M,0,A,5+,3,0.16666666666666666,P00000101,0.023809523809523808,24.0,0.07142857142857142,10011.811033481952,12629.309523809523
46-50,F,1,C,2,3,0.2222222222222222,P00017389,0.05555555555555555,20.0,0.1111111111111111,11193.374011067172,7330.111111111111
0-17,M,0,A,2,10,0.2857142857142857,P00000105,0.07142857142857142,4.0,0.21428571428571427,8211.871385278246,3880.4285714285716
46-50,F,1,B,5+,12,0.25,P00009532,0.0625,18.0,0.1875,5252.75033990131,8548.0
18-25,M,0,A,5+,17,0.25,P00002084,0.05,8.0,0.1,6620.376782885429,2801.3
26-35,M,0,A,4,8,0.12,P00012592,0.04,30.0,0.14,4285.5815788977525,4789.0
46-50,F,1,B,2,3,0.16666666666666666,P00000809,0.023809523809523808,21.0,0.09523809523809523,10040.29944604832,9974.095238095239
18-25,M,0,A,5+,5,0.1875,P00000770,0.0625,18.0,0.125,2088.5044090608635,1400.0
46-50,F,1,C,3,7,0.23076923076923078,P00003982,0.07692307692307693,4.0,0.07692307692307693,5007.749247480451,4869.7692307692305
18-25,M,0,A,1,4,0.09090909090909091,P00016193,0.09090909090909091,20.0,0.18181818181818182,8978.251556855701,8146.272727272727
0-17,M,0,A,2,11,0.2,P00002264,0.05,36.0,0.15,6054.3951401570985,5520.75
55+,F,1,C,4,5,0.17647058823529413,P00007652,0.058823529411764705,36.0,0.29411764705882354,7602.672656027344,4571.470588235294
26-35,M,0,A,2,4,0.16666666666666666,P00003003,0.05555555555555555,20.0,0.16666666666666666,6746.866647233777,5092.444444444444
51-55,F,1,C,2,4,0.3333333333333333,P00001802,0.08333333333333333,4.0,0.16666666666666666,2185.978892783956,920.5833333333334
51-55,F,1,C,1,17,0.25,P00020888,0.0625,28.0,0.125,9292.614931358126,6153.4375
36-45,M,0,A,4,3,0.16279069767441862,P00000070,0.023255813953488372,45.0,0.09302325581395349,5809.142184545475,6858.720930232558
0-17,M,0,A,2,4,0.21052631578947367,P00002387,0.05263157894736842,28.0,0.10526315789473684,6980.813986368688,4856.631578947368
18-25,M,0,A,1,16,0.16666666666666666,P00009690,0.05555555555555555,40.0,0.16666666666666666,6671.8662194076705,2988.5555555555557
26-35,M,0,A,5+,18,0.23255813953488372,P00008415,0.046511627906976744,42.0,0.11627906976744186,8949.475670530013,12726.279069767443
26-35,M,0,A,5+,1,0.2,P00015645,0.05,30.0,0.15,6439.840113044652,8192.55
18-25,M,0,A,2,4,0.2,P00017924,0.06666666666666667,16.0,0.13333333333333333,3727.8518134251453,2604.0
55+,F,1,C,4,12,0.13043478260869565,P00051148,0.043478260869565216,27.0,0.08695652173913043,7314.036362342056,7517.152173913043
36-45,M,1,A,1,3,0.16666666666666666,P00007161,0.047619047619047616,7.0,0.11904761904761904,8495.564700895873,12122.214285714286
51-55,F,1,C,2,16,0.25,P00000947,0.05,30.0,0.15,4140.642735195385,2504.05
46-50,M,1,B,5+,3,0.1282051282051282,P00000070,0.02564102564102564,7.0,0.10256410256410256,9661.849832104495,11049.076923076924
0-17,M,0,A,1,5,0.25,P00000205,0.0625,28.0,0.1875,7610.861046064368,4521.5625
18-25,M,0,A,1,16,0.21052631578947367,P00006098,0.05263157894736842,7.0,0.10526315789473684,6123.140447639632,3099.0526315789475
26-35,M,0,A,1,11,0.15,P00004907,0.05,7.0,0.1,5610.125309370736,7071.75
46-50,F,1,B,4,11,0.1875,P00000925,0.0625,20.0,0.1875,8530.076607706014,9033.0
51-55,F,1,C,2,15,0.25,P00002274,0.05,20.0,0.2,5186.15806358872,3654.25
46-50,F,1,B,5+,3,0.1951219512195122,P00038305,0.04878048780487805,36.0,0.0975609756097561,9070.187070233138,10788.756097560976
46-50,F,1,B,2,12,0.175,P00001575,0.025,27.0,0.125,9466.634781139875,12456.65
51-55,F,1,C,2,17,0.2,P00020468,0.06666666666666667,4.0,0.2,8208.555682944472,5706.4
51-55,F,1,B,1,3,0.11627906976744186,P00001853,0.046511627906976744,42.0,0.16279069767441862,8693.359869561677,11467.186046511628
36-45,F,1,B,1,16,0.23076923076923078,P00000953,0.07692307692307693,14.0,0.15384615384615385,4744.8146812045625,2841.230769230769
0-17,M,0,A,1,10,0.3333333333333333,P00000518,0.06666666666666667,30.0,0.2,3689.4327606338206,2047.3333333333333
36-45,M,1,B,5+,6,0.15789473684210525,P00001790,0.05263157894736842,42.0,0.15789473684210525,7733.908975475188,8455.473684210527
51-55,F,1,C,1,8,0.15555555555555556,P00090175,0.044444444444444446,42.0,0.1111111111111111,7079.827577510114,6859.533333333334
36-45,M,1,B,2,8,0.18181818181818182,P00015635,0.09090909090909091,18.0,0.18181818181818182,3969.1192931979713,4940.818181818182
51-55,F,1,C,2,3,0.125,P00017259,0.0625,36.0,0.125,6836.379420668029,5067.375
18-25,M,0,A,1,5,0.1875,P00017713,0.0625,6.0,0.1875,7717.770688212583,5341.5625
55+,F,1,C,1,3,0.23076923076923078,P00010273,0.07692307692307693,20.0,0.15384615384615385,5725.360769060535,5935.538461538462
55+,F,1,C,2,16,0.3333333333333333,P00015354,0.08333333333333333,18.0,0.16666666666666666,1835.5447275862543,1387.4166666666667
46-50,F,1,B,5+,3,0.2222222222222222,P00000743,0.05555555555555555,10.0,0.16666666666666666,6708.244709924892,6573.166666666667
46-50,F,1,B,3,12,0.17647058823529413,P00012615,0.058823529411764705,7.0,0.17647058823529413,2866.3144479812195,7478.470588235294
0-17,M,0,A,1,3,0.36363636363636365,P00010786,0.18181818181818182,36.0,0.2727272727272727,5118.969306768343,3061.818181818182
26-35,M,0,A,4,18,0.17647058823529413,P00000404,0.029411764705882353,9.0,0.08823529411764706,9560.271349418374,12517.29411764706
46-50,F,1,B,3,17,0.2857142857142857,P00003088,0.07142857142857142,12.0,0.14285714285714285,6124.963357593915,4997.857142857143
36-45,M,0,A,2,12,0.4,P00034064,0.06666666666666667,27.0,0.13333333333333333,5348.315206902165,7666.133333333333
36-45,F,1,B,4,6,0.2727272727272727,P00012374,0.09090909090909091,28.0,0.18181818181818182,4108.159233879462,7675.909090909091
36-45,M,0,B,4,1,0.18181818181818182,P00012904,0.09090909090909091,30.0,0.18181818181818182,4711.471258341901,4685.272727272727
51-55,F,1,C,1,2,0.2,P00007435,0.1,6.0,0.2,1928.0826515248536,1519.4
36-45,F,1,B,2,10,0.2631578947368421,P00011738,0.05263157894736842,6.0,0.10526315789473684,5880.983972549161,2977.4736842105262
36-45,F,1,B,1,4,0.25,P00012615,0.08333333333333333,36.0,0.16666666666666666,1981.7947998690174,1700.9166666666667
46-50,F,1,B,2,3,0.23076923076923078,P00000205,0.07692307692307693,36.0,0.23076923076923078,7979.850226728923,5336.153846153846
26-35,M,0,A,2,3,0.16279069767441862,P00059569,0.046511627906976744,40.0,0.09302325581395349,10327.551552189072,13941.279069767443
46-50,F,1,B,4,3,0.18181818181818182,P00002733,0.09090909090909091,10.0,0.18181818181818182,5309.342390370188,7119.727272727273
0-17,M,0,A,4,10,0.18181818181818182,P00000518,0.09090909090909091,6.0,0.09090909090909091,3589.410837956051,2996.181818181818
26-35,M,0,B,2,16,0.16666666666666666,P00023404,0.05555555555555555,16.0,0.1111111111111111,9322.796903535718,7041.111111111111
0-17,M,0,A,4,10,0.3,P00000215,0.1,5.0,0.1,5592.216854204104,4021.3
51-55,F,1,C,1,17,0.2222222222222222,P00000770,0.05555555555555555,28.0,0.16666666666666666,8530.454102379923,5669.388888888889
36-45,M,0,B,3,4,0.2,P00015001,0.1,36.0,0.2,5513.9254871441435,3779.5
55+,F,1,C,3,15,0.23529411764705882,P00012687,0.11764705882352941,18.0,0.17647058823529413,8162.9171238343615,4723.294117647059
51-55,F,1,C,3,3,0.16666666666666666,P00015350,0.08333333333333333,42.0,0.25,9102.497514002642,10041.583333333334
0-17,M,0,A,4,17,0.3125,P00003003,0.0625,4.0,0.0625,2790.5576197539203,1574.3125
51-55,F,1,C,1,8,0.2222222222222222,P00004405,0.05555555555555555,6.0,0.1111111111111111,3486.198235038697,5509.388888888889
46-50,M,1,A,5+,12,0.14583333333333334,P00085423,0.041666666666666664,42.0,0.10416666666666667,6988.292994339464,7274.4375
26-35,M,0,A,3,3,0.2127659574468085,P00000573,0.02127659574468085,7.0,0.0851063829787234,10035.648686448567,12808.08510638298
55+,F,1,C,1,11,0.25,P00001085,0.0625,20.0,0.1875,7562.804158070823,5992.25
36-45,M,0,B,5+,17,0.17647058823529413,P00007801,0.058823529411764705,30.0,0.11764705882352941,5535.322060081377,4126.058823529412
36-45,M,0,B,2,4,0.2,P00002538,0.1,10.0,0.1,8661.315815484131,6267.9
46-50,M,1,A,1,18,0.16666666666666666,P00058502,0.06666666666666667,13.0,0.13333333333333333,10248.472529248376,13410.7
36-45,M,1,A,3,3,0.2777777777777778,P00003954,0.027777777777777776,21.0,0.1111111111111111,8480.805920074356,14227.444444444445
18-25,M,0,A,2,4,0.2,P00006098,0.05,6.0,0.1,10632.280603377027,6918.75
36-45,M,0,B,1,10,0.2857142857142857,P00007781,0.07142857142857142,6.0,0.14285714285714285,7102.6003414165225,3071.9285714285716
46-50,F,1,B,2,10,0.16666666666666666,P00005588,0.08333333333333333,8.0,0.16666666666666666,5437.627287259721,4587.833333333333
46-50,F,1,B,1,4,0.2,P00003018,0.06666666666666667,8.0,0.13333333333333333,5711.0724895550375,2826.866666666667
46-50,F,1,C,5+,16,0.2631578947368421,P00006705,0.05263157894736842,42.0,0.15789473684210525,6815.145327167233,4193.9473684210525
46-50,M,1,A,3,20,0.16666666666666666,P00027210,0.047619047619047616,30.0,0.14285714285714285,9574.40942790455,12106.095238095239
0-17,M,0,A,1,3,0.25,P00003982,0.08333333333333333,36.0,0.16666666666666666,8988.354628730343,5272.75
26-35,M,0,A,1,3,0.25,P00058904,0.05555555555555555,7.0,0.08333333333333333,10795.71970953421,13215.194444444445
55+,F,1,C,3,17,0.35294117647058826,P00003003,0.058823529411764705,18.0,0.11764705882352941,3861.202585259127,2793.823529411765
36-45,F,1,B,3,4,0.15,P00008353,0.05,6.0,0.1,6468.417023263272,3310.95
36-45,M,1,A,4,3,0.1794871794871795,P00065315,0.05128205128205128,20.0,0.10256410256410256,8690.053171926178,11351.97435897436
36-45,M,0,A,4,18,0.14285714285714285,P00043174,0.04081632653061224,40.0,0.08163265306122448,8899.568396389053,10979.061224489797
51-55,F,1,C,3,5,0.3125,P00000770,0.0625,18.0,0.125,3591.079280081872,2693.5625
55+,F,1,C,1,4,0.17647058823529413,P00000526,0.058823529411764705,36.0,0.17647058823529413,7013.89721793979,4024.0588235294117
18-25,M,0,A,2,5,0.2857142857142857,P00021132,0.07142857142857142,28.0,0.21428571428571427,2501.7699196307462,1817.5
36-45,M,0,A,3,1,0.21428571428571427,P00016536,0.07142857142857142,21.0,0.2857142857142857,6598.328003332392,8772.857142857143
36-45,M,0,B,1,17,0.23529411764705882,P00000770,0.058823529411764705,3.0,0.058823529411764705,9366.810669467332,7689.35294117647
51-55,F,1,C,2,10,0.21052631578947367,P00000718,0.05263157894736842,20.0,0.15789473684210525,2212.0762560483986,1403.842105263158
46-50,F,1,B,2,1,0.16666666666666666,P00001383,0.08333333333333333,18.0,0.16666666666666666,3357.4469591243483,5936.916666666667
36-45,M,1,B,1,3,0.2,P00001790,0.06666666666666667,30.0,0.13333333333333333,4854.326712178676,7467.6
36-45,M,1,A,2,13,0.16666666666666666,P00000404,0.03333333333333333,40.0,0.1,9324.288026439337,14631.8
26-35,M,0,A,2,9,0.18181818181818182,P00000809,0.09090909090909091,40.0,0.2727272727272727,8912.053344666527,9208.272727272728
36-45,M,0,B,2,10,0.2,P00043366,0.1,14.0,0.15,6481.839265249202,4142.55
51-55,F,1,B,1,1,0.13636363636363635,P00059215,0.045454545454545456,7.0,0.09090909090909091,7792.156926732452,8514.318181818182
26-35,M,0,A,2,16,0.35714285714285715,P00004977,0.07142857142857142,12.0,0.14285714285714285,6710.097832601021,5412.0
0-17,M,0,A,4,3,0.2,P00011738,0.1,18.0,0.2,5977.515875716637,3492.6
18-25,M,0,A,3,5,0.3,P00005311,0.05,4.0,0.1,9202.276977952108,5352.0
46-50,F,1,B,5+,16,0.2777777777777778,P00002264,0.05555555555555555,28.0,0.1111111111111111,5550.584596191388,4639.777777777777
26-35,M,0,B,2,17,0.2,P00003448,0.06666666666666667,36.0,0.2,7972.694443865141,5789.866666666667
55+,F,1,C,2,17,0.2222222222222222,P00012789,0.05555555555555555,44.0,0.16666666666666666,6860.63336340449,3727.1666666666665
26-35,M,0,A,2,12,0.23076923076923078,P00003453,0.07692307692307693,21.0,0.15384615384615385,8218.260424825707,8435.923076923076
36-45,M,0,B,2,10,0.3,P00000718,0.05,44.0,0.15,2811.5116293740034,1401.2
36-45,M,1,A,5+,12,0.13043478260869565,P00000370,0.021739130434782608,27.0,0.10869565217391304,7361.428095047234,7486.152173913043
51-55,F,1,C,2,16,0.2,P00000370,0.06666666666666667,28.0,0.2,5493.809295145635,3783.0
46-50,F,1,B,2,10,0.23529411764705882,P00004911,0.058823529411764705,8.0,0.11764705882352941,8350.94371252171,6076.529411764706
26-35,M,0,B,2,17,0.3076923076923077,P00003936,0.07692307692307693,44.0,0.23076923076923078,4106.605565333828,2470.5384615384614
18-25,M,0,A,2,11,0.18181818181818182,P00021723,0.09090909090909091,9.0,0.18181818181818182,10225.30011384418,8517.727272727272
36-45,M,1,A,5+,18,0.14583333333333334,P00028582,0.041666666666666664,7.0,0.08333333333333333,10824.207275262916,12066.270833333334
26-35,M,0,B,2,4,0.15789473684210525,P00013564,0.10526315789473684,20.0,0.10526315789473684,9776.452603514832,7689.210526315789
46-50,F,1,B,1,10,0.25,P00005394,0.0625,18.0,0.125,7509.006161215122,3901.9375
36-45,F,1,B,1,5,0.2,P00000770,0.1,28.0,0.2,6283.584755358822,3511.4
26-35,M,0,B,1,12,0.2,P00004323,0.1,35.0,0.2,6769.132113252531,7539.3
36-45,M,1,A,4,3,0.18421052631578946,P00001803,0.02631578947368421,30.0,0.10526315789473684,9571.75828614983,11733.473684210527
18-25,M,0,A,5+,12,0.2,P00076768,0.13333333333333333,42.0,0.2,6969.728185586034,5605.533333333334
51-55,F,1,C,2,4,0.14285714285714285,P00001029,0.07142857142857142,12.0,0.14285714285714285,3853.129007488803,3224.9285714285716
55+,F,1,C,5+,6,0.14285714285714285,P00047580,0.047619047619047616,45.0,0.09523809523809523,6766.419923168755,6699.357142857143
0-17,M,0,A,2,3,0.2631578947368421,P00000770,0.05263157894736842,14.0,0.15789473684210525,7934.942854199721,7272.894736842105
46-50,M,1,B,3,3,0.14634146341463414,P00006347,0.024390243902439025,27.0,0.0975609756097561,6139.8797227434425,5790.878048780488
55+,F,1,C,2,1,0.2,P00004323,0.1,8.0,0.1,4531.138670969534,3623.1
18-25,M,0,A,1,16,0.25,P00004979,0.05,44.0,0.15,7200.890336764285,4317.8
26-35,M,0,B,2,5,0.15,P00000809,0.05,20.0,0.15,5042.537538936021,3906.9
55+,F,1,C,5+,3,0.18181818181818182,P00001853,0.022727272727272728,45.0,0.09090909090909091,5832.219435231983,6638.75
36-45,M,1,A,3,3,0.20588235294117646,P00056935,0.058823529411764705,35.0,0.17647058823529413,9829.028227707433,14270.911764705883
36-45,M,1,B,3,8,0.1875,P00000925,0.0625,27.0,0.125,3291.6552978706623,5229.25
18-25,M,0,A,2,3,0.16666666666666666,P00004898,0.08333333333333333,30.0,0.16666666666666666,4440.031431604552,3341.75
36-45,M,1,B,1,9,0.17647058823529413,P00004405,0.058823529411764705,30.0,0.17647058823529413,4832.403940647785,4706.705882352941
36-45,F,1,B,1,10,0.3125,P00001803,0.0625,6.0,0.125,5484.398525210703,2874.125
18-25,M,0,A,3,10,0.26666666666666666,P00005612,0.06666666666666667,6.0,0.13333333333333333,3747.5787777227706,2463.4666666666667
26-35,M,0,B,3,10,0.15,P00001853,0.05,42.0,0.15,10697.149976930648,9060.45
26-35,M,0,A,5+,6,0.3,P00002370,0.1,27.0,0.2,3661.505191402392,8608.6
55+,F,1,C,3,17,0.35714285714285715,P00001575,0.07142857142857142,24.0,0.14285714285714285,9314.724127204952,5286.214285714285
55+,F,1,C,1,17,0.2631578947368421,P00000101,0.05263157894736842,18.0,0.10526315789473684,4575.9815276638155,3473.9473684210525
0-17,M,0,A,5+,5,0.16666666666666666,P00002675,0.08333333333333333,4.0,0.16666666666666666,7728.5639395803555,5175.25
46-50,F,1,B,1,16,0.2,P00049027,0.1,44.0,0.15,8452.33612677584,6187.0
36-45,M,1,A,1,3,0.15555555555555556,P00033616,0.044444444444444446,40.0,0.1111111111111111,10397.633056313218,13982.91111111111
55+,F,1,C,2,16,0.21428571428571427,P00002084,0.07142857142857142,6.0,0.14285714285714285,8577.178778724261,4783.428571428572
18-25,M,0,A,2,17,0.25,P00063456,0.125,6.0,0.125,6705.602114401559,4420.625
26-35,M,0,B,2,10,0.17647058823529413,P00014943,0.058823529411764705,4.0,0.11764705882352941,5942.577156196875,4031.5882352941176
36-45,M,0,A,5+,3,0.1956521739130435,P00000573,0.021739130434782608,7.0,0.08695652173913043,6329.446065199587,6996.586956521739
51-55,F,1,C,3,5,0.14285714285714285,P00000101,0.07142857142857142,30.0,0.21428571428571427,6324.192747860228,4654.714285714285
46-50,F,1,B,5+,3,0.2,P00004622,0.02857142857142857,44.0,0.14285714285714285,9425.498067485241,11674.657142857142
46-50,M,1,A,2,3,0.22916666666666666,P00055106,0.041666666666666664,40.0,0.10416666666666667,7785.415024643177,8030.520833333333
46-50,F,1,B,3,7,0.42857142857142855,P00000953,0.07142857142857142,40.0,0.21428571428571427,8211.485347358912,10300.07142857143
26-35,M,0,A,5+,12,0.175,P00002892,0.025,42.0,0.075,6564.705910377372,7270.45
51-55,F,1,B,1,3,0.13333333333333333,P00000925,0.03333333333333333,27.0,0.1,9238.23724390712,12762.066666666668
51-55,F,1,C,2,10,0.11627906976744186,P00053512,0.046511627906976744,7.0,0.06976744186046512,8821.545503154783,11330.46511627907
18-25,M,0,A,1,15,0.2222222222222222,P00001802,0.05555555555555555,40.0,0.16666666666666666,5443.582465211265,3338.9444444444443
46-50,F,1,B,3,20,0.18604651162790697,P00000953,0.023255813953488372,10.0,0.13953488372093023,8625.325992009724,12207.767441860466
51-55,F,1,C,2,10,0.16666666666666666,P00004622,0.05555555555555555,42.0,0.16666666666666666,5396.881432161583,2844.3888888888887
18-25,M,0,A,1,3,0.14285714285714285,P00002815,0.07142857142857142,27.0,0.14285714285714285,3640.479273483004,3571.4285714285716
26-35,M,0,B,1,6,0.2,P00008604,0.1,40.0,0.2,11324.301291176129,7687.2
36-45,F,1,B,2,5,0.5,P00004649,0.1,18.0,0.1,9510.843287766045,5766.6
18-25,M,0,A,1,5,0.17647058823529413,P00001790,0.058823529411764705,36.0,0.11764705882352941,7282.301443144435,5307.058823529412
51-55,F,1,B,4,10,0.125,P00037057,0.041666666666666664,30.0,0.08333333333333333,6224.858890956702,6886.479166666667
46-50,F,1,B,5+,3,0.24444444444444444,P00007789,0.044444444444444446,40.0,0.1111111111111111,10123.543337191775,12670.4
51-55,F,1,C,2,16,0.23529411764705882,P00001282,0.058823529411764705,21.0,0.11764705882352941,6853.110296448915,3638.1176470588234
46-50,F,1,B,2,4,0.2222222222222222,P00004979,0.05555555555555555,44.0,0.2222222222222222,7449.15460242635,4182.944444444444
51-55,F,1,C,1,16,0.25,P00001794,0.0625,12.0,0.125,8128.303922867304,4547.4375
26-35,M,0,B,3,5,0.2,P00019708,0.1,3.0,0.1,4344.685028859974,3927.0
36-45,F,1,B,1,4,0.17647058823529413,P00004622,0.058823529411764705,36.0,0.17647058823529413,9325.008671341182,7027.705882352941
51-55,F,1,B,4,3,0.13953488372093023,P00000549,0.023255813953488372,40.0,0.09302325581395349,5797.313483858003,5324.581395348837
55+,F,1,C,2,5,0.4375,P00001229,0.0625,30.0,0.125,5719.108109006159,2731.3125
46-50,F,1,B,1,15,0.23529411764705882,P00004405,0.058823529411764705,18.0,0.11764705882352941,7832.747953774137,4345.588235294118
0-17,M,0,A,3,17,0.3,P00003088,0.05,42.0,0.15,3859.672055880831,2401.2
55+,F,1,C,1,5,0.16666666666666666,P00001455,0.05555555555555555,35.0,0.1111111111111111,9222.499802362436,6862.388888888889
26-35,M,0,A,1,6,0.21428571428571427,P00000953,0.07142857142857142,40.0,0.21428571428571427,5882.440541584311,9211.42857142857
0-17,M,0,A,1,5,0.2631578947368421,P00000247,0.05263157894736842,20.0,0.10526315789473684,4702.17266442672,2430.1052631578946
0-17,M,0,A,1,10,0.5384615384615384,P00005460,0.07692307692307693,42.0,0.23076923076923078,3706.160896364807,2524.6153846153848
0-17,M,0,A,1,5,0.4,P00013324,0.1,6.0,0.1,2644.3132357738727,1822.4
26-35,M,0,B,2,10,0.18181818181818182,P00001229,0.09090909090909091,7.0,0.09090909090909091,8377.906597929841,5475.818181818182
55+,F,1,C,1,3,0.2,P00004008,0.05,20.0,0.1,6774.09573767288,4544.3
0-17,M,0,A,2,4,0.21052631578947367,P00003913,0.05263157894736842,30.0,0.15789473684210525,6050.619456953602,3051.4210526315787
46-50,F,1,B,2,5,0.25,P00000770,0.05,18.0,0.15,4912.644522047162,2596.1
36-45,M,1,A,2,20,0.1891891891891892,P00091338,0.05405405405405406,20.0,0.08108108108108109,9644.378018792573,12233.72972972973
51-55,F,1,B,3,3,0.1875,P00002346,0.03125,20.0,0.09375,9590.856339167445,11382.3125
51-55,F,1,C,4,10,0.35294117647058826,P00005460,0.058823529411764705,44.0,0.17647058823529413,8292.391113686868,3380.5882352941176
26-35,M,0,A,5+,19,0.15217391304347827,P00006603,0.043478260869565216,10.0,0.08695652173913043,9863.579757343101,12166.282608695652
18-25,M,0,A,1,4,0.23529411764705882,P00000370,0.058823529411764705,6.0,0.17647058823529413,9576.067687746056,6777.117647058823
18-25,M,0,A,2,10,0.1875,P00002346,0.0625,40.0,0.1875,8500.598167188002,3982.5
55+,F,1,C,5+,3,0.18181818181818182,P00050190,0.045454545454545456,21.0,0.11363636363636363,6814.285443670701,6793.409090909091
55+,F,1,C,1,16,0.15,P00000238,0.05,12.0,0.1,7026.055058438592,5809.0
36-45,M,1,B,4,3,0.21428571428571427,P00059760,0.14285714285714285,30.0,0.21428571428571427,8541.95549226687,9422.357142857143
0-17,M,0,A,4,10,0.2,P00002370,0.05,28.0,0.15,9795.247912689736,9961.25
36-45,M,1,A,2,3,0.14705882352941177,P00045294,0.058823529411764705,36.0,0.08823529411764706,8018.23618946323,8154.470588235294
18-25,M,0,A,1,5,0.23076923076923078,P00005460,0.07692307692307693,16.0,0.15384615384615385,5943.01524415912,2764.230769230769
51-55,F,1,B,1,11,0.16666666666666666,P00004855,0.05555555555555555,21.0,0.2777777777777778,7512.771610480504,8220.277777777777
46-50,F,1,B,2,4,0.14285714285714285,P00006962,0.07142857142857142,42.0,0.21428571428571427,5332.4091312330065,4749.714285714285
26-35,M,0,B,1,11,0.2,P00000148,0.1,36.0,0.2,8863.35127301682,5737.7
51-55,F,1,B,1,12,0.21052631578947367,P00001069,0.05263157894736842,7.0,0.10526315789473684,4634.917910916619,7060.473684210527
46-50,M,1,B,2,3,0.16216216216216217,P00000101,0.02702702702702703,14.0,0.08108108108108109,7914.087200253307,10298.81081081081
26-35,M,0,A,3,4,0.16666666666666666,P00007652,0.05555555555555555,20.0,0.1111111111111111,6711.149825262746,3331.722222222222
46-50,F,1,B,1,10,0.2727272727272727,P00022765,0.09090909090909091,4.0,0.18181818181818182,8981.06815271081,5150.181818181818
46-50,F,1,C,4,17,0.21052631578947367,P00011630,0.05263157894736842,24.0,0.10526315789473684,8552.611578168246,6298.8421052631575
26-35,M,0,B,4,12,0.15789473684210525,P00003852,0.05263157894736842,36.0,0.10526315789473684,4385.148527494494,4261.9473684210525
46-50,F,1,B,3,11,0.3076923076923077,P00004907,0.07692307692307693,9.0,0.15384615384615385,5279.654163839104,8059.615384615385
36-45,M,0,B,5+,17,0.23529411764705882,P00054951,0.11764705882352941,20.0,0.17647058823529413,7147.696910029626,4304.35294117647
0-17,M,0,A,2,15,0.2,P00003072,0.06666666666666667,24.0,0.2,9544.396367951795,5442.8
46-50,M,1,A,5+,3,0.1388888888888889,P00000549,0.027777777777777776,5.0,0.05555555555555555,7738.756724107603,8851.277777777777
26-35,M,0,B,1,10,0.25,P00016652,0.08333333333333333,40.0,0.16666666666666666,2017.7814549648333,1588.0
26-35,M,0,A,3,19,0.12,P00071018,0.04,20.0,0.08,8900.178139836096,11577.24
18-25,M,0,A,1,3,0.15789473684210525,P00004403,0.05263157894736842,36.0,0.15789473684210525,7457.153715594959,5536.736842105263
51-55,F,1,C,4,3,0.1956521739130435,P00086857,0.043478260869565216,7.0,0.08695652173913043,9648.258882075852,12936.5
36-45,F,1,B,2,17,0.23076923076923078,P00003693,0.07692307692307693,36.0,0.15384615384615385,7069.583478826921,5071.307692307692
51-55,F,1,C,5+,12,0.17647058823529413,P00002892,0.058823529411764705,27.0,0.17647058823529413,7682.248551617132,9976.941176470587
26-35,M,0,B,1,13,0.2,P00013089,0.1,10.0,0.2,9680.014536834815,10284.1
36-45,F,1,B,1,4,0.14285714285714285,P00005254,0.07142857142857142,16.0,0.14285714285714285,5784.292060646414,3249.214285714286
36-45,M,1,A,5+,20,0.1388888888888889,P00000404,0.027777777777777776,10.0,0.1111111111111111,9453.732269228589,11245.805555555555
51-55,F,1,B,2,1,0.15789473684210525,P00003453,0.05263157894736842,27.0,0.15789473684210525,7650.187147120318,9033.052631578947
55+,F,1,C,2,4,0.2,P00031455,0.1,44.0,0.2,1087.467210233639,671.6
55+,F,1,C,1,6,0.23076923076923078,P00012967,0.07692307692307693,42.0,0.15384615384615385,2740.9976402949646,8176.307692307692
18-25,M,0,A,1,5,0.2631578947368421,P00002370,0.05263157894736842,20.0,0.15789473684210525,4111.222480789589,3112.7894736842104
46-50,F,1,B,5+,3,0.16279069767441862,P00031330,0.046511627906976744,12.0,0.09302325581395349,8860.795160978972,11831.860465116279
46-50,F,1,B,1,16,0.2857142857142857,P00005758,0.07142857142857142,32.0,0.14285714285714285,6118.79269361796,2860.785714285714
0-17,M,0,A,2,17,0.36363636363636365,P00002346,0.09090909090909091,4.0,0.09090909090909091,5739.144456354892,3720.909090909091
26-35,M,0,A,5+,14,0.2,P00000953,0.13333333333333333,40.0,0.2,4023.298037088241,5897.666666666667
46-50,F,1,C,1,5,0.17647058823529413,P00001853,0.058823529411764705,4.0,0.058823529411764705,7002.818771226845,5940.64705882353
18-25,M,0,A,2,4,0.1875,P00005311,0.0625,42.0,0.1875,9545.867612043794,8408.25
26-35,M,0,B,2,5,0.2,P00018419,0.06666666666666667,10.0,0.13333333333333333,3986.75802411648,3237.6
18-25,M,0,A,1,11,0.16666666666666666,P00000936,0.05555555555555555,45.0,0.2222222222222222,7281.347092202389,7548.777777777777
46-50,F,1,C,1,10,0.18181818181818182,P00018886,0.09090909090909091,7.0,0.2727272727272727,5861.824461563295,5154.272727272727
46-50,F,1,B,4,2,0.25,P00007789,0.08333333333333333,10.0,0.16666666666666666,7652.864852260865,5462.416666666667
36-45,F,1,B,2,16,0.25,P00011630,0.08333333333333333,7.0,0.08333333333333333,4400.285307554362,4313.333333333333
18-25,M,0,A,1,16,0.2727272727272727,P00001398,0.09090909090909091,20.0,0.18181818181818182,5759.265092006097,3282.0
0-17,M,0,A,3,17,0.21428571428571427,P00001803,0.07142857142857142,18.0,0.14285714285714285,4239.09806652104,3037.4285714285716
36-45,M,1,B,4,7,0.18181818181818182,P00028626,0.09090909090909091,13.0,0.18181818181818182,4590.710271842474,8587.0
51-55,F,1,C,2,4,0.2857142857142857,P00000549,0.07142857142857142,20.0,0.21428571428571427,6025.297798941897,4278.785714285715
26-35,M,0,B,2,5,0.3333333333333333,P00000518,0.06666666666666667,6.0,0.13333333333333333,5373.760032390197,2639.2
51-55,F,1,C,3,3,0.1891891891891892,P00040307,0.08108108108108109,8.0,0.08108108108108109,9736.932725499386,11744.351351351352
26-35,M,0,A,5+,3,0.19148936170212766,P00089916,0.0425531914893617,9.0,0.06382978723404255,9935.26541259399,11803.91489361702
36-45,M,1,B,1,3,0.2777777777777778,P00006347,0.05555555555555555,27.0,0.2222222222222222,9696.18063223562,10949.833333333334
18-25,M,0,A,2,3,0.25,P00008564,0.0625,18.0,0.1875,9373.154807747496,7061.375
36-45,M,0,A,1,17,0.19047619047619047,P00003693,0.023809523809523808,30.0,0.19047619047619047,5587.888480676209,5502.714285714285
0-17,M,0,A,1,16,0.3125,P00005621,0.0625,20.0,0.1875,3851.322940994865,1663.4375
51-55,F,1,C,1,10,0.25,P00000404,0.08333333333333333,44.0,0.25,8181.516083480031,4153.833333333333
51-55,F,1,B,2,1,0.11363636363636363,P00040834,0.045454545454545456,18.0,0.06818181818181818,6211.850987364213,5678.090909090909
26-35,M,0,B,3,17,0.36363636363636365,P00000221,0.09090909090909091,32.0,0.18181818181818182,4132.389874240725,3022.5454545454545
46-50,F,1,B,2,12,0.21428571428571427,P00001790,0.07142857142857142,27.0,0.14285714285714285,4997.048788375655,6825.142857142857
46-50,F,1,B,4,11,0.2,P00004898,0.05,30.0,0.2,5056.389684558071,6934.7
55+,F,1,C,1,10,0.13333333333333333,P00011630,0.06666666666666667,10.0,0.13333333333333333,8216.192326886036,6681.733333333334
26-35,M,0,A,2,10,0.17142857142857143,P00017147,0.05714285714285714,42.0,0.08571428571428572,8928.19741816987,11446.457142857143
36-45,M,0,B,2,10,0.3125,P00000772,0.0625,4.0,0.125,8397.30698076274,4915.5625
46-50,F,1,B,3,11,0.23076923076923078,P00001790,0.07692307692307693,40.0,0.23076923076923078,3792.911426561869,5754.384615384615
36-45,F,1,B,2,5,0.25,P00008902,0.0625,8.0,0.125,2234.145712944137,1805.5
26-35,M,0,A,5+,3,0.2,P00099895,0.044444444444444446,40.0,0.13333333333333333,9444.663437437284,12742.31111111111
0-17,M,0,A,2,4,0.1111111111111111,P00000101,0.05555555555555555,28.0,0.1111111111111111,9465.319233021492,8137.777777777777
46-50,F,1,C,4,4,0.2222222222222222,P00006469,0.05555555555555555,12.0,0.1111111111111111,6722.34150504551,3453.3888888888887
55+,F,1,C,3,3,0.1111111111111111,P00043352,0.044444444444444446,14.0,0.1111111111111111,7585.747573941248,7649.511111111111
46-50,F,1,C,1,10,0.3333333333333333,P00011129,0.06666666666666667,40.0,0.13333333333333333,2591.630650492355,1743.0
26-35,M,0,A,3,20,0.1702127659574468,P00020845,0.0425531914893617,20.0,0.0851063829787234,10168.384844824248,13774.31914893617
55+,F,1,C,1,17,0.2727272727272727,P00002152,0.09090909090909091,30.0,0.18181818181818182,8349.77376721288,7657.818181818182
18-25,M,0,A,4,5,0.21052631578947367,P00001976,0.05263157894736842,4.0,0.10526315789473684,6646.943551659468,4256.631578947368
18-25,M,0,A,1,10,0.2,P00002346,0.06666666666666667,30.0,0.13333333333333333,6625.7562781272645,4435.4
36-45,M,0,B,2,11,0.23529411764705882,P00071097,0.11764705882352941,21.0,0.11764705882352941,4034.5177057049905,3576.3529411764707
46-50,F,1,B,3,3,0.14285714285714285,P00001790,0.07142857142857142,20.0,0.35714285714285715,9077.868104581374,8607.357142857143
46-50,F,1,B,3,1,0.15,P00000953,0.05,21.0,0.1,6386.65755264339,8398.2
36-45,M,1,B,3,3,0.15789473684210525,P00023185,0.10526315789473684,40.0,0.15789473684210525,7252.614052232702,8246.421052631578
51-55,F,1,C,1,17,0.3,P00001708,0.1,27.0,0.2,4348.738059611214,2361.6
55+,F,1,C,5+,5,0.29411764705882354,P00001110,0.058823529411764705,12.0,0.11764705882352941,3105.859507352476,1874.1764705882354
55+,F,1,C,4,3,0.13636363636363635,P00038361,0.045454545454545456,42.0,0.11363636363636363,5328.888650504104,6016.272727272727
18-25,M,0,A,2,2,0.16666666666666666,P00001455,0.08333333333333333,10.0,0.16666666666666666,8156.2727575440085,6012.75
51-55,F,1,B,5+,13,0.1951219512195122,P00000947,0.024390243902439025,40.0,0.12195121951219512,9211.19110812971,10948.658536585366
36-45,M,1,A,1,3,0.1935483870967742,P00025013,0.06451612903225806,9.0,0.06451612903225806,10583.414958452478,14338.870967741936
51-55,F,1,C,2,16,0.2,P00012057,0.1,28.0,0.2,3813.165155090978,2811.5
51-55,F,1,C,1,4,0.21052631578947367,P00000285,0.05263157894736842,6.0,0.10526315789473684,5838.345772282175,3637.3684210526317
26-35,M,0,A,2,6,0.15789473684210525,P00002264,0.05263157894736842,10.0,0.10526315789473684,7577.592617526559,8807.105263157895
36-45,F,1,B,5+,5,0.25,P00032603,0.08333333333333333,7.0,0.16666666666666666,3098.359311674878,3153.6666666666665
51-55,F,1,C,1,9,0.15,P00093328,0.05,9.0,0.125,6396.950013984028,8168.425
55+,F,1,C,2,16,0.21052631578947367,P00002084,0.05263157894736842,40.0,0.15789473684210525,5929.036509402228,3862.5263157894738
26-35,M,0,A,3,20,0.21428571428571427,P00000337,0.07142857142857142,7.0,0.21428571428571427,8727.435868607648,10057.07142857143
26-35,M,0,A,3,4,0.13333333333333333,P00000772,0.06666666666666667,40.0,0.13333333333333333,6989.44860758667,4915.133333333333
36-45,M,1,A,3,8,0.1282051282051282,P00001156,0.02564102564102564,10.0,0.1282051282051282,8968.751681816955,7253.48717948718
26-35,M,0,A,4,3,0.1702127659574468,P00003525,0.02127659574468085,20.0,0.10638297872340426,10460.323901439871,13045.91489361702
26-35,M,0,A,5+,3,0.10204081632653061,P00000925,0.02040816326530612,21.0,0.10204081632653061,5633.168375321999,6518.183673469388
0-17,M,0,A,1,4,0.15789473684210525,P00000285,0.05263157894736842,8.0,0.10526315789473684,8688.132764957063,4880.9473684210525
36-45,F,1,B,2,17,0.2,P00015713,0.05,20.0,0.1,7510.047644918596,5831.05
0-17,M,0,A,2,10,0.2,P00003451,0.1,20.0,0.2,5628.12931621156,4679.4
51-55,F,1,C,1,4,0.3076923076923077,P00000215,0.07692307692307693,20.0,0.15384615384615385,3138.7937704368746,1870.0
51-55,F,1,C,1,10,0.3157894736842105,P00003018,0.05263157894736842,21.0,0.10526315789473684,7209.352886420227,4231.473684210527
36-45,F,1,B,4,3,0.11764705882352941,P00001976,0.058823529411764705,36.0,0.17647058823529413,10633.782229637438,6905.588235294118
55+,F,1,C,3,11,0.14285714285714285,P00055541,0.04081632653061224,30.0,0.12244897959183673,6711.894725494616,7958.836734693878
0-17,M,0,A,4,8,0.2,P00019026,0.1,18.0,0.2,5160.84954354524,3988.7
46-50,M,1,B,5+,3,0.15217391304347827,P00091100,0.043478260869565216,14.0,0.10869565217391304,6253.506574807403,7661.086956521739
46-50,F,1,B,2,16,0.17647058823529413,P00002084,0.058823529411764705,24.0,0.11764705882352941,7170.446578819613,5531.529411764706
36-45,M,1,A,3,3,0.17142857142857143,P00000148,0.02857142857142857,36.0,0.11428571428571428,9963.78150919746,12124.914285714285
55+,F,1,C,4,12,0.16326530612244897,P00003852,0.02040816326530612,21.0,0.08163265306122448,6451.721477742242,7468.122448979592
55+,F,1,C,1,16,0.2727272727272727,P00001976,0.09090909090909091,4.0,0.09090909090909091,5432.395803293089,2106.818181818182
36-45,M,1,A,3,3,0.15789473684210525,P00064069,0.05263157894736842,30.0,0.10526315789473684,9582.19523917703,11721.421052631578
36-45,M,0,B,1,11,0.2,P00001621,0.05,20.0,0.1,9110.906889980532,8640.4
55+,F,1,C,2,17,0.25,P00001069,0.0625,6.0,0.125,4317.487417468637,2630.5
26-35,M,0,A,2,3,0.2631578947368421,P00069724,0.10526315789473684,20.0,0.15789473684210525,5616.671452442128,9955.263157894737
36-45,M,1,B,3,3,0.21052631578947367,P00002274,0.05263157894736842,30.0,0.10526315789473684,7085.261329768375,9875.0
26-35,M,0,B,2,11,0.18181818181818182,P00005818,0.09090909090909091,30.0,0.18181818181818182,8518.315084142361,7421.454545454545
55+,F,1,C,2,15,0.35714285714285715,P00005606,0.07142857142857142,30.0,0.21428571428571427,3515.6069614921844,2306.0
18-25,M,0,A,1,5,0.17647058823529413,P00000337,0.058823529411764705,6.0,0.11764705882352941,6387.58100673855,5469.35294117647
0-17,M,0,A,2,3,0.14285714285714285,P00001575,0.07142857142857142,40.0,0.14285714285714285,7302.848479332424,4477.714285714285
18-25,M,0,A,2,17,0.29411764705882354,P00027621,0.058823529411764705,36.0,0.17647058823529413,6627.212139553635,3813.6470588235293
55+,F,1,C,3,8,0.13953488372093023,P00060833,0.046511627906976744,42.0,0.13953488372093023,8968.09365248211,10345.953488372093
36-45,M,1,A,2,3,0.2,P00013678,0.03333333333333333,36.0,0.1,8916.142315402201,12223.066666666668
36-45,F,1,B,1,4,0.25,P00003235,0.08333333333333333,40.0,0.16666666666666666,3863.655267066056,2081.75
36-45,F,1,B,1,3,0.1,P00000101,0.1,4.0,0.3,4731.89624193562,3829.6
36-45,M,0,B,1,4,0.2,P00000610,0.06666666666666667,8.0,0.13333333333333333,7897.734713194665,5782.2
55+,F,1,C,2,10,0.2,P00001085,0.1,12.0,0.1,9218.917087525339,6660.6
26-35,M,0,A,2,3,0.2903225806451613,P00005818,0.06451612903225806,28.0,0.0967741935483871,10175.473156629638,12560.806451612903
51-55,F,1,C,1,16,0.25,P00026792,0.08333333333333333,10.0,0.16666666666666666,6875.51638832027,4886.833333333333
55+,F,1,C,1,10,0.26666666666666666,P00002538,0.06666666666666667,20.0,0.2,3423.750558337199,1601.2
36-45,F,1,B,4,4,0.23076923076923078,P00001282,0.07692307692307693,40.0,0.23076923076923078,10416.114321766181,8016.692307692308
18-25,M,0,A,5+,15,0.2222222222222222,P00067624,0.1111111111111111,18.0,0.16666666666666666,4257.314428963266,2484.1666666666665
46-50,F,1,C,2,16,0.2857142857142857,P00000518,0.07142857142857142,4.0,0.14285714285714285,7328.53055335301,5508.071428571428
26-35,M,0,A,2,7,0.15384615384615385,P00003246,0.07692307692307693,7.0,0.15384615384615385,8524.98847882521,10489.307692307691
26-35,M,0,B,1,4,0.13333333333333333,P00013694,0.06666666666666667,28.0,0.13333333333333333,9686.42431201426,6709.666666666667
46-50,M,1,B,4,12,0.16279069767441862,P00003676,0.023255813953488372,21.0,0.09302325581395349,6036.421693484685,7990.7441860465115
26-35,M,0,A,3,20,0.17777777777777778,P00057684,0.044444444444444446,20.0,0.08888888888888889,10374.591244132382,13627.488888888889
26-35,M,0,A,4,3,0.16666666666666666,P00000925,0.08333333333333333,9.0,0.25,4707.663393743002,5958.583333333333
0-17,M,0,A,1,3,0.25,P00014777,0.08333333333333333,14.0,0.16666666666666666,8882.878029295083,6339.083333333333
36-45,M,0,A,5+,3,0.12244897959183673,P00089394,0.04081632653061224,27.0,0.08163265306122448,8144.714608374609,8580.102040816326
18-25,M,0,A,2,12,0.2222222222222222,P00004405,0.05555555555555555,10.0,0.16666666666666666,6345.1950924646835,8429.944444444445
46-50,M,1,B,1,3,0.1702127659574468,P00098002,0.06382978723404255,42.0,0.1276595744680851,9217.753532400875,14697.106382978724
51-55,F,1,B,4,1,0.17647058823529413,P00003658,0.058823529411764705,9.0,0.11764705882352941,3630.9317887302377,5663.823529411765
46-50,F,1,B,4,9,0.2727272727272727,P00000238,0.09090909090909091,10.0,0.2727272727272727,3190.4221122831777,7597.636363636364
26-35,M,0,A,2,1,0.16666666666666666,P00000947,0.08333333333333333,10.0,0.16666666666666666,3530.845207423837,7842.666666666667
51-55,F,1,B,4,3,0.16279069767441862,P00022414,0.046511627906976744,14.0,0.06976744186046512,7271.34972489327,6996.813953488372
26-35,M,0,A,3,16,0.25,P00005776,0.08333333333333333,36.0,0.16666666666666666,7574.183957944768,3657.0833333333335
26-35,M,0,A,5+,11,0.16666666666666666,P00084844,0.041666666666666664,7.0,0.08333333333333333,6455.171247920714,6266.895833333333
51-55,F,1,C,1,12,0.25,P00004405,0.0625,28.0,0.1875,3439.3081668653463,2118.0
55+,F,1,C,3,10,0.125,P00001976,0.0625,4.0,0.125,7171.586937061652,4652.4375
26-35,M,0,A,3,1,0.15789473684210525,P00008655,0.05263157894736842,18.0,0.10526315789473684,5972.024829268839,7656.315789473684
51-55,F,1,B,3,19,0.1388888888888889,P00020406,0.05555555555555555,24.0,0.1111111111111111,8965.1470209441,9894.25
26-35,M,0,B,2,3,0.18181818181818182,P00004398,0.09090909090909091,4.0,0.09090909090909091,5364.298322325958,5301.909090909091
0-17,M,0,A,2,15,0.2,P00019639,0.06666666666666667,8.0,0.13333333333333333,5668.714114707647,1938.0
55+,F,1,C,4,3,0.12244897959183673,P00005818,0.02040816326530612,10.0,0.08163265306122448,6920.646610700771,8143.897959183673
26-35,M,0,A,4,11,0.15384615384615385,P00007687,0.07692307692307693,42.0,0.23076923076923078,4490.484250912401,6230.846153846154
46-50,F,1,B,3,18,0.1282051282051282,P00003382,0.02564102564102564,40.0,0.15384615384615385,8535.123629357751,11949.0
55+,F,1,C,1,10,0.21052631578947367,P00000285,0.05263157894736842,30.0,0.10526315789473684,6451.46168668286,4007.315789473684
36-45,M,0,B,1,4,0.17647058823529413,P00001457,0.058823529411764705,4.0,0.058823529411764705,9321.189421704405,7444.882352941177
51-55,F,1,C,2,4,0.16666666666666666,P00006540,0.08333333333333333,40.0,0.16666666666666666,3989.94391526619,4197.416666666667
18-25,M,0,A,4,4,0.26666666666666666,P00001794,0.06666666666666667,20.0,0.2,2696.792154358493,2022.0666666666666
0-17,M,0,A,2,16,0.23076923076923078,P00033405,0.07692307692307693,20.0,0.15384615384615385,9525.589145249893,5816.692307692308
46-50,F,1,B,1,3,0.15384615384615385,P00019327,0.07692307692307693,4.0,0.15384615384615385,9530.623786994782,6487.538461538462
46-50,F,1,B,5+,12,0.11764705882352941,P00000370,0.029411764705882353,7.0,0.058823529411764705,8662.815588621283,8230.676470588236
55+,F,1,C,3,4,0.2727272727272727,P00007524,0.09090909090909091,36.0,0.2727272727272727,5809.763152737733,3765.909090909091
46-50,F,1,B,1,3,0.15384615384615385,P00016302,0.07692307692307693,16.0,0.15384615384615385,7797.852114689282,5353.538461538462
36-45,M,0,B,3,5,0.2,P00009923,0.06666666666666667,32.0,0.13333333333333333,6835.182602500377,5332.266666666666
0-17,M,0,A,2,15,0.21428571428571427,P00010017,0.07142857142857142,28.0,0.14285714285714285,8773.434468845191,5121.928571428572
51-55,F,1,B,3,11,0.21428571428571427,P00002627,0.07142857142857142,18.0,0.14285714285714285,6281.157836238178,7860.928571428572
18-25,M,0,A,1,5,0.15789473684210525,P00000404,0.05263157894736842,4.0,0.15789473684210525,10132.77594121442,5335.9473684210525
46-50,F,1,B,2,3,0.11764705882352941,P00000809,0.058823529411764705,7.0,0.11764705882352941,8706.564830885472,7698.823529411765
46-50,M,1,B,5+,11,0.21428571428571427,P00005627,0.047619047619047616,14.0,0.07142857142857142,6194.084875307143,5598.142857142857
55+,F,1,C,1,17,0.3,P00000285,0.1,28.0,0.1,9408.113460672595,6823.0
26-35,M,0,A,3,9,0.16666666666666666,P00024091,0.05555555555555555,27.0,0.08333333333333333,9660.315825582515,11624.083333333334
55+,F,1,C,2,3,0.26666666666666666,P00000205,0.06666666666666667,6.0,0.13333333333333333,9207.949500295927,5056.0
0-17,M,0,A,5+,10,0.13333333333333333,P00013324,0.06666666666666667,12.0,0.13333333333333333,8651.106854589407,7993.333333333333
26-35,M,0,A,1,3,0.25806451612903225,P00034406,0.06451612903225806,42.0,0.0967741935483871,8752.007574179459,10597.612903225807
0-17,M,0,A,1,3,0.1111111111111111,P00001409,0.05555555555555555,7.0,0.16666666666666666,10860.203280515409,9947.666666666666
36-45,M,0,B,2,4,0.2727272727272727,P00016119,0.09090909090909091,6.0,0.18181818181818182,6437.340848518121,4563.0
18-25,M,0,A,2,10,0.2222222222222222,P00000772,0.05555555555555555,9.0,0.1111111111111111,7158.448324762892,6645.222222222223
0-17,M,0,A,2,17,0.21052631578947367,P00002084,0.05263157894736842,6.0,0.10526315789473684,2681.882989323183,2240.5789473684213
26-35,M,0,A,4,11,0.16666666666666666,P00002733,0.05555555555555555,9.0,0.1111111111111111,3301.335853605424,6747.222222222223
51-55,F,1,C,1,1,0.2,P00007687,0.1,7.0,0.1,4548.9965010611595,4486.5
51-55,F,1,C,1,3,0.16666666666666666,P00013564,0.08333333333333333,30.0,0.16666666666666666,10427.594312760502,5944.333333333333
26-35,M,0,A,1,4,0.23529411764705882,P00000947,0.058823529411764705,6.0,0.17647058823529413,8829.398827463383,7926.823529411765
51-55,F,1,C,4,17,0.21428571428571427,P00015506,0.07142857142857142,42.0,0.21428571428571427,7655.787735181393,4874.0
55+,F,1,C,1,5,0.2222222222222222,P00005758,0.05555555555555555,4.0,0.1111111111111111,7449.6253825188605,3935.1111111111113
0-17,M,0,A,1,5,0.16666666666666666,P00009589,0.05555555555555555,3.0,0.16666666666666666,6452.7570236203965,4512.5
0-17,M,0,A,1,16,0.23529411764705882,P00015489,0.058823529411764705,12.0,0.11764705882352941,5705.158400517903,3140.0
0-17,M,0,A,3,10,0.21428571428571427,P00000610,0.07142857142857142,10.0,0.14285714285714285,8131.125940172433,5361.142857142857
26-35,M,0,A,1,3,0.21428571428571427,P00004082,0.07142857142857142,9.0,0.14285714285714285,5578.486046538843,6694.428571428572
0-17,M,0,A,2,5,0.15,P00007851,0.05,16.0,0.15,3316.7302426684596,2222.35
36-45,M,0,A,3,10,0.12195121951219512,P00003063,0.024390243902439025,42.0,0.12195121951219512,6979.256869292101,5721.951219512195
36-45,M,1,A,5+,20,0.26666666666666666,P00007923,0.03333333333333333,42.0,0.13333333333333333,10835.93988120991,15361.166666666666
0-17,M,0,A,1,5,0.2727272727272727,P00012783,0.09090909090909091,20.0,0.2727272727272727,3327.708111106993,2225.4545454545455
36-45,M,0,B,2,3,0.23529411764705882,P00000070,0.058823529411764705,18.0,0.11764705882352941,7079.462130615822,4852.058823529412
46-50,F,1,B,3,18,0.12903225806451613,P00001790,0.03225806451612903,42.0,0.0967741935483871,9519.989506183789,11653.741935483871
51-55,F,1,C,2,10,0.16666666666666666,P00006172,0.05555555555555555,20.0,0.1111111111111111,7071.798905844671,5432.0
0-17,M,0,A,1,12,0.2,P00014175,0.1,9.0,0.2,3225.7386905947606,3460.9
36-45,M,0,B,3,17,0.21428571428571427,P00003693,0.07142857142857142,30.0,0.21428571428571427,4091.792788653248,2515.0714285714284
36-45,F,1,B,1,10,0.2,P00000770,0.1,8.0,0.1,4578.036237175159,2126.7
46-50,F,1,B,5+,1,0.21428571428571427,P00003161,0.07142857142857142,3.0,0.07142857142857142,3100.9750868091455,7320.214285714285
36-45,F,1,B,1,16,0.2777777777777778,P00003227,0.05555555555555555,36.0,0.1111111111111111,2473.44000879831,1705.2222222222222
51-55,F,1,C,1,13,0.2,P00003072,0.06666666666666667,20.0,0.13333333333333333,10910.820412171885,9331.933333333332
51-55,F,1,C,2,3,0.16666666666666666,P00001409,0.08333333333333333,44.0,0.25,2814.9529626297813,2495.0
36-45,F,1,B,3,4,0.2857142857142857,P00001457,0.07142857142857142,12.0,0.14285714285714285,9110.350345189141,7488.785714285715
36-45,F,1,B,2,10,0.21428571428571427,P00001575,0.07142857142857142,6.0,0.07142857142857142,9115.212670446726,6797.785714285715
0-17,M,0,A,1,13,0.15,P00003072,0.05,7.0,0.15,9653.69275663327,7266.55
26-35,M,0,B,2,5,0.3333333333333333,P00005612,0.05555555555555555,40.0,0.16666666666666666,5926.676278692664,4236.777777777777
51-55,F,1,C,1,8,0.25,P00012283,0.08333333333333333,24.0,0.16666666666666666,8309.17180353169,5300.666666666667
26-35,M,0,A,1,10,0.25,P00006011,0.0625,36.0,0.1875,7928.538339441892,4689.75
0-17,M,0,A,3,10,0.2,P00010305,0.06666666666666667,8.0,0.13333333333333333,6590.090943082291,5318.266666666666
18-25,M,0,A,2,3,0.2,P00021040,0.1,6.0,0.1,1946.5579421692591,908.4
36-45,M,1,A,4,20,0.16279069767441862,P00052662,0.046511627906976744,40.0,0.11627906976744186,9571.209458261228,11688.511627906977
36-45,M,0,B,1,10,0.2857142857142857,P00017122,0.07142857142857142,4.0,0.07142857142857142,5725.756511751799,3707.3571428571427
51-55,F,1,C,2,10,0.25,P00005612,0.05,7.0,0.05,8782.337563631845,5268.65
55+,F,1,C,2,8,0.2222222222222222,P00021068,0.1111111111111111,16.0,0.1111111111111111,6747.694231452436,4980.166666666667
26-35,M,0,A,5+,3,0.17142857142857143,P00004189,0.02857142857142857,10.0,0.11428571428571428,10000.947397726919,13607.828571428572
55+,F,1,C,1,1,0.15384615384615385,P00001794,0.07692307692307693,10.0,0.15384615384615385,8120.777348480239,6604.076923076923
26-35,M,0,A,5+,12,0.375,P00043352,0.125,28.0,0.125,2985.1270206084478,7475.4375
26-35,M,0,B,2,5,0.36363636363636365,P00001794,0.09090909090909091,30.0,0.2727272727272727,3311.6652443912703,1787.090909090909
0-17,M,0,A,2,3,0.16666666666666666,P00000718,0.08333333333333333,5.0,0.08333333333333333,6547.00267934368,5204.583333333333
26-35,M,0,A,1,3,0.25,P00012904,0.05,7.0,0.15,5275.104993716887,7646.2
18-25,M,0,A,3,10,0.4,P00020073,0.1,42.0,0.2,7921.548372775504,4197.8
51-55,F,1,C,1,10,0.25,P00001398,0.0625,30.0,0.125,4780.288164256767,2825.5
46-50,F,1,B,5+,6,0.15789473684210525,P00003063,0.05263157894736842,36.0,0.15789473684210525,3957.541282159922,6401.0
51-55,F,1,B,4,3,0.16666666666666666,P00000772,0.023809523809523808,18.0,0.09523809523809523,7681.924723316665,8446.357142857143
18-25,M,0,A,2,4,0.21052631578947367,P00005758,0.05263157894736842,4.0,0.21052631578947367,3417.561305207823,2849.9473684210525
55+,F,1,C,1,17,0.2727272727272727,P00020109,0.09090909090909091,7.0,0.09090909090909091,3709.021956355513,2479.5454545454545
36-45,M,1,A,4,3,0.3125,P00004907,0.03125,21.0,0.09375,8445.667841581422,12333.0
36-45,F,1,B,1,3,0.2222222222222222,P00002743,0.05555555555555555,12.0,0.1111111111111111,8481.773855852916,5762.277777777777
55+,F,1,C,3,16,0.2,P00002084,0.06666666666666667,6.0,0.06666666666666667,9485.087602577607,5232.4
51-55,F,1,C,1,4,0.23529411764705882,P00010760,0.058823529411764705,40.0,0.23529411764705882,7042.106936868689,3644.1176470588234
26-35,M,0,B,2,3,0.2,P00007923,0.1,16.0,0.2,8174.880236975272,3631.0
36-45,M,1,A,5+,3,0.24390243902439024,P00010292,0.04878048780487805,12.0,0.07317073170731707,9783.587137426117,13091.219512195123
55+,F,1,C,3,3,0.14285714285714285,P00004898,0.02857142857142857,10.0,0.08571428571428572,8986.121017781727,11876.771428571428
0-17,M,0,A,2,17,0.3,P00002627,0.1,36.0,0.2,9571.494777608028,6747.5
18-25,M,0,A,1,16,0.2631578947368421,P00012070,0.05263157894736842,40.0,0.10526315789473684,5528.455916321795,3929.4736842105262
18-25,M,0,A,1,9,0.23076923076923078,P00003658,0.07692307692307693,8.0,0.15384615384615385,7927.9756510143825,6327.615384615385
36-45,M,0,B,1,5,0.3,P00012502,0.1,6.0,0.1,6738.618734989803,4562.7
26-35,M,0,A,2,12,0.3076923076923077,P00009532,0.07692307692307693,10.0,0.07692307692307693,5033.69561949703,9581.384615384615
51-55,F,1,C,4,8,0.16,P00000101,0.02,9.0,0.06,6164.23943621099,6363.64
55+,F,1,C,3,20,0.2,P00002627,0.03333333333333333,13.0,0.1,9633.269926450834,11875.8
36-45,M,0,B,1,5,0.2,P00012904,0.06666666666666667,28.0,0.26666666666666666,7188.396107616774,4317.8
55+,F,1,C,1,16,0.3888888888888889,P00003448,0.05555555555555555,4.0,0.1111111111111111,6448.284842635652,4604.333333333333
36-45,M,0,B,2,17,0.45454545454545453,P00000221,0.09090909090909091,36.0,0.18181818181818182,10319.546399474595,7000.090909090909
26-35,M,0,A,5+,12,0.23529411764705882,P00007161,0.058823529411764705,6.0,0.058823529411764705,5994.9920552613785,7418.64705882353
18-25,M,0,A,2,5,0.2222222222222222,P00003658,0.05555555555555555,36.0,0.16666666666666666,4198.89616875051,2358.722222222222
46-50,F,1,B,5+,3,0.2,P00002352,0.03333333333333333,10.0,0.1,9462.486054226805,12636.133333333333
0-17,M,0,A,1,17,0.26666666666666666,P00007153,0.06666666666666667,20.0,0.13333333333333333,8080.174864326591,4974.133333333333
18-25,M,0,A,4,4,0.2,P00000770,0.1,20.0,0.2,2864.095971390158,1920.2
51-55,F,1,B,4,3,0.16326530612244897,P00000610,0.02040816326530612,27.0,0.08163265306122448,7413.221611007698,6601.367346938776
55+,F,1,C,1,10,0.25,P00014700,0.08333333333333333,20.0,0.25,6447.346968468362,4753.75
0-17,M,0,A,2,3,0.15,P00023947,0.1,10.0,0.1,10721.897026155106,8333.45
36-45,F,1,B,2,10,0.21428571428571427,P00033468,0.07142857142857142,42.0,0.21428571428571427,2778.293123721592,2133.714285714286
18-25,M,0,A,3,17,0.3157894736842105,P00001455,0.05263157894736842,42.0,0.15789473684210525,6638.9581111172565,3863.6315789473683
36-45,M,0,B,1,4,0.21052631578947367,P00005627,0.05263157894736842,20.0,0.2631578947368421,6923.544527098346,4226.526315789473
46-50,F,1,B,1,13,0.15,P00000070,0.05,40.0,0.2,8626.897444834047,5889.45
55+,F,1,C,5+,3,0.1590909090909091,P00001621,0.022727272727272728,45.0,0.11363636363636363,7687.408184707552,8186.772727272727
36-45,M,1,B,3,6,0.18181818181818182,P00001069,0.09090909090909091,9.0,0.18181818181818182,3445.3284630324897,7645.272727272727
51-55,F,1,C,1,16,0.2631578947368421,P00001383,0.05263157894736842,4.0,0.10526315789473684,5666.66712641897,3791.1052631578946
46-50,F,1,C,2,4,0.2727272727272727,P00006213,0.09090909090909091,20.0,0.2727272727272727,5998.432801384648,4236.454545454545
55+,F,1,C,3,10,0.18181818181818182,P00006098,0.09090909090909091,8.0,0.18181818181818182,8319.265716068063,4591.363636363636
26-35,M,0,A,2,13,0.17073170731707318,P00008604,0.04878048780487805,14.0,0.12195121951219512,10348.010567784304,12753.19512195122
36-45,F,1,B,1,17,0.1875,P00000285,0.0625,20.0,0.125,10479.368791224975,8378.4375
51-55,F,1,C,5+,11,0.23076923076923078,P00006349,0.07692307692307693,40.0,0.15384615384615385,2742.3249727941175,2228.6153846153848
46-50,F,1,C,2,11,0.16666666666666666,P00002675,0.05555555555555555,40.0,0.16666666666666666,4508.737934800146,3357.3333333333335
0-17,M,0,A,1,4,0.2631578947368421,P00002538,0.05263157894736842,7.0,0.05263157894736842,6538.357116556554,3947.684210526316
46-50,M,1,B,2,3,0.19444444444444445,P00007687,0.08333333333333333,10.0,0.08333333333333333,8760.454556409766,11204.722222222223
51-55,F,1,C,1,17,0.2,P00002346,0.1,7.0,0.1,8524.161704629181,5630.9
26-35,M,0,B,1,10,0.23529411764705882,P00005460,0.058823529411764705,7.0,0.058823529411764705,5468.749297815081,4192.588235294118
0-17,M,0,A,1,15,0.21052631578947367,P00005606,0.05263157894736842,18.0,0.10526315789473684,6203.501299610486,3626.4736842105262
18-25,M,0,A,1,5,0.25,P00002346,0.05,36.0,0.15,6739.109588810676,3442.95
46-50,F,1,C,3,3,0.16666666666666666,P00004323,0.08333333333333333,40.0,0.16666666666666666,4162.460566743782,2997.1666666666665
0-17,M,0,A,1,17,0.16666666666666666,P00007652,0.05555555555555555,9.0,0.1111111111111111,3654.268348575224,2024.111111111111
26-35,M,0,B,1,16,0.25,P00000370,0.08333333333333333,4.0,0.25,9812.289245758313,7168.333333333333
36-45,M,1,A,4,20,0.18181818181818182,P00002002,0.030303030303030304,35.0,0.18181818181818182,7818.543437791744,14468.636363636364
36-45,M,0,B,1,17,0.2,P00000205,0.05,6.0,0.1,7665.497625210333,4192.5
46-50,F,1,B,2,4,0.2222222222222222,P00000404,0.05555555555555555,6.0,0.16666666666666666,7153.460378648147,5221.722222222223
36-45,M,1,B,2,11,0.23076923076923078,P00001069,0.07692307692307693,7.0,0.15384615384615385,3598.6550300968033,6271.7692307692305
0-17,M,0,A,3,5,0.17647058823529413,P00005776,0.058823529411764705,20.0,0.17647058823529413,9413.50799071082,5545.764705882353
26-35,M,0,B,1,10,0.3333333333333333,P00000770,0.08333333333333333,20.0,0.16666666666666666,4446.5904984162935,3613.1666666666665
18-25,M,0,A,1,3,0.17647058823529413,P00003658,0.058823529411764705,28.0,0.11764705882352941,6928.024151206885,3875.470588235294
46-50,F,1,C,3,4,0.18181818181818182,P00004403,0.09090909090909091,18.0,0.18181818181818182,5061.699956985346,4445.636363636364
36-45,M,0,B,1,15,0.15384615384615385,P00011935,0.07692307692307693,27.0,0.15384615384615385,8148.123612061608,5154.307692307692
26-35,M,0,A,5+,3,0.3125,P00004631,0.0625,16.0,0.125,7396.362288032768,4192.8125
51-55,F,1,C,1,5,0.13333333333333333,P00005057,0.06666666666666667,9.0,0.2,2334.070799105737,2248.266666666667
26-35,M,0,A,1,3,0.16666666666666666,P00000215,0.05555555555555555,42.0,0.16666666666666666,7275.197253350826,9299.388888888889
26-35,M,0,A,3,3,0.29411764705882354,P00004270,0.058823529411764705,9.0,0.11764705882352941,4493.939050674416,6975.235294117647
55+,F,1,C,1,10,0.23529411764705882,P00004405,0.058823529411764705,12.0,0.11764705882352941,8790.031313937397,6290.0
0-17,M,0,A,1,5,0.21052631578947367,P00000148,0.05263157894736842,24.0,0.15789473684210525,4467.726153476301,2648.2631578947367
26-35,M,0,A,1,8,0.25,P00000404,0.05,7.0,0.05,5930.35069611801,6628.3
46-50,F,1,B,1,13,0.15625,P00067669,0.0625,10.0,0.125,8798.019366034665,10984.40625
18-25,M,0,A,1,15,0.2,P00001039,0.06666666666666667,4.0,0.13333333333333333,8426.754051121656,4522.466666666666
18-25,M,0,A,2,4,0.17647058823529413,P00025355,0.058823529411764705,36.0,0.11764705882352941,7408.760455882419,4593.35294117647
51-55,F,1,C,1,3,0.21428571428571427,P00029969,0.07142857142857142,30.0,0.14285714285714285,6997.127431004403,3717.8571428571427
0-17,M,0,A,3,15,0.25,P00022408,0.08333333333333333,20.0,0.16666666666666666,6726.585442830335,4815.083333333333
55+,F,1,C,2,4,0.15384615384615385,P00000795,0.07692307692307693,6.0,0.23076923076923078,7109.246378070081,4877.307692307692
51-55,F,1,B,5+,11,0.16666666666666666,P00004270,0.023809523809523808,10.0,0.09523809523809523,6976.4776179762175,8242.261904761905
55+,F,1,C,1,15,0.2727272727272727,P00007161,0.09090909090909091,20.0,0.18181818181818182,9632.777339517781,6170.545454545455
36-45,M,0,A,5+,3,0.1956521739130435,P00054741,0.043478260869565216,18.0,0.06521739130434782,7676.60322794683,6734.760869565217
36-45,M,0,A,3,8,0.2,P00005057,0.06666666666666667,18.0,0.13333333333333333,6806.8055090545395,8319.333333333334
18-25,M,0,A,1,8,0.2,P00007232,0.06666666666666667,25.0,0.13333333333333333,10416.843835598098,10191.933333333332
51-55,F,1,C,2,16,0.1875,P00089927,0.125,12.0,0.1875,5797.13657909374,2785.875
36-45,M,0,B,1,10,0.17647058823529413,P00001794,0.058823529411764705,28.0,0.17647058823529413,5839.738608422973,3857.529411764706
26-35,M,0,A,5+,3,0.1702127659574468,P00032596,0.0425531914893617,40.0,0.1276595744680851,9125.480461341407,13205.04255319149
51-55,F,1,C,1,8,0.2,P00018095,0.1,4.0,0.1,3921.148875010996,3473.5
36-45,F,1,B,3,3,0.2,P00003003,0.06666666666666667,30.0,0.13333333333333333,7068.087164956908,8027.8
26-35,M,0,B,1,16,0.2,P00004358,0.06666666666666667,30.0,0.13333333333333333,5012.05694681288,3257.4666666666667
46-50,F,1,B,2,5,0.2,P00004568,0.06666666666666667,4.0,0.13333333333333333,7523.190655439701,4217.933333333333
26-35,M,0,A,2,19,0.21428571428571427,P00037640,0.047619047619047616,21.0,0.16666666666666666,8424.647298696438,14031.880952380952
26-35,M,0,A,2,4,0.2777777777777778,P00003235,0.05555555555555555,24.0,0.16666666666666666,4049.378468002735,2711.722222222222
26-35,M,0,B,2,3,0.11764705882352941,P00014700,0.058823529411764705,35.0,0.11764705882352941,9280.095655091443,7191.35294117647
26-35,M,0,B,1,10,0.35714285714285715,P00017709,0.07142857142857142,10.0,0.14285714285714285,9235.472772991068,5943.428571428572
46-50,F,1,B,2,1,0.23076923076923078,P00003658,0.07692307692307693,42.0,0.15384615384615385,3450.477910042652,3791.153846153846
36-45,M,0,B,1,10,0.25,P00010945,0.08333333333333333,12.0,0.16666666666666666,4729.492957639713,3580.0
36-45,F,1,B,1,4,0.2222222222222222,P00010273,0.05555555555555555,4.0,0.2222222222222222,7871.256584702484,4395.111111111111
26-35,M,0,A,5+,20,0.17777777777777778,P00044139,0.044444444444444446,40.0,0.1111111111111111,10007.97683885563,11903.844444444445
51-55,F,1,C,1,5,0.15,P00067259,0.1,6.0,0.1,8083.6146611199665,4460.1
26-35,M,0,B,1,16,0.3333333333333333,P00005819,0.08333333333333333,12.0,0.16666666666666666,8442.980419474889,4017.0
36-45,M,0,B,3,16,0.17647058823529413,P00003227,0.058823529411764705,12.0,0.23529411764705882,3737.5148455341596,2863.705882352941
18-25,M,0,A,4,10,0.3333333333333333,P00000718,0.06666666666666667,8.0,0.13333333333333333,5302.386921629416,2696.9333333333334
46-50,F,1,C,2,17,0.2222222222222222,P00000285,0.05555555555555555,30.0,0.1111111111111111,4312.61775930913,2988.0555555555557
26-35,M,0,A,5+,11,0.17647058823529413,P00009479,0.058823529411764705,20.0,0.17647058823529413,5537.544429512374,7305.941176470588
36-45,F,1,B,1,16,0.35294117647058826,P00036931,0.11764705882352941,36.0,0.29411764705882354,379.4177330811919,497.2352941176471
26-35,M,0,A,2,3,0.1935483870967742,P00058690,0.06451612903225806,7.0,0.0967741935483871,8976.33282091456,11785.387096774193
36-45,M,0,A,4,12,0.2222222222222222,P00004082,0.05555555555555555,30.0,0.16666666666666666,3506.2745698928265,5772.777777777777
26-35,M,0,A,3,3,0.16666666666666666,P00024972,0.047619047619047616,44.0,0.11904761904761904,10613.137896488119,13538.547619047618
36-45,M,0,B,3,4,0.21428571428571427,P00004002,0.07142857142857142,36.0,0.21428571428571427,3067.053395845438,1363.9285714285713
0-17,M,0,A,2,3,0.21428571428571427,P00003658,0.07142857142857142,36.0,0.2857142857142857,6496.650713176058,5383.214285714285
51-55,F,1,C,4,3,0.2,P00004907,0.03333333333333333,20.0,0.1,10220.06727287394,15964.2
46-50,F,1,C,2,10,0.36363636363636365,P00004008,0.09090909090909091,4.0,0.18181818181818182,6277.9090468085,2571.0
26-35,M,0,B,1,16,0.21052631578947367,P00005857,0.05263157894736842,40.0,0.15789473684210525,4299.756259241783,2984.0
36-45,M,1,A,4,3,0.12244897959183673,P00005621,0.04081632653061224,30.0,0.10204081632653061,9439.096008174225,10748.081632653062
0-17,M,0,A,2,14,0.16666666666666666,P00002733,0.08333333333333333,36.0,0.16666666666666666,3192.4691059467186,3243.4166666666665
18-25,M,0,A,2,17,0.36363636363636365,P00002152,0.09090909090909091,42.0,0.18181818181818182,4309.821690047049,3289.0
26-35,M,0,A,2,7,0.2,P00000101,0.06666666666666667,40.0,0.13333333333333333,7776.68644885529,6151.466666666666
51-55,F,1,C,2,17,0.4,P00001794,0.1,16.0,0.1,8994.789781374055,5325.1
51-55,F,1,C,2,16,0.2631578947368421,P00014993,0.05263157894736842,18.0,0.10526315789473684,7051.7003299813905,5179.105263157895
36-45,M,0,A,1,12,0.2,P00000101,0.05,30.0,0.15,6313.724336504438,8959.95
0-17,M,0,A,2,5,0.18181818181818182,P00000205,0.09090909090909091,36.0,0.2727272727272727,7857.427630187653,4071.181818181818
0-17,M,0,A,1,4,0.15384615384615385,P00000925,0.07692307692307693,40.0,0.15384615384615385,6939.850894356264,4179.461538461538
46-50,M,1,A,4,8,0.125,P00003708,0.020833333333333332,40.0,0.14583333333333334,4549.176341745599,5829.375
26-35,M,0,B,5+,17,0.3333333333333333,P00000285,0.06666666666666667,16.0,0.13333333333333333,6331.15659560678,2985.866666666667
0-17,M,0,A,1,17,0.2,P00000770,0.05,28.0,0.15,7117.134793839738,4129.1
36-45,M,0,B,2,5,0.15384615384615385,P00004323,0.07692307692307693,44.0,0.15384615384615385,12494.34436311496,10831.307692307691
51-55,F,1,C,1,15,0.26666666666666666,P00006613,0.06666666666666667,10.0,0.13333333333333333,5650.623073945874,4690.466666666666
51-55,F,1,C,5+,3,0.23529411764705882,P00007923,0.029411764705882353,20.0,0.08823529411764706,9938.482590084093,11930.558823529413
46-50,F,1,B,1,5,0.1875,P00009159,0.0625,35.0,0.125,10404.095911386694,8187.5
0-17,M,0,A,1,10,0.1875,P00000925,0.0625,20.0,0.1875,5934.296049237853,2984.5
18-25,M,0,A,1,10,0.2,P00010305,0.1,6.0,0.1,8120.134610953195,4602.1
55+,F,1,C,1,12,0.2,P00004855,0.05,40.0,0.15,4792.971629595283,7794.1
46-50,F,1,C,1,11,0.16666666666666666,P00004403,0.05555555555555555,12.0,0.1111111111111111,7106.534048536357,4188.222222222223
51-55,F,1,C,1,17,0.3,P00013116,0.1,12.0,0.1,9152.852998443223,4313.3
18-25,M,0,A,1,1,0.15384615384615385,P00003382,0.07692307692307693,40.0,0.23076923076923078,8434.555876472295,7659.0
18-25,M,0,A,2,3,0.15789473684210525,P00006962,0.05263157894736842,36.0,0.15789473684210525,5980.901463963223,7190.105263157895
0-17,M,0,A,1,17,0.3157894736842105,P00067080,0.10526315789473684,44.0,0.21052631578947367,3109.219674203825,2165.7368421052633
51-55,F,1,C,1,16,0.21428571428571427,P00004403,0.07142857142857142,3.0,0.07142857142857142,4585.52109577311,3026.214285714286
26-35,M,0,B,2,16,0.2222222222222222,P00016193,0.05555555555555555,5.0,0.1111111111111111,7113.553723362424,5374.111111111111
46-50,F,1,B,2,18,0.21428571428571427,P00003382,0.07142857142857142,44.0,0.21428571428571427,9411.438816323815,7668.142857142857
26-35,M,0,A,1,1,0.15789473684210525,P00000947,0.05263157894736842,36.0,0.21052631578947367,3712.0085466351497,6648.684210526316
18-25,M,0,A,1,5,0.15,P00018419,0.05,4.0,0.1,4193.612666901891,2167.6
51-55,F,1,C,1,16,0.21428571428571427,P00003235,0.07142857142857142,32.0,0.14285714285714285,7875.028385436371,5675.071428571428
36-45,F,1,B,5+,4,0.16666666666666666,P00010617,0.08333333333333333,40.0,0.16666666666666666,3022.1830798583032,2561.25
36-45,M,0,A,5+,12,0.3,P00000148,0.05,10.0,0.15,4201.633971319654,6638.85
46-50,F,1,B,2,10,0.15789473684210525,P00000105,0.05263157894736842,18.0,0.10526315789473684,5384.685559895524,5750.368421052632
36-45,M,1,A,1,3,0.2,P00080853,0.05714285714285714,14.0,0.08571428571428572,8587.789175100095,16196.285714285714
18-25,M,0,A,4,11,0.23529411764705882,P00001039,0.058823529411764705,27.0,0.11764705882352941,3817.090022863891,5043.35294117647
0-17,M,0,A,2,5,0.3333333333333333,P00002352,0.06666666666666667,36.0,0.2,3725.952894418899,2010.4
36-45,M,1,A,2,3,0.2777777777777778,P00047292,0.05555555555555555,28.0,0.1111111111111111,9214.43831061659,13917.861111111111
36-45,M,0,A,1,6,0.2,P00007435,0.06666666666666667,16.0,0.13333333333333333,6645.366443728183,9362.8
46-50,F,1,B,3,7,0.2631578947368421,P00000070,0.05263157894736842,42.0,0.15789473684210525,3573.7184395780423,7058.473684210527
36-45,M,0,B,2,17,0.36363636363636365,P00022724,0.09090909090909091,6.0,0.09090909090909091,2193.5851227862327,1430.909090909091
46-50,F,1,B,5+,3,0.10869565217391304,P00002264,0.021739130434782608,42.0,0.13043478260869565,9203.370832928866,9254.021739130434
51-55,F,1,C,3,4,0.2,P00002627,0.1,4.0,0.1,5558.419460602087,3591.7
26-35,M,0,B,2,11,0.18181818181818182,P00001790,0.09090909090909091,20.0,0.2727272727272727,8713.586751317007,6546.454545454545
46-50,F,1,C,2,10,0.1875,P00004270,0.0625,18.0,0.1875,6774.015735391624,4922.375
55+,F,1,C,4,6,0.14,P00066097,0.04,10.0,0.06,7104.498548993662,8334.8
26-35,M,0,A,3,20,0.25,P00009330,0.03125,20.0,0.125,10821.746230801707,14917.5
26-35,M,0,A,4,14,0.23529411764705882,P00004819,0.11764705882352941,10.0,0.17647058823529413,4506.955243418385,5673.235294117647
46-50,F,1,B,2,3,0.35294117647058826,P00088724,0.11764705882352941,27.0,0.17647058823529413,5693.0428323679835,7790.235294117647
26-35,M,0,B,1,16,0.3333333333333333,P00006349,0.08333333333333333,36.0,0.25,8262.686873144616,4804.0
0-17,M,0,A,3,4,0.16666666666666666,P00002469,0.08333333333333333,12.0,0.16666666666666666,3629.7669628428566,2932.25
55+,F,1,C,1,17,0.25,P00002538,0.08333333333333333,24.0,0.16666666666666666,5730.940053910454,3551.5833333333335
26-35,M,0,B,1,4,0.23076923076923078,P00000573,0.07692307692307693,4.0,0.07692307692307693,7791.3683609426025,6957.461538461538
46-50,F,1,B,2,20,0.2,P00012615,0.05714285714285714,42.0,0.14285714285714285,10093.986870301305,11745.342857142858
55+,F,1,C,4,3,0.1111111111111111,P00003246,0.022222222222222223,40.0,0.1111111111111111,5237.208276198572,6353.488888888889
18-25,M,0,A,1,4,0.21052631578947367,P00000070,0.05263157894736842,18.0,0.10526315789473684,5036.899533669566,4715.631578947368
26-35,M,0,A,2,3,0.14285714285714285,P00004752,0.07142857142857142,18.0,0.14285714285714285,5473.961536318912,8459.857142857143
26-35,M,0,B,2,15,0.15384615384615385,P00007232,0.07692307692307693,12.0,0.15384615384615385,10469.33702563874,8333.384615384615
26-35,M,0,A,4,3,0.1875,P00000101,0.03125,10.0,0.09375,9224.91043967147,12524.34375
55+,F,1,C,2,3,0.16666666666666666,P00000953,0.08333333333333333,36.0,0.25,8340.595671264442,4933.833333333333
26-35,M,0,B,2,8,0.18181818181818182,P00003227,0.09090909090909091,30.0,0.18181818181818182,7851.879976390136,4703.818181818182
36-45,F,1,B,1,3,0.21052631578947367,P00001853,0.05263157894736842,40.0,0.15789473684210525,7548.236198450758,10236.473684210527
36-45,M,1,B,5+,3,0.21052631578947367,P00005776,0.05263157894736842,18.0,0.10526315789473684,7091.749909421354,8576.0
18-25,M,0,A,1,16,0.2857142857142857,P00007652,0.07142857142857142,20.0,0.14285714285714285,2555.2474353854573,1984.9285714285713
55+,F,1,C,1,11,0.12244897959183673,P00001790,0.02040816326530612,36.0,0.10204081632653061,6225.3372027758705,7457.408163265306
46-50,F,1,B,2,4,0.3684210526315789,P00020231,0.05263157894736842,6.0,0.10526315789473684,4701.952951227347,2769.0
26-35,M,0,B,1,17,0.23529411764705882,P00000205,0.058823529411764705,11.0,0.11764705882352941,10107.94954806248,5885.235294117647
55+,F,1,C,2,11,0.15,P00003676,0.05,6.0,0.1,6550.7044818015365,4787.05
55+,F,1,C,2,10,0.18181818181818182,P00008270,0.09090909090909091,42.0,0.18181818181818182,10089.629579649862,8390.636363636364
51-55,F,1,C,1,3,0.2727272727272727,P00003018,0.09090909090909091,36.0,0.18181818181818182,8130.674908808449,8021.545454545455
36-45,M,0,B,1,3,0.16666666666666666,P00004270,0.08333333333333333,5.0,0.08333333333333333,6670.3920265512725,6809.833333333333
55+,F,1,C,2,10,0.2,P00001229,0.1,36.0,0.2,7285.187281966973,5009.2
36-45,M,0,B,2,10,0.2857142857142857,P00001110,0.07142857142857142,5.0,0.07142857142857142,2757.7932699497655,1375.2142857142858
51-55,F,1,C,3,7,0.15,P00004752,0.05,18.0,0.15,3504.2719508142,6582.7
55+,F,1,C,4,10,0.3,P00004403,0.1,21.0,0.2,3043.282053237188,2697.1
46-50,F,1,B,2,17,0.25,P00004622,0.0625,8.0,0.125,6496.472847822886,4832.4375
26-35,M,0,A,4,4,0.14285714285714285,P00004606,0.07142857142857142,42.0,0.21428571428571427,4198.0759597387305,5152.071428571428
18-25,M,0,A,1,17,0.2857142857142857,P00001803,0.07142857142857142,8.0,0.14285714285714285,4845.846065797653,3863.6428571428573
18-25,M,0,A,1,5,0.16666666666666666,P00000781,0.08333333333333333,12.0,0.25,2956.7265068591714,2037.0
46-50,F,1,B,2,10,0.2,P00017278,0.05,7.0,0.1,5035.25074481479,3824.2
36-45,M,1,A,5+,3,0.15625,P00000101,0.03125,20.0,0.09375,9240.826628239784,11677.46875
36-45,F,1,B,1,4,0.15384615384615385,P00003161,0.07692307692307693,20.0,0.15384615384615385,4939.287670535873,4021.230769230769
51-55,F,1,C,2,5,0.2222222222222222,P00003745,0.05555555555555555,27.0,0.16666666666666666,8665.954379666298,6310.611111111111
46-50,F,1,B,3,3,0.18181818181818182,P00003451,0.09090909090909091,42.0,0.18181818181818182,3807.2694749052707,4014.6363636363635
18-25,M,0,A,1,10,0.26666666666666666,P00003246,0.06666666666666667,4.0,0.13333333333333333,3065.855806878632,2130.6
46-50,F,1,B,1,5,0.1875,P00005866,0.0625,4.0,0.125,6907.785187441293,2958.9375
36-45,F,1,B,1,1,0.15789473684210525,P00002370,0.05263157894736842,21.0,0.15789473684210525,6123.150128575651,7124.9473684210525
0-17,M,0,A,1,4,0.18181818181818182,P00003451,0.09090909090909091,20.0,0.2727272727272727,5545.046582311099,4238.0
36-45,F,1,B,2,16,0.2727272727272727,P00000781,0.09090909090909091,6.0,0.18181818181818182,5129.889695783828,1967.090909090909
46-50,F,1,B,2,17,0.21052631578947367,P00004008,0.05263157894736842,12.0,0.10526315789473684,9183.080933583704,9158.105263157895
55+,F,1,C,1,10,0.2727272727272727,P00001085,0.09090909090909091,40.0,0.18181818181818182,9754.825154763153,6724.0
36-45,M,1,A,4,3,0.22727272727272727,P00000221,0.045454545454545456,7.0,0.06818181818181818,9557.987149107008,11105.272727272728
0-17,M,0,A,1,4,0.15384615384615385,P00013981,0.07692307692307693,42.0,0.15384615384615385,7018.946120396255,4211.846153846154
46-50,F,1,B,1,5,0.2727272727272727,P00000205,0.09090909090909091,24.0,0.18181818181818182,9272.700613776295,5124.454545454545
36-45,M,0,B,1,4,0.25,P00003448,0.0625,16.0,0.125,8701.945360808695,4044.4375
55+,F,1,C,4,3,0.3023255813953488,P00044437,0.046511627906976744,39.0,0.09302325581395349,10212.236164662223,11588.39534883721
0-17,M,0,A,2,9,0.18181818181818182,P00005057,0.09090909090909091,18.0,0.18181818181818182,6294.941101609074,5967.545454545455
55+,F,1,C,2,5,0.2777777777777778,P00000101,0.05555555555555555,44.0,0.16666666666666666,4383.476007891991,3276.5
26-35,M,0,B,2,8,0.21428571428571427,P00012601,0.07142857142857142,10.0,0.14285714285714285,5556.8958604958225,5500.714285714285
51-55,F,1,C,2,10,0.21428571428571427,P00002743,0.07142857142857142,28.0,0.2857142857142857,9961.976138142627,8232.5
36-45,M,0,B,2,5,0.17647058823529413,P00000285,0.058823529411764705,8.0,0.17647058823529413,5541.925551302225,3020.764705882353
46-50,M,1,B,2,20,0.16666666666666666,P00079494,0.05555555555555555,42.0,0.1388888888888889,9207.505948909637,13247.027777777777
51-55,F,1,C,1,16,0.3,P00009447,0.1,36.0,0.2,8360.586862043705,4601.7
18-25,M,0,A,1,10,0.2727272727272727,P00013089,0.09090909090909091,30.0,0.18181818181818182,4880.385821186309,3415.181818181818
26-35,M,0,A,5+,3,0.17073170731707318,P00040330,0.07317073170731707,7.0,0.12195121951219512,6550.22241839831,5603.341463414634
46-50,F,1,C,3,4,0.1875,P00005857,0.0625,7.0,0.125,5728.096003836412,5133.3125
55+,F,1,C,1,4,0.17647058823529413,P00002264,0.058823529411764705,42.0,0.17647058823529413,3234.4685830451162,2893.529411764706
51-55,F,1,C,1,5,0.2,P00002379,0.05,36.0,0.15,6759.52190986907,4292.15
51-55,F,1,B,4,1,0.18181818181818182,P00001575,0.09090909090909091,9.0,0.18181818181818182,6695.263073112349,6837.727272727273
55+,F,1,C,5+,11,0.11904761904761904,P00001575,0.023809523809523808,36.0,0.14285714285714285,6136.651715992312,6151.238095238095
18-25,M,0,A,1,4,0.2,P00004403,0.1,4.0,0.1,5454.176203200219,2873.5
46-50,M,1,B,1,3,0.15789473684210525,P00012789,0.05263157894736842,20.0,0.10526315789473684,8319.628931229012,10541.526315789473
51-55,F,1,C,1,3,0.18181818181818182,P00012721,0.09090909090909091,42.0,0.2727272727272727,5155.436708422038,4477.636363636364
36-45,M,0,B,5+,16,0.25,P00012510,0.08333333333333333,36.0,0.16666666666666666,5900.143331592322,3000.3333333333335
46-50,F,1,C,1,17,0.3333333333333333,P00014993,0.08333333333333333,20.0,0.16666666666666666,10647.520597716066,6309.166666666667
26-35,M,0,A,1,16,0.26666666666666666,P00002733,0.06666666666666667,20.0,0.2,7591.539086064044,5535.133333333333
51-55,F,1,C,1,4,0.4166666666666667,P00004649,0.08333333333333333,4.0,0.08333333333333333,4146.902534276382,2523.5833333333335
51-55,F,1,C,2,12,0.25,P00008666,0.08333333333333333,35.0,0.16666666666666666,4227.231427054685,7321.083333333333
36-45,M,0,B,2,5,0.14285714285714285,P00007153,0.07142857142857142,4.0,0.07142857142857142,7055.271272266908,4162.571428571428
55+,F,1,C,2,4,0.18181818181818182,P00007524,0.09090909090909091,7.0,0.09090909090909091,7073.829109663823,4757.454545454545
0-17,M,0,A,1,10,0.23076923076923078,P00067357,0.15384615384615385,4.0,0.23076923076923078,8066.071222990718,7277.153846153846
26-35,M,0,B,2,16,0.2,P00013678,0.05,6.0,0.1,4332.544521288543,2608.85
18-25,M,0,A,2,4,0.23076923076923078,P00005311,0.07692307692307693,16.0,0.15384615384615385,6324.026051495993,2541.0
46-50,F,1,B,3,12,0.23076923076923078,P00005057,0.07692307692307693,40.0,0.15384615384615385,6721.288147295454,7700.2307692307695
36-45,F,1,B,1,10,0.25,P00004622,0.08333333333333333,32.0,0.16666666666666666,10203.691038570605,7030.916666666667
51-55,F,1,C,5+,11,0.2727272727272727,P00001039,0.09090909090909091,27.0,0.2727272727272727,4506.4233146597635,6410.090909090909
0-17,M,0,A,1,16,0.3333333333333333,P00001282,0.05555555555555555,12.0,0.1111111111111111,6140.4557933164215,4145.944444444444
46-50,F,1,B,3,3,0.16666666666666666,P00011460,0.08333333333333333,7.0,0.16666666666666666,7367.397050210783,7863.75
46-50,F,1,B,2,5,0.13333333333333333,P00001409,0.06666666666666667,30.0,0.26666666666666666,7541.5453841339695,5474.266666666666
0-17,M,0,A,2,16,0.18181818181818182,P00004631,0.09090909090909091,24.0,0.18181818181818182,10054.74024527735,7043.0
36-45,M,0,B,1,4,0.21052631578947367,P00020795,0.05263157894736842,4.0,0.10526315789473684,8859.852245873712,6459.526315789473
51-55,F,1,C,2,4,0.2,P00003451,0.05,20.0,0.15,5147.920401789241,3825.4
55+,F,1,C,3,3,0.2,P00005311,0.1,14.0,0.2,8449.300226777494,7221.1
18-25,M,0,A,2,10,0.3125,P00001853,0.0625,42.0,0.25,1944.2886863409285,1077.6875
36-45,F,1,B,1,16,0.23529411764705882,P00006705,0.058823529411764705,18.0,0.11764705882352941,3427.871987150938,1837.8823529411766
51-55,F,1,C,2,17,0.25,P00000404,0.0625,4.0,0.125,9596.693355656416,6554.8125
0-17,M,0,A,1,16,0.2631578947368421,P00003708,0.05263157894736842,20.0,0.15789473684210525,6897.945539554996,2883.0
55+,F,1,C,5+,4,0.2,P00003936,0.05,24.0,0.15,6889.992920896218,3832.85
0-17,M,0,A,5+,1,0.2,P00008415,0.1,20.0,0.2,4516.911117616158,3349.6
26-35,M,0,B,1,20,0.16666666666666666,P00000404,0.05555555555555555,20.0,0.1111111111111111,7557.934266006887,5043.611111111111
0-17,M,0,A,1,5,0.16666666666666666,P00007348,0.08333333333333333,42.0,0.16666666666666666,7956.3691063236,6996.583333333333
0-17,M,0,A,2,16,0.15384615384615385,P00020638,0.07692307692307693,42.0,0.15384615384615385,6955.655111176879,5184.2307692307695
46-50,F,1,B,1,17,0.21428571428571427,P00000809,0.07142857142857142,8.0,0.14285714285714285,9031.990083178644,5948.357142857143
51-55,F,1,B,4,3,0.1111111111111111,P00000238,0.022222222222222223,30.0,0.1111111111111111,7317.599739979321,7346.666666666667
51-55,F,1,B,5+,10,0.125,P00053629,0.041666666666666664,20.0,0.08333333333333333,9118.243867073028,10056.8125
51-55,F,1,C,2,5,0.3,P00024740,0.1,4.0,0.2,3198.25869289316,1845.0
55+,F,1,C,2,10,0.21428571428571427,P00007781,0.07142857142857142,18.0,0.14285714285714285,4093.5375261528966,2658.6428571428573
36-45,M,0,B,3,16,0.25,P00001229,0.08333333333333333,20.0,0.25,5945.223878854098,4513.333333333333
26-35,M,0,A,1,3,0.3,P00004907,0.1,18.0,0.2,10989.603966678893,9065.3
18-25,M,0,A,2,3,0.16666666666666666,P00005627,0.08333333333333333,4.0,0.16666666666666666,9179.422267999356,8617.416666666666
46-50,M,1,A,3,3,0.17777777777777778,P00002815,0.044444444444444446,10.0,0.06666666666666667,9244.117676565018,10668.133333333333
0-17,M,0,A,1,2,0.2,P00023825,0.1,6.0,0.1,6150.839206518444,3808.5
46-50,F,1,B,4,3,0.19444444444444445,P00007801,0.027777777777777776,10.0,0.08333333333333333,9256.398245160797,10427.611111111111
26-35,M,0,B,1,15,0.3,P00001455,0.05,24.0,0.2,6722.0060561130895,3381.55
0-17,M,0,A,2,5,0.16666666666666666,P00042695,0.1111111111111111,42.0,0.16666666666666666,8117.3467213195745,6382.833333333333
36-45,M,0,A,5+,12,0.46153846153846156,P00032437,0.07692307692307693,28.0,0.3076923076923077,3117.951192854956,6673.846153846154
26-35,M,0,A,1,8,0.23076923076923078,P00006613,0.07692307692307693,24.0,0.15384615384615385,8014.019009979181,4355.7692307692305
46-50,F,1,B,2,11,0.2,P00001790,0.06666666666666667,36.0,0.13333333333333333,4277.667563164812,6572.066666666667
51-55,F,1,C,1,3,0.17647058823529413,P00001790,0.058823529411764705,30.0,0.17647058823529413,6466.096783813791,7126.35294117647
46-50,F,1,B,2,10,0.1875,P00010305,0.0625,30.0,0.1875,7654.70056022224,5598.5
46-50,F,1,B,3,16,0.21052631578947367,P00003382,0.05263157894736842,36.0,0.15789473684210525,4799.522442130531,4277.684210526316
55+,F,1,C,4,16,0.29411764705882354,P00055648,0.11764705882352941,9.0,0.11764705882352941,6985.669595047884,3636.764705882353
0-17,M,0,A,1,15,0.2727272727272727,P00007524,0.09090909090909091,40.0,0.18181818181818182,8568.553417743702,5588.454545454545
51-55,F,1,C,1,5,0.1875,P00002352,0.0625,20.0,0.125,6373.12175173988,3683.9375
46-50,M,1,B,5+,3,0.15555555555555556,P00003658,0.022222222222222223,21.0,0.13333333333333333,6874.718839282951,7152.488888888889
26-35,M,0,A,1,20,0.1935483870967742,P00045685,0.06451612903225806,21.0,0.12903225806451613,10513.556810444867,11344.161290322581
36-45,M,0,B,1,16,0.25,P00002469,0.05,16.0,0.15,5644.258292375769,3847.75
46-50,M,1,A,4,11,0.16666666666666666,P00059986,0.047619047619047616,36.0,0.19047619047619047,7254.082702907872,6390.428571428572
26-35,M,0,B,3,10,0.2777777777777778,P00004082,0.05555555555555555,44.0,0.16666666666666666,4097.599016816357,3104.9444444444443
46-50,F,1,B,3,12,0.21428571428571427,P00007851,0.07142857142857142,27.0,0.14285714285714285,4886.455532421192,3691.1428571428573
26-35,M,0,A,4,11,0.2727272727272727,P00002627,0.09090909090909091,20.0,0.09090909090909091,6370.506359209389,8561.454545454546
51-55,F,1,C,3,11,0.375,P00003003,0.0625,18.0,0.125,4577.131967728264,7491.125
51-55,F,1,C,1,3,0.2857142857142857,P00010292,0.07142857142857142,20.0,0.14285714285714285,6845.290278323155,4537.928571428572
36-45,F,1,B,3,5,0.3333333333333333,P00012283,0.08333333333333333,6.0,0.16666666666666666,4183.5714262801675,2103.6666666666665
55+,F,1,C,1,5,0.16666666666666666,P00001708,0.08333333333333333,8.0,0.08333333333333333,4544.756659152291,3928.0
46-50,F,1,B,2,16,0.21052631578947367,P00014943,0.05263157894736842,40.0,0.15789473684210525,6828.1452281941065,4037.4210526315787
36-45,F,1,B,1,17,0.21428571428571427,P00007153,0.07142857142857142,30.0,0.14285714285714285,3702.793685438479,3276.0
36-45,M,1,A,5+,3,0.21212121212121213,P00048553,0.06060606060606061,12.0,0.09090909090909091,10667.6687329086,11592.515151515152
26-35,M,0,B,1,10,0.2,P00010017,0.06666666666666667,6.0,0.13333333333333333,8714.345664040471,4747.733333333334
51-55,F,1,C,2,10,0.18181818181818182,P00000101,0.09090909090909091,36.0,0.18181818181818182,4380.328111413159,2650.818181818182
46-50,F,1,C,1,10,0.21052631578947367,P00003072,0.05263157894736842,40.0,0.15789473684210525,7240.750441302088,5023.210526315789
46-50,F,1,B,5+,3,0.1388888888888889,P00074866,0.05555555555555555,20.0,0.08333333333333333,7651.0876033597815,11536.833333333334
51-55,F,1,C,4,1,0.2,P00001853,0.06666666666666667,6.0,0.13333333333333333,3349.559840308802,5507.466666666666
51-55,F,1,C,2,17,0.21428571428571427,P00001156,0.07142857142857142,24.0,0.14285714285714285,3691.0120511234395,2880.5
55+,F,1,C,3,10,0.2777777777777778,P00031330,0.1111111111111111,18.0,0.1111111111111111,8339.17461394292,7285.777777777777
26-35,M,0,A,5+,16,0.25,P00001853,0.08333333333333333,42.0,0.16666666666666666,9138.530649083716,7272.666666666667
51-55,F,1,C,2,17,0.21428571428571427,P00009387,0.07142857142857142,4.0,0.14285714285714285,6905.117529297137,4096.642857142857
46-50,F,1,C,4,17,0.2,P00062865,0.13333333333333333,8.0,0.13333333333333333,8397.926938068875,4506.0
36-45,M,1,B,2,3,0.2631578947368421,P00053354,0.10526315789473684,7.0,0.21052631578947367,4574.184214487888,5956.315789473684
46-50,F,1,B,1,4,0.18181818181818182,P00001457,0.09090909090909091,36.0,0.2727272727272727,9254.904972745288,8224.363636363636
26-35,M,0,A,1,19,0.19047619047619047,P00004270,0.023809523809523808,11.0,0.07142857142857142,8749.115536649137,12271.095238095239
36-45,M,0,B,1,17,0.1875,P00057760,0.125,16.0,0.125,5390.337428754654,3845.4375
18-25,M,0,A,2,5,0.15,P00001976,0.05,42.0,0.15,8135.344675517669,5335.4
51-55,F,1,C,2,10,0.21428571428571427,P00006213,0.07142857142857142,6.0,0.07142857142857142,10045.914724048633,6521.785714285715
0-17,M,0,A,3,5,0.3125,P00002815,0.0625,6.0,0.1875,6394.636028214063,4595.75
26-35,M,0,A,2,18,0.21428571428571427,P00001853,0.07142857142857142,42.0,0.21428571428571427,10339.903315381076,8306.42857142857
46-50,F,1,B,2,3,0.17647058823529413,P00014144,0.058823529411764705,24.0,0.11764705882352941,6570.706165603959,3954.529411764706
26-35,M,0,B,1,10,0.21052631578947367,P00007781,0.05263157894736842,4.0,0.10526315789473684,6516.867178231689,4566.473684210527
55+,F,1,C,1,10,0.26666666666666666,P00005261,0.06666666666666667,3.0,0.06666666666666667,6237.7833135390865,4015.6666666666665
0-17,M,0,A,2,17,0.2,P00004398,0.05,26.0,0.1,10568.667243941305,8766.95
51-55,F,1,B,4,3,0.25,P00010770,0.022727272727272728,7.0,0.11363636363636363,7118.507122216612,8185.454545454545
46-50,F,1,B,2,8,0.23076923076923078,P00000925,0.07692307692307693,14.0,0.15384615384615385,2585.082315308949,4538.923076923077
0-17,M,0,A,2,4,0.2,P00034759,0.1,6.0,0.3,7225.520665591435,4472.0
46-50,F,1,B,2,10,0.2727272727272727,P00000518,0.09090909090909091,42.0,0.18181818181818182,6816.091036523927,4498.727272727273
51-55,F,1,C,5+,12,0.42105263157894735,P00073708,0.10526315789473684,30.0,0.10526315789473684,3892.826101000606,7100.0526315789475
36-45,M,0,B,3,3,0.2,P00008604,0.1,16.0,0.1,11573.938413521993,10749.8
26-35,M,0,B,1,11,0.21428571428571427,P00002627,0.07142857142857142,9.0,0.14285714285714285,5484.361958642646,5026.642857142857
51-55,F,1,C,3,8,0.21428571428571427,P00000953,0.07142857142857142,27.0,0.14285714285714285,4850.208567510437,6059.071428571428
36-45,M,0,B,3,17,0.15789473684210525,P00005776,0.05263157894736842,28.0,0.15789473684210525,7464.769981532785,5762.105263157895
51-55,F,1,C,3,6,0.17647058823529413,P00003708,0.058823529411764705,12.0,0.17647058823529413,3837.0588546974054,3108.176470588235
0-17,M,0,A,1,15,0.3333333333333333,P00000526,0.06666666666666667,20.0,0.13333333333333333,3464.199422391159,2531.9333333333334
51-55,F,1,C,2,15,0.2777777777777778,P00000770,0.05555555555555555,4.0,0.1111111111111111,2243.278268269206,1514.2777777777778
26-35,M,0,A,3,10,0.21052631578947367,P00004697,0.05263157894736842,30.0,0.15789473684210525,4522.1804501138395,2909.6315789473683
46-50,F,1,B,2,17,0.21428571428571427,P00004008,0.07142857142857142,18.0,0.2857142857142857,7564.821642908113,4597.785714285715
26-35,M,0,A,2,6,0.25,P00013503,0.08333333333333333,6.0,0.08333333333333333,3482.4791184738006,6992.916666666667
55+,F,1,C,1,3,0.17647058823529413,P00026798,0.11764705882352941,10.0,0.11764705882352941,6640.481077540729,4980.764705882353
26-35,M,0,B,2,3,0.18181818181818182,P00001110,0.09090909090909091,9.0,0.09090909090909091,9159.106559246724,4917.818181818182
36-45,M,0,B,1,3,0.125,P00017818,0.0625,30.0,0.1875,7018.515284588329,4547.0
46-50,F,1,B,1,10,0.3076923076923077,P00000743,0.07692307692307693,40.0,0.15384615384615385,7821.468855918469,4702.307692307692
18-25,M,0,A,2,17,0.2,P00015489,0.06666666666666667,7.0,0.06666666666666667,7241.319487759777,5069.733333333334
55+,F,1,C,2,5,0.18181818181818182,P00009159,0.09090909090909091,14.0,0.18181818181818182,6230.830363457331,4746.727272727273
18-25,M,0,A,2,5,0.2,P00005612,0.1,16.0,0.2,10154.100133005933,5470.8
51-55,F,1,C,2,9,0.21428571428571427,P00000925,0.07142857142857142,20.0,0.14285714285714285,8419.555813307885,10277.357142857143
26-35,M,0,A,4,12,0.3,P00002815,0.1,36.0,0.2,6170.353788704322,8377.1
18-25,M,0,A,2,5,0.25,P00018025,0.08333333333333333,44.0,0.16666666666666666,7506.778419696711,4419.666666666667
26-35,M,0,A,1,20,0.16129032258064516,P00094842,0.06451612903225806,24.0,0.12903225806451613,10300.233806303433,12069.741935483871
36-45,F,1,B,1,7,0.2,P00003235,0.05,21.0,0.15,4483.614745586658,7023.35
55+,F,1,C,1,3,0.13333333333333333,P00017278,0.06666666666666667,21.0,0.13333333333333333,8009.710498305582,8522.533333333333
26-35,M,0,A,4,3,0.2,P00013668,0.1,14.0,0.2,4986.393621089739,4790.7
46-50,F,1,B,1,17,0.3157894736842105,P00008131,0.05263157894736842,40.0,0.15789473684210525,6374.397029161278,3958.4736842105262
51-55,F,1,C,1,17,0.2631578947368421,P00000148,0.05263157894736842,20.0,0.15789473684210525,3214.2859938549955,1993.3157894736842
55+,F,1,C,4,4,0.21052631578947367,P00001853,0.05263157894736842,24.0,0.10526315789473684,6525.393432605608,4699.315789473684
36-45,F,1,B,2,10,0.17647058823529413,P00006603,0.058823529411764705,36.0,0.23529411764705882,7224.310625059871,4939.588235294118
46-50,F,1,B,3,11,0.21052631578947367,P00006347,0.05263157894736842,27.0,0.2631578947368421,3836.3953689499454,5712.263157894737
18-25,M,0,A,3,4,0.16666666666666666,P00008010,0.08333333333333333,6.0,0.25,3658.1391558186156,2131.5833333333335
51-55,F,1,C,2,12,0.3,P00006347,0.1,18.0,0.3,4469.8098704282465,6122.5
18-25,M,0,A,1,16,0.29411764705882354,P00004002,0.058823529411764705,42.0,0.29411764705882354,5798.0326956396075,3851.470588235294
36-45,M,0,B,3,3,0.09090909090909091,P00013678,0.09090909090909091,4.0,0.18181818181818182,9601.335504643468,6209.454545454545
51-55,F,1,C,2,17,0.25,P00004270,0.0625,40.0,0.125,5412.706279364017,3721.75
55+,F,1,C,1,3,0.23076923076923078,P00008197,0.07692307692307693,4.0,0.15384615384615385,6400.528512833119,3659.923076923077
26-35,M,0,A,2,17,0.26666666666666666,P00005621,0.06666666666666667,10.0,0.13333333333333333,9745.45269050428,4663.0
46-50,F,1,B,3,12,0.23076923076923078,P00000953,0.07692307692307693,30.0,0.3076923076923077,3136.031795610007,6453.384615384615
18-25,M,0,A,1,3,0.23529411764705882,P00002469,0.058823529411764705,6.0,0.11764705882352941,3082.9785504682086,3177.3529411764707
36-45,M,0,A,5+,16,0.14893617021276595,P00075833,0.0425531914893617,7.0,0.10638297872340426,5150.12255155372,6662.446808510638
18-25,M,0,A,2,10,0.35714285714285715,P00004907,0.07142857142857142,42.0,0.21428571428571427,9560.946293514704,7715.214285714285
26-35,M,0,A,2,8,0.1875,P00001409,0.0625,18.0,0.125,3871.7716094616603,5609.0625
36-45,F,1,B,1,8,0.25,P00001229,0.08333333333333333,6.0,0.16666666666666666,2468.972176040185,1868.1666666666667
55+,F,1,C,2,12,0.15384615384615385,P00001282,0.07692307692307693,12.0,0.15384615384615385,5783.412352227484,3673.4615384615386
18-25,M,0,A,2,4,0.21052631578947367,P00021034,0.05263157894736842,4.0,0.15789473684210525,3048.2150035065342,1763.5263157894738
26-35,M,0,B,1,10,0.14285714285714285,P00001708,0.07142857142857142,21.0,0.21428571428571427,8738.9821951811,8371.5
26-35,M,0,A,1,9,0.2222222222222222,P00002733,0.05555555555555555,14.0,0.1111111111111111,3639.5027779338534,5984.333333333333
51-55,F,1,C,1,1,0.13333333333333333,P00000573,0.06666666666666667,36.0,0.13333333333333333,4795.689461331271,4772.533333333334
36-45,M,0,A,1,14,0.2,P00023333,0.1,24.0,0.2,8450.986624846435,8660.6
51-55,F,1,B,1,8,0.10204081632653061,P00021034,0.04081632653061224,10.0,0.14285714285714285,6714.864665452323,7175.061224489796
26-35,M,0,B,2,16,0.1875,P00014943,0.0625,28.0,0.125,9490.22487593594,4830.9375
46-50,F,1,C,2,8,0.21428571428571427,P00080789,0.14285714285714285,16.0,0.14285714285714285,6318.664393665818,4823.214285714285
51-55,F,1,C,5+,15,0.25,P00004008,0.08333333333333333,4.0,0.08333333333333333,3706.961162543527,2170.1666666666665
26-35,M,0,B,1,17,0.23076923076923078,P00003936,0.07692307692307693,40.0,0.23076923076923078,7444.427304866097,5604.692307692308
51-55,F,1,C,1,17,0.25,P00023185,0.0625,20.0,0.125,7761.54886175004,5431.25
36-45,F,1,B,2,16,0.23529411764705882,P00011935,0.058823529411764705,28.0,0.11764705882352941,6346.388767614689,3625.470588235294
55+,F,1,C,3,14,0.2,P00002733,0.1,18.0,0.2,3708.6547740836345,2809.7
26-35,M,0,A,2,3,0.10416666666666667,P00061128,0.041666666666666664,20.0,0.08333333333333333,8933.944797112561,9230.354166666666
51-55,F,1,C,2,3,0.2857142857142857,P00006603,0.07142857142857142,20.0,0.14285714285714285,3110.6982820900203,5337.428571428572
51-55,F,1,B,4,12,0.15217391304347827,P00013564,0.021739130434782608,30.0,0.10869565217391304,6778.2832575308985,6814.760869565217
36-45,M,0,B,5+,10,0.15384615384615385,P00005606,0.07692307692307693,28.0,0.15384615384615385,2749.5049717619336,2217.3846153846152
55+,F,1,C,3,4,0.2,P00006540,0.1,9.0,0.1,6334.6615835242355,4182.6
36-45,M,0,A,5+,10,0.14893617021276595,P00000215,0.02127659574468085,42.0,0.1276595744680851,4367.454460376177,5460.404255319149
0-17,M,0,A,1,3,0.18181818181818182,P00012374,0.09090909090909091,30.0,0.2727272727272727,3906.5945528042707,3795.0
18-25,M,0,A,1,16,0.2,P00005871,0.1,30.0,0.2,7979.532568459828,4788.3
51-55,F,1,C,1,5,0.35714285714285715,P00000070,0.07142857142857142,20.0,0.14285714285714285,8603.189190483534,5429.357142857143
55+,F,1,C,1,8,0.14285714285714285,P00002627,0.02040816326530612,35.0,0.10204081632653061,7062.253175146297,8287.918367346938
46-50,F,1,B,4,6,0.1875,P00008171,0.0625,28.0,0.1875,4016.5948964888153,6384.1875
26-35,M,0,B,1,10,0.26666666666666666,P00005819,0.06666666666666667,4.0,0.06666666666666667,2758.085144926941,1949.6666666666667
55+,F,1,C,2,4,0.2727272727272727,P00003982,0.09090909090909091,6.0,0.09090909090909091,5162.208632323606,3535.818181818182
26-35,M,0,B,1,4,0.25,P00011222,0.08333333333333333,16.0,0.16666666666666666,4482.569845997095,2394.3333333333335
51-55,F,1,C,2,12,0.21052631578947367,P00013089,0.05263157894736842,42.0,0.15789473684210525,5614.899987652944,8321.736842105263
51-55,F,1,C,2,10,0.23529411764705882,P00002538,0.058823529411764705,6.0,0.23529411764705882,2468.451389982368,1614.4705882352941
36-45,M,0,A,3,3,0.14285714285714285,P00003382,0.07142857142857142,40.0,0.21428571428571427,7990.784161550325,8244.857142857143
51-55,F,1,B,1,3,0.14285714285714285,P00007362,0.07142857142857142,10.0,0.14285714285714285,7019.688902345622,7273.857142857143
46-50,F,1,B,1,10,0.2727272727272727,P00006275,0.09090909090909091,35.0,0.18181818181818182,4537.689985003382,3188.0
55+,F,1,C,5+,10,0.21052631578947367,P00000526,0.05263157894736842,4.0,0.10526315789473684,4226.8309233953,2597.8947368421054
51-55,F,1,C,3,3,0.18181818181818182,P00000781,0.09090909090909091,42.0,0.18181818181818182,3937.4363186769588,3584.181818181818
0-17,M,0,A,5+,16,0.3,P00001229,0.1,6.0,0.1,5591.872292294714,3020.8
0-17,M,0,A,2,10,0.25,P00094424,0.125,28.0,0.1875,2825.111888639693,2469.875
51-55,F,1,C,1,10,0.25,P00018831,0.08333333333333333,8.0,0.16666666666666666,4075.25760107892,3318.1666666666665
26-35,M,0,B,1,4,0.15384615384615385,P00005254,0.07692307692307693,20.0,0.15384615384615385,7617.349040016211,4776.692307692308
46-50,F,1,B,1,5,0.23529411764705882,P00002743,0.058823529411764705,12.0,0.11764705882352941,7171.161569603138,3841.5882352941176
26-35,M,0,A,1,11,0.2727272727272727,P00030034,0.09090909090909091,42.0,0.18181818181818182,6754.791545131634,7758.727272727273
36-45,M,0,B,5+,4,0.23076923076923078,P00002538,0.07692307692307693,36.0,0.15384615384615385,1954.2149154833087,1107.5384615384614
36-45,M,1,A,3,13,0.19444444444444445,P00029336,0.05555555555555555,7.0,0.1388888888888889,9110.093224480754,12124.888888888889
36-45,F,1,B,1,16,0.21428571428571427,P00004002,0.07142857142857142,21.0,0.14285714285714285,6353.029446520113,6941.071428571428
51-55,F,1,C,4,10,0.2631578947368421,P00002084,0.05263157894736842,6.0,0.15789473684210525,5486.326395835144,3595.1052631578946
51-55,F,1,B,1,3,0.22580645161290322,P00001575,0.03225806451612903,10.0,0.0967741935483871,10340.402535580975,12764.258064516129
36-45,M,1,A,3,3,0.2,P00045294,0.05714285714285714,36.0,0.11428571428571428,10391.862911420063,13541.228571428572
26-35,M,0,B,1,4,0.21052631578947367,P00003745,0.05263157894736842,16.0,0.15789473684210525,8704.538658499367,6649.578947368421
26-35,M,0,A,2,16,0.14285714285714285,P00052662,0.047619047619047616,42.0,0.19047619047619047,8836.479375507799,9760.952380952382
51-55,F,1,C,2,4,0.23529411764705882,P00002152,0.058823529411764705,30.0,0.11764705882352941,4489.4951201469785,3644.9411764705883
26-35,M,0,A,4,12,0.38461538461538464,P00004405,0.07692307692307693,30.0,0.23076923076923078,6058.784661705932,7020.076923076923
0-17,M,0,A,2,3,0.35714285714285715,P00004631,0.07142857142857142,18.0,0.14285714285714285,10143.34889211905,6785.857142857143
26-35,M,0,B,3,4,0.4,P00003913,0.1,28.0,0.2,3998.5333088799225,2542.8
46-50,M,1,A,5+,3,0.14705882352941177,P00005866,0.029411764705882353,30.0,0.11764705882352941,10016.522918686425,11920.20588235294
51-55,F,1,C,5+,7,0.26666666666666666,P00003982,0.06666666666666667,27.0,0.2,5291.706370754685,9187.8
55+,F,1,C,1,10,0.2,P00007992,0.1,12.0,0.2,7837.520670892464,5470.6
51-55,F,1,B,1,12,0.25,P00008171,0.08333333333333333,18.0,0.25,6960.984881117866,10649.166666666666
18-25,M,0,A,2,11,0.1875,P00000518,0.0625,27.0,0.125,6740.195617524762,7137.1875
0-17,M,0,A,1,10,0.3,P00004568,0.1,4.0,0.2,3722.6226850911917,2040.9
46-50,F,1,B,3,1,0.2,P00027776,0.1,20.0,0.2,3497.159952494786,6546.2
55+,F,1,C,1,3,0.14285714285714285,P00002274,0.07142857142857142,20.0,0.14285714285714285,7892.018601719722,5794.928571428572
55+,F,1,C,3,4,0.15384615384615385,P00093268,0.15384615384615385,6.0,0.15384615384615385,7781.124130276371,4291.307692307692
46-50,F,1,B,3,18,0.2,P00047674,0.06666666666666667,7.0,0.16666666666666666,10350.344100504608,14070.966666666667
0-17,M,0,A,5+,17,0.23076923076923078,P00000404,0.07692307692307693,20.0,0.15384615384615385,8763.146271569538,5866.923076923077
0-17,M,0,A,2,15,0.17647058823529413,P00001790,0.058823529411764705,18.0,0.11764705882352941,6726.994779049032,4435.411764705882
0-17,M,0,A,1,4,0.15,P00000770,0.05,18.0,0.1,8914.65371098856,6946.55
55+,F,1,C,2,16,0.2,P00000770,0.06666666666666667,10.0,0.13333333333333333,7593.497092594301,3744.3333333333335
26-35,M,0,B,3,4,0.14285714285714285,P00001853,0.07142857142857142,36.0,0.14285714285714285,8109.274908304783,5286.0
26-35,M,0,A,1,11,0.38461538461538464,P00000337,0.07692307692307693,36.0,0.23076923076923078,4851.104138129212,6805.7692307692305
26-35,M,0,A,5+,16,0.17391304347826086,P00002815,0.021739130434782608,30.0,0.10869565217391304,7908.033637759897,7832.369565217391
55+,F,1,C,1,4,0.16666666666666666,P00002892,0.08333333333333333,8.0,0.25,8484.204637638895,4708.833333333333
18-25,M,0,A,2,3,0.1111111111111111,P00015158,0.05555555555555555,7.0,0.1111111111111111,8551.118671609447,7400.777777777777
26-35,M,0,B,4,5,0.2,P00005394,0.06666666666666667,20.0,0.13333333333333333,8991.838752049392,6419.0
55+,F,1,C,2,10,0.23076923076923078,P00008415,0.07692307692307693,20.0,0.15384615384615385,9675.89692191839,5492.076923076923
36-45,M,1,B,4,11,0.25,P00001853,0.08333333333333333,27.0,0.16666666666666666,7288.75530536697,10142.916666666666
46-50,F,1,B,3,7,0.16666666666666666,P00000148,0.05555555555555555,20.0,0.2222222222222222,4165.67292620347,5768.888888888889
0-17,M,0,A,3,16,0.25,P00002274,0.08333333333333333,8.0,0.08333333333333333,3386.7850223890487,2536.6666666666665
46-50,F,1,B,2,20,0.21212121212121213,P00000404,0.030303030303030304,6.0,0.06060606060606061,11449.833669726122,14250.242424242424
18-25,M,0,A,2,4,0.15789473684210525,P00002675,0.05263157894736842,44.0,0.15789473684210525,4943.2744918479275,4059.5789473684213
36-45,F,1,B,1,17,0.3076923076923077,P00025885,0.07692307692307693,9.0,0.15384615384615385,8719.3170905548,7539.7692307692305
0-17,M,0,A,5+,5,0.15384615384615385,P00012025,0.07692307692307693,20.0,0.3076923076923077,8142.317887243354,3819.076923076923
55+,F,1,C,3,2,0.2,P00004403,0.1,5.0,0.1,10799.226311793514,6387.4
46-50,F,1,B,2,5,0.21428571428571427,P00000247,0.07142857142857142,6.0,0.14285714285714285,1439.064225861322,929.0
0-17,M,0,A,2,15,0.16666666666666666,P00005460,0.05555555555555555,40.0,0.3888888888888889,5599.330025573963,3670.1666666666665
26-35,M,0,A,1,12,0.3333333333333333,P00008171,0.06666666666666667,27.0,0.13333333333333333,4900.202938460328,8676.866666666667
51-55,F,1,C,2,17,0.2631578947368421,P00010731,0.05263157894736842,42.0,0.15789473684210525,6928.243677173342,4731.684210526316
46-50,F,1,B,1,10,0.2222222222222222,P00001621,0.05555555555555555,28.0,0.1111111111111111,8943.704383787244,5880.888888888889
55+,F,1,C,3,5,0.2222222222222222,P00079820,0.1111111111111111,36.0,0.2222222222222222,7479.220976044011,4778.055555555556
26-35,M,0,A,3,1,0.2,P00002152,0.05,42.0,0.2,4376.774225505885,7558.1
51-55,F,1,B,4,3,0.1794871794871795,P00030464,0.05128205128205128,30.0,0.10256410256410256,8464.27131624334,12050.923076923076
51-55,F,1,C,1,6,0.2,P00021541,0.1,9.0,0.2,4341.710036891506,7326.4
0-17,M,0,A,1,17,0.3125,P00000070,0.0625,40.0,0.125,2277.387962849838,1839.25
0-17,M,0,A,1,15,0.2,P00000221,0.05,27.0,0.1,6957.2803085764235,4227.85
46-50,F,1,B,1,11,0.1875,P00002379,0.0625,35.0,0.1875,5621.218461849116,8154.9375
46-50,F,1,B,4,11,0.3076923076923077,P00004977,0.07692307692307693,30.0,0.23076923076923078,3318.1300669240863,6908.846153846154
36-45,M,1,A,4,20,0.21875,P00077703,0.0625,40.0,0.09375,9953.88155237289,13219.09375
51-55,F,1,C,3,16,0.25,P00019514,0.08333333333333333,28.0,0.16666666666666666,4753.615398416306,3293.4166666666665
55+,F,1,C,3,16,0.4,P00008016,0.1,36.0,0.2,2991.616248414522,1256.0
46-50,F,1,B,1,4,0.23076923076923078,P00003235,0.07692307692307693,28.0,0.15384615384615385,1836.4219914739724,775.3076923076923
51-55,F,1,C,4,4,0.2,P00001029,0.1,4.0,0.1,5553.824564107953,4367.2
46-50,F,1,B,2,3,0.23076923076923078,P00000070,0.07692307692307693,35.0,0.23076923076923078,6690.584521817937,6514.923076923077
26-35,M,0,A,2,20,0.13157894736842105,P00077940,0.05263157894736842,40.0,0.07894736842105263,11002.217571376643,11013.157894736842
0-17,M,0,A,2,16,0.3,P00052821,0.2,32.0,0.2,6630.731808950066,3967.9
36-45,M,1,B,4,3,0.23076923076923078,P00004130,0.07692307692307693,28.0,0.15384615384615385,8198.690947731246,9259.384615384615
0-17,M,0,A,1,5,0.23076923076923078,P00013896,0.07692307692307693,28.0,0.15384615384615385,6884.952777150308,3259.923076923077
51-55,F,1,C,3,4,0.3333333333333333,P00026653,0.06666666666666667,6.0,0.13333333333333333,7997.033498801438,4906.266666666666
26-35,M,0,A,2,4,0.2,P00001790,0.06666666666666667,4.0,0.13333333333333333,10264.539205207318,7471.666666666667
36-45,M,1,B,2,1,0.125,P00019487,0.0625,7.0,0.125,9630.984887114782,8801.8125
26-35,M,0,A,1,16,0.16666666666666666,P00000148,0.05555555555555555,36.0,0.1111111111111111,3667.150087561986,2712.3333333333335
36-45,F,1,B,3,16,0.2222222222222222,P00006469,0.05555555555555555,12.0,0.1111111111111111,7618.209533742164,5502.166666666667
51-55,F,1,C,3,16,0.25,P00000285,0.05,40.0,0.2,5364.99581595952,3553.0
46-50,F,1,C,2,10,0.3333333333333333,P00005460,0.05555555555555555,10.0,0.1111111111111111,7991.902705422606,4932.833333333333
55+,F,1,C,2,5,0.2,P00077703,0.13333333333333333,32.0,0.13333333333333333,7215.837853209391,4754.266666666666
51-55,F,1,C,2,4,0.2,P00008171,0.1,40.0,0.2,8536.226559656074,5344.1
46-50,F,1,C,2,4,0.23529411764705882,P00003913,0.058823529411764705,30.0,0.17647058823529413,8739.499041707139,4488.0
46-50,F,1,C,1,4,0.15789473684210525,P00001085,0.05263157894736842,44.0,0.15789473684210525,10748.232811906679,7081.368421052632
36-45,F,1,B,1,4,0.15,P00002387,0.05,42.0,0.15,6880.522095398223,4494.9
26-35,M,0,A,1,5,0.2,P00061105,0.1,30.0,0.2,7599.436363448625,5066.9
46-50,F,1,B,3,8,0.13333333333333333,P00018429,0.06666666666666667,18.0,0.26666666666666666,7932.8385918162685,5672.533333333334
36-45,M,0,B,1,17,0.21428571428571427,P00001085,0.07142857142857142,36.0,0.14285714285714285,8733.90696942379,5908.214285714285
46-50,F,1,B,1,3,0.2727272727272727,P00001455,0.09090909090909091,21.0,0.18181818181818182,3734.123781850545,5763.727272727273
51-55,F,1,B,5+,3,0.16666666666666666,P00000247,0.023809523809523808,7.0,0.07142857142857142,5224.035474329203,5981.4047619047615
18-25,M,0,A,2,5,0.125,P00000743,0.0625,6.0,0.125,8140.034639565935,7038.25
55+,F,1,C,1,10,0.2631578947368421,P00007781,0.05263157894736842,12.0,0.15789473684210525,8668.605257543517,3942.0
36-45,F,1,B,1,10,0.2,P00024443,0.1,30.0,0.2,7475.371016433453,4614.5
26-35,M,0,B,1,15,0.25,P00003525,0.08333333333333333,6.0,0.16666666666666666,8305.634744867579,6524.166666666667
46-50,F,1,B,2,16,0.2222222222222222,P00002815,0.05555555555555555,20.0,0.1111111111111111,4350.431336138696,3403.1111111111113
0-17,M,0,A,1,4,0.25,P00011771,0.0625,30.0,0.125,7416.340647516132,3818.75
51-55,F,1,C,1,16,0.26666666666666666,P00004403,0.06666666666666667,16.0,0.13333333333333333,9217.041880591161,4608.8
55+,F,1,C,5+,9,0.16666666666666666,P00012592,0.05555555555555555,30.0,0.16666666666666666,7605.024712588709,5881.055555555556
46-50,F,1,B,4,17,0.2,P00000743,0.05,4.0,0.1,6318.169096052731,3601.9
46-50,F,1,B,2,4,0.2727272727272727,P00006172,0.09090909090909091,42.0,0.2727272727272727,3635.9545726735164,1912.6363636363637
51-55,F,1,C,5+,3,0.1875,P00033328,0.0625,7.0,0.125,6720.124210161594,6349.75
55+,F,1,C,5+,3,0.15789473684210525,P00047674,0.05263157894736842,7.0,0.07894736842105263,9150.950175734575,15686.552631578947
26-35,M,0,A,4,13,0.1935483870967742,P00024866,0.06451612903225806,39.0,0.12903225806451613,10475.703145030204,15516.870967741936
18-25,M,0,A,2,4,0.13333333333333333,P00008604,0.06666666666666667,18.0,0.2,7809.361450635171,4588.133333333333
36-45,M,0,B,2,3,0.1875,P00078770,0.125,36.0,0.3125,6541.440198203043,4059.5
36-45,M,0,B,5+,4,0.15789473684210525,P00006172,0.05263157894736842,36.0,0.21052631578947367,7976.458802945561,5527.421052631579
36-45,M,0,B,1,3,0.15384615384615385,P00018089,0.07692307692307693,30.0,0.23076923076923078,4786.123700545471,3229.923076923077
36-45,M,1,B,5+,3,0.4,P00002733,0.1,27.0,0.2,6396.988489385714,10317.2
46-50,F,1,B,5+,9,0.1875,P00009787,0.125,9.0,0.1875,4116.639053382423,7349.8125
51-55,F,1,C,2,17,0.2777777777777778,P00005588,0.05555555555555555,4.0,0.05555555555555555,9537.318751479383,5718.444444444444
51-55,F,1,C,1,15,0.16666666666666666,P00004752,0.05555555555555555,24.0,0.16666666666666666,4576.635589986317,3805.5
55+,F,1,C,1,10,0.2222222222222222,P00002346,0.05555555555555555,12.0,0.16666666666666666,2662.190329347848,1849.0555555555557
51-55,F,1,C,2,17,0.21052631578947367,P00015154,0.05263157894736842,10.0,0.10526315789473684,7396.530855469098,4708.1578947368425
55+,F,1,C,4,10,0.17647058823529413,P00001708,0.058823529411764705,30.0,0.11764705882352941,7304.282418856198,6608.176470588235
46-50,F,1,B,1,10,0.2727272727272727,P00005871,0.09090909090909091,16.0,0.18181818181818182,7903.227240702485,4974.272727272727
46-50,F,1,B,3,12,0.2631578947368421,P00000953,0.05263157894736842,14.0,0.21052631578947367,6143.286722938619,7676.263157894737
0-17,M,0,A,1,10,0.21052631578947367,P00003018,0.05263157894736842,16.0,0.10526315789473684,3916.38831411041,2829.2631578947367
46-50,F,1,B,3,5,0.23076923076923078,P00010326,0.07692307692307693,36.0,0.23076923076923078,3629.691392193571,2471.5384615384614
26-35,M,0,A,1,12,0.25,P00009821,0.0625,36.0,0.25,4209.924792974335,8173.6875
55+,F,1,C,1,5,0.1875,P00008948,0.0625,36.0,0.125,7434.175688164762,4873.8125
36-45,F,1,B,2,9,0.2727272727272727,P00006213,0.09090909090909091,14.0,0.18181818181818182,5203.899988557532,7814.090909090909
46-50,F,1,B,2,2,0.16666666666666666,P00005621,0.08333333333333333,4.0,0.08333333333333333,3647.728461908614,2045.75
46-50,F,1,B,2,5,0.15789473684210525,P00000101,0.05263157894736842,6.0,0.10526315789473684,6871.531120610636,4795.9473684210525
46-50,F,1,B,5+,14,0.17647058823529413,P00001790,0.058823529411764705,21.0,0.17647058823529413,7142.9902660704,7944.235294117647
55+,F,1,C,1,15,0.25,P00003658,0.16666666666666666,36.0,0.16666666666666666,7584.236900048721,5520.583333333333
36-45,M,0,A,3,13,0.14705882352941177,P00000795,0.029411764705882353,18.0,0.11764705882352941,9659.434179841388,9989.85294117647
36-45,M,0,B,2,15,0.2,P00026492,0.1,4.0,0.1,8128.431447019091,5890.3
46-50,F,1,B,2,7,0.23076923076923078,P00006011,0.07692307692307693,18.0,0.07692307692307693,6023.005431101396,4820.384615384615
26-35,M,0,A,4,7,0.2,P00000610,0.1,10.0,0.1,3444.718475837725,7126.4
36-45,M,0,B,2,10,0.35294117647058826,P00000070,0.058823529411764705,30.0,0.17647058823529413,9302.385496947732,5299.941176470588
46-50,F,1,C,4,10,0.16666666666666666,P00008902,0.08333333333333333,6.0,0.16666666666666666,9764.612862967808,6751.0
51-55,F,1,C,5+,12,0.16279069767441862,P00012070,0.046511627906976744,40.0,0.11627906976744186,6998.759275425097,7076.441860465116
55+,F,1,C,2,20,0.23076923076923078,P00000809,0.07692307692307693,10.0,0.15384615384615385,8139.045265467771,6662.0
18-25,M,0,A,3,16,0.1875,P00007255,0.0625,16.0,0.125,9021.933524287722,5616.375
36-45,F,1,B,2,9,0.25,P00013503,0.08333333333333333,27.0,0.25,7893.598228464902,7108.416666666667
0-17,M,0,A,1,4,0.13333333333333333,P00001853,0.06666666666666667,21.0,0.2,6833.483209970767,5562.733333333334
18-25,M,0,A,1,5,0.14285714285714285,P00002346,0.07142857142857142,20.0,0.21428571428571427,9662.052612504922,5414.071428571428
36-45,M,0,B,1,4,0.2727272727272727,P00000718,0.09090909090909091,8.0,0.18181818181818182,7597.162652177217,3126.181818181818
51-55,F,1,B,2,19,0.13636363636363635,P00030169,0.045454545454545456,20.0,0.09090909090909091,9686.362539864993,10960.954545454546
36-45,M,0,B,2,10,0.4,P00012025,0.1,4.0,0.2,7401.506816558068,3064.4
55+,F,1,C,2,5,0.3076923076923077,P00009954,0.07692307692307693,4.0,0.07692307692307693,2099.3051689327335,1137.7692307692307
46-50,M,1,A,1,18,0.16666666666666666,P00084273,0.06666666666666667,7.0,0.2,10476.364596930372,11393.733333333334
46-50,M,1,B,3,3,0.21951219512195122,P00041389,0.04878048780487805,7.0,0.07317073170731707,6913.404425638573,7784.5609756097565
55+,F,1,C,2,10,0.4,P00016051,0.1,7.0,0.1,3787.785147315278,2643.1
55+,F,1,C,1,17,0.2222222222222222,P00001853,0.05555555555555555,40.0,0.16666666666666666,4066.8882473384815,2977.6111111111113
51-55,F,1,C,2,4,0.2,P00002274,0.1,16.0,0.2,8291.414813595513,5599.5
46-50,F,1,C,2,3,0.17647058823529413,P00006469,0.058823529411764705,20.0,0.11764705882352941,7054.347169320072,4673.882352941177
55+,F,1,C,3,19,0.2,P00001282,0.06666666666666667,10.0,0.06666666666666667,9665.877934160728,8609.333333333334
55+,F,1,C,3,10,0.3076923076923077,P00003227,0.07692307692307693,16.0,0.15384615384615385,6967.074547009651,4533.923076923077
0-17,M,0,A,2,10,0.23076923076923078,P00000518,0.07692307692307693,16.0,0.15384615384615385,8750.045522225908,6871.153846153846
26-35,M,0,A,1,5,0.1875,P00005606,0.0625,18.0,0.1875,4506.921460376251,3448.375
51-55,F,1,B,5+,12,0.21428571428571427,P00013089,0.047619047619047616,7.0,0.11904761904761904,7511.254252248955,7802.5952380952385
46-50,F,1,B,2,5,0.15,P00004752,0.05,28.0,0.1,10596.97750602302,7915.5
36-45,F,1,B,2,10,0.21428571428571427,P00030674,0.07142857142857142,18.0,0.21428571428571427,9022.109061499003,5880.071428571428
55+,F,1,C,2,10,0.23076923076923078,P00009330,0.07692307692307693,3.0,0.07692307692307693,3882.97478646304,3042.230769230769
26-35,M,0,A,1,5,0.2222222222222222,P00011826,0.05555555555555555,8.0,0.1111111111111111,4690.996397633916,3790.4444444444443
18-25,M,0,A,2,10,0.23076923076923078,P00074174,0.15384615384615385,7.0,0.07692307692307693,9815.350924405646,6640.461538461538
36-45,M,1,B,1,11,0.25,P00002815,0.1,27.0,0.15,9166.011969857935,9298.8
18-25,M,0,A,1,3,0.13333333333333333,P00008655,0.06666666666666667,42.0,0.2,11515.84929440415,10251.6
26-35,M,0,A,2,3,0.2631578947368421,P00004082,0.05263157894736842,20.0,0.21052631578947367,3852.5113917277145,7598.368421052632
46-50,M,1,B,2,12,0.11627906976744186,P00000404,0.023255813953488372,10.0,0.11627906976744186,7574.119113721226,8328.720930232557
26-35,M,0,A,2,17,0.2,P00004752,0.06666666666666667,8.0,0.13333333333333333,6724.6733098203,5059.533333333334
36-45,F,1,B,1,10,0.23076923076923078,P00000781,0.07692307692307693,4.0,0.15384615384615385,3794.5819792746474,2088.3076923076924
55+,F,1,C,5+,4,0.2727272727272727,P00013633,0.09090909090909091,8.0,0.09090909090909091,2736.046776580467,2243.818181818182
26-35,M,0,A,2,3,0.14285714285714285,P00004405,0.07142857142857142,18.0,0.2857142857142857,7992.877633408218,4102.642857142857
51-55,F,1,C,5+,3,0.18181818181818182,P00002002,0.09090909090909091,8.0,0.09090909090909091,5562.388558229933,6868.454545454545
26-35,M,0,B,2,4,0.14285714285714285,P00003913,0.07142857142857142,16.0,0.21428571428571427,8045.344343432145,6975.285714285715
55+,F,1,C,2,10,0.2727272727272727,P00006613,0.09090909090909091,42.0,0.18181818181818182,7013.137200996427,3926.0
46-50,F,1,B,2,4,0.26666666666666666,P00002815,0.06666666666666667,6.0,0.13333333333333333,6430.652730699828,3351.4
0-17,M,0,A,1,17,0.25,P00013633,0.0625,8.0,0.0625,3911.717802002082,3426.1875
18-25,M,0,A,2,15,0.23529411764705882,P00009929,0.058823529411764705,10.0,0.11764705882352941,6390.544440237238,5477.35294117647
55+,F,1,C,1,4,0.23076923076923078,P00010760,0.07692307692307693,18.0,0.23076923076923078,8501.736033878233,4096.384615384615
55+,F,1,C,3,12,0.12903225806451613,P00087033,0.06451612903225806,36.0,0.12903225806451613,9660.809068168819,11757.58064516129
51-55,F,1,C,2,3,0.17647058823529413,P00010760,0.058823529411764705,18.0,0.11764705882352941,5121.92924144914,4737.176470588235
36-45,F,1,B,1,16,0.3,P00007652,0.1,4.0,0.2,8683.535852404826,6008.3
0-17,M,0,A,2,4,0.23529411764705882,P00004403,0.058823529411764705,27.0,0.11764705882352941,8092.683517063604,5243.588235294118
51-55,F,1,B,5+,10,0.1276595744680851,P00003745,0.02127659574468085,20.0,0.0851063829787234,5078.095696960925,6052.510638297872
46-50,F,1,B,2,17,0.2727272727272727,P00005758,0.09090909090909091,4.0,0.09090909090909091,2628.174797009583,1647.1818181818182
26-35,M,0,A,3,11,0.2222222222222222,P00000205,0.05555555555555555,36.0,0.16666666666666666,8256.840673754383,10199.833333333334
46-50,F,1,B,1,11,0.2,P00005737,0.05,20.0,0.1,6038.871578758472,6391.55
36-45,M,0,A,5+,3,0.19444444444444445,P00003954,0.027777777777777776,12.0,0.08333333333333333,10024.489915376846,12815.777777777777
26-35,M,0,A,2,3,0.11428571428571428,P00000518,0.02857142857142857,10.0,0.08571428571428572,9063.68497768926,12312.485714285714
46-50,F,1,B,4,9,0.23076923076923078,P00015158,0.07692307692307693,42.0,0.15384615384615385,4327.757915702203,5180.923076923077
46-50,M,1,A,1,18,0.18181818181818182,P00054432,0.045454545454545456,9.0,0.09090909090909091,9737.385123417618,12758.568181818182
18-25,M,0,A,2,4,0.36363636363636365,P00001039,0.09090909090909091,32.0,0.18181818181818182,2479.085978926324,1411.090909090909
36-45,M,1,B,1,1,0.14285714285714285,P00003063,0.07142857142857142,21.0,0.14285714285714285,3892.825178919081,5836.214285714285
18-25,M,0,A,2,5,0.23076923076923078,P00015036,0.07692307692307693,30.0,0.15384615384615385,7622.001152197668,4441.307692307692
51-55,F,1,C,3,5,0.21052631578947367,P00012412,0.05263157894736842,18.0,0.15789473684210525,8495.096214290834,5363.631578947368
26-35,M,0,A,1,4,0.3,P00006349,0.05,8.0,0.1,6228.124547481959,4137.3
0-17,M,0,A,3,4,0.21428571428571427,P00000105,0.07142857142857142,3.0,0.07142857142857142,7307.897104735848,5779.642857142857
36-45,M,1,A,3,1,0.1388888888888889,P00000148,0.027777777777777776,21.0,0.08333333333333333,7925.24215898615,8869.583333333334
18-25,M,0,A,4,12,0.25,P00001409,0.0625,10.0,0.125,3683.872346118959,6322.5625
46-50,F,1,B,4,6,0.2,P00000148,0.06666666666666667,30.0,0.13333333333333333,4447.385130077908,6855.266666666666
26-35,M,0,A,1,14,0.2,P00003448,0.1,36.0,0.2,4716.249344317768,3671.9
55+,F,1,C,2,17,0.4,P00001803,0.1,16.0,0.2,3667.711913138459,1419.7
46-50,F,1,B,2,10,0.2,P00008415,0.1,14.0,0.1,7175.946193902082,6417.0
36-45,F,1,B,2,10,0.21052631578947367,P00005606,0.05263157894736842,40.0,0.21052631578947367,5490.318215833315,2939.0
46-50,F,1,B,4,11,0.2777777777777778,P00003658,0.05555555555555555,10.0,0.1111111111111111,5580.806258955779,8006.166666666667
26-35,M,0,B,1,10,0.1875,P00003235,0.0625,4.0,0.1875,5930.912433667634,2897.8125
0-17,M,0,A,2,5,0.21428571428571427,P00014665,0.07142857142857142,28.0,0.21428571428571427,8096.286231801142,6048.142857142857
0-17,M,0,A,1,17,0.2,P00020638,0.06666666666666667,36.0,0.2,8069.200516838851,5206.533333333334
26-35,M,0,B,1,4,0.26666666666666666,P00003235,0.06666666666666667,24.0,0.13333333333333333,8092.7540417927175,6490.133333333333
0-17,M,0,A,2,17,0.3076923076923077,P00000718,0.07692307692307693,8.0,0.15384615384615385,3308.296327378125,1990.3846153846155
55+,F,1,C,2,3,0.1,P00002387,0.1,40.0,0.2,10198.231496468177,8664.9
18-25,M,0,A,1,16,0.1875,P00001229,0.0625,36.0,0.25,9041.318631704116,6132.75
36-45,M,0,B,3,3,0.2222222222222222,P00000718,0.05555555555555555,20.0,0.16666666666666666,6125.415330456232,3723.1666666666665
18-25,M,0,A,2,4,0.17647058823529413,P00000947,0.058823529411764705,28.0,0.17647058823529413,6796.843521833802,3828.8823529411766
36-45,M,0,B,2,16,0.23076923076923078,P00006705,0.07692307692307693,20.0,0.15384615384615385,7899.829486962167,5155.615384615385
26-35,M,0,B,2,10,0.36363636363636365,P00018666,0.09090909090909091,4.0,0.2727272727272727,5198.528337205375,2118.4545454545455
55+,F,1,C,2,5,0.2777777777777778,P00001110,0.05555555555555555,30.0,0.16666666666666666,4080.9291265528873,2475.222222222222
46-50,F,1,B,1,6,0.16666666666666666,P00001802,0.05555555555555555,7.0,0.1111111111111111,6041.184072409317,9202.055555555555
51-55,F,1,C,1,5,0.3076923076923077,P00005873,0.07692307692307693,16.0,0.15384615384615385,3394.2455375577606,1515.5384615384614
46-50,F,1,B,1,16,0.3,P00011630,0.1,36.0,0.2,2756.9786119349324,1571.8
26-35,M,0,A,2,10,0.16666666666666666,P00000743,0.05555555555555555,40.0,0.2222222222222222,7718.078763145505,4783.5
51-55,F,1,C,1,9,0.15789473684210525,P00000953,0.05263157894736842,40.0,0.15789473684210525,5790.379155136036,6491.736842105263
55+,F,1,C,2,16,0.2631578947368421,P00012057,0.05263157894736842,4.0,0.10526315789473684,10627.217798944313,6765.578947368421
18-25,M,0,A,1,5,0.21052631578947367,P00000772,0.05263157894736842,6.0,0.15789473684210525,4785.069092732332,3044.0
26-35,M,0,A,1,10,0.23076923076923078,P00032816,0.07692307692307693,6.0,0.15384615384615385,3996.323751354615,2764.230769230769
26-35,M,0,A,1,3,0.2,P00028271,0.05,14.0,0.1,9944.213800639069,13988.8
51-55,F,1,C,2,3,0.21052631578947367,P00056902,0.05263157894736842,20.0,0.10526315789473684,10279.396182576987,11486.5
55+,F,1,C,5+,17,0.3157894736842105,P00001398,0.05263157894736842,36.0,0.15789473684210525,2311.820206388608,1191.0
26-35,M,0,A,3,5,0.16666666666666666,P00004398,0.05555555555555555,4.0,0.1111111111111111,5871.430962359315,5132.611111111111
51-55,F,1,B,5+,12,0.2857142857142857,P00000925,0.02857142857142857,10.0,0.08571428571428572,8461.356203252488,10255.714285714286
46-50,F,1,B,3,10,0.4,P00003227,0.2,8.0,0.1,9356.582980269382,6182.2
18-25,M,0,A,1,16,0.26666666666666666,P00026227,0.06666666666666667,6.0,0.2,4220.059667824615,2334.2
26-35,M,0,B,2,3,0.21052631578947367,P00016734,0.05263157894736842,16.0,0.15789473684210525,9910.154153149248,6030.315789473684
55+,F,1,C,2,17,0.2222222222222222,P00004631,0.05555555555555555,30.0,0.1111111111111111,8418.761481303825,5176.055555555556
55+,F,1,C,2,10,0.25,P00002387,0.05,36.0,0.15,5549.898855408372,3054.4
55+,F,1,C,1,10,0.15384615384615385,P00009929,0.07692307692307693,4.0,0.07692307692307693,4974.754155760505,3809.923076923077
26-35,M,0,A,1,13,0.16279069767441862,P00041436,0.046511627906976744,35.0,0.09302325581395349,9816.823474503759,13242.32558139535
36-45,M,0,B,2,10,0.2631578947368421,P00000518,0.05263157894736842,42.0,0.15789473684210525,4932.988377579389,2581.0
26-35,M,0,A,4,11,0.35714285714285715,P00007348,0.07142857142857142,21.0,0.14285714285714285,6013.926745571391,8470.857142857143
55+,F,1,C,4,20,0.14705882352941177,P00000781,0.029411764705882353,40.0,0.08823529411764706,9166.651383101826,10940.235294117647
36-45,F,1,B,1,17,0.2857142857142857,P00012072,0.07142857142857142,16.0,0.14285714285714285,3164.9409808222194,1349.7857142857142
0-17,M,0,A,2,3,0.18181818181818182,P00001802,0.09090909090909091,4.0,0.18181818181818182,6562.683845390196,5511.363636363636
55+,F,1,C,2,10,0.25,P00017709,0.0625,40.0,0.125,6127.416300257936,3655.125
51-55,F,1,C,3,11,0.26666666666666666,P00000247,0.06666666666666667,36.0,0.2,8117.32486252765,11582.066666666668
36-45,M,1,B,4,12,0.3,P00002892,0.1,7.0,0.1,6501.889401465462,8610.7
0-17,M,0,A,1,3,0.23076923076923078,P00005606,0.07692307692307693,4.0,0.15384615384615385,9002.411450443538,7397.384615384615
46-50,F,1,B,2,3,0.21621621621621623,P00000148,0.02702702702702703,10.0,0.05405405405405406,9245.698165339627,10968.864864864865
26-35,M,0,A,5+,3,0.21428571428571427,P00009787,0.07142857142857142,4.0,0.07142857142857142,4147.5912465371575,3443.0714285714284
46-50,F,1,B,1,4,0.125,P00001575,0.0625,36.0,0.25,9212.565324056051,7394.125
36-45,M,0,B,1,10,0.21428571428571427,P00016292,0.07142857142857142,4.0,0.14285714285714285,6156.328981420058,4087.285714285714
46-50,F,1,C,2,17,0.25,P00002627,0.0625,42.0,0.1875,1718.8994541081609,1238.0
18-25,M,0,A,4,1,0.15384615384615385,P00005311,0.07692307692307693,28.0,0.23076923076923078,5537.9587174707485,7317.615384615385
0-17,M,0,A,3,5,0.2,P00000101,0.1,12.0,0.1,8702.129321161701,5936.5
26-35,M,0,A,3,10,0.3333333333333333,P00000526,0.08333333333333333,45.0,0.16666666666666666,4712.597073190368,4393.916666666667
51-55,F,1,C,2,5,0.16666666666666666,P00002387,0.08333333333333333,9.0,0.08333333333333333,9857.96864409087,8198.833333333334
0-17,M,0,A,1,10,0.23529411764705882,P00005866,0.058823529411764705,4.0,0.11764705882352941,4651.425962572566,2486.1176470588234
51-55,F,1,C,4,9,0.25,P00007992,0.0625,9.0,0.125,4269.984853603113,8109.375
36-45,F,1,B,2,4,0.25,P00005857,0.08333333333333333,20.0,0.16666666666666666,8725.634475063933,5059.416666666667
46-50,F,1,C,1,2,0.2,P00004403,0.1,5.0,0.1,1390.4093761670817,1276.7
36-45,M,0,B,2,10,0.25,P00003063,0.0625,20.0,0.125,7356.860225893471,4059.875
55+,F,1,C,2,8,0.17647058823529413,P00006962,0.058823529411764705,28.0,0.11764705882352941,8527.690462977238,5885.411764705882
46-50,F,1,B,4,7,0.25,P00015653,0.08333333333333333,30.0,0.16666666666666666,6424.582474347805,7476.166666666667
36-45,M,0,A,3,11,0.16666666666666666,P00006542,0.08333333333333333,40.0,0.16666666666666666,8086.572853511647,9092.166666666666
51-55,F,1,C,2,17,0.3333333333333333,P00000148,0.08333333333333333,8.0,0.16666666666666666,2129.4469619214196,1070.0
51-55,F,1,C,2,5,0.15789473684210525,P00004622,0.05263157894736842,18.0,0.10526315789473684,7682.753028281415,4975.736842105263
51-55,F,1,C,2,19,0.19148936170212766,P00028582,0.0425531914893617,7.0,0.06382978723404255,9705.438775223482,12949.468085106382
18-25,M,0,A,2,10,0.1875,P00010273,0.0625,6.0,0.0625,8379.74879670228,5544.1875
18-25,M,0,A,2,4,0.15,P00029969,0.1,6.0,0.15,9031.304937330631,6239.15
36-45,M,1,B,2,7,0.23076923076923078,P00013089,0.07692307692307693,45.0,0.15384615384615385,2914.006104475946,6944.923076923077
36-45,M,1,B,4,1,0.2,P00010106,0.1,30.0,0.2,9750.532305127414,9033.7
18-25,M,0,A,1,4,0.17647058823529413,P00013678,0.058823529411764705,12.0,0.17647058823529413,6626.757426169614,2786.1176470588234
26-35,M,0,B,1,4,0.1875,P00002675,0.0625,35.0,0.125,4227.501003350955,3406.25
46-50,F,1,B,2,10,0.21428571428571427,P00017499,0.07142857142857142,4.0,0.14285714285714285,6844.254658045376,5380.142857142857
46-50,F,1,B,4,2,0.2,P00004270,0.06666666666666667,20.0,0.13333333333333333,7182.083478715496,4883.666666666667
18-25,M,0,A,2,10,0.2,P00003072,0.06666666666666667,18.0,0.13333333333333333,10961.178331252704,7092.133333333333
36-45,M,0,B,3,5,0.2857142857142857,P00004002,0.07142857142857142,6.0,0.21428571428571427,3421.1186116451813,1653.357142857143
26-35,M,0,B,1,4,0.2,P00030169,0.1,20.0,0.2,10576.67417007823,8310.5
46-50,F,1,B,3,1,0.14285714285714285,P00028445,0.07142857142857142,20.0,0.14285714285714285,3759.3554480276775,2580.0
51-55,F,1,C,1,5,0.2857142857142857,P00003018,0.07142857142857142,42.0,0.14285714285714285,4279.326020159388,2143.4285714285716
0-17,M,0,A,4,5,0.18181818181818182,P00013116,0.09090909090909091,12.0,0.18181818181818182,12576.44095485321,10344.90909090909
36-45,F,1,B,1,4,0.3,P00004568,0.1,32.0,0.2,2000.8596735736703,1058.9
46-50,F,1,B,5+,11,0.16666666666666666,P00005254,0.08333333333333333,27.0,0.16666666666666666,4687.268594692209,7054.166666666667
26-35,M,0,A,5+,12,0.17647058823529413,P00000148,0.058823529411764705,27.0,0.17647058823529413,6920.420875610691,7561.294117647059
51-55,F,1,C,1,12,0.23076923076923078,P00004405,0.07692307692307693,36.0,0.15384615384615385,7939.475894185899,6036.153846153846
51-55,F,1,C,2,10,0.2,P00012615,0.1,4.0,0.2,6257.472656308171,6475.6
26-35,M,0,B,1,10,0.3125,P00001398,0.0625,4.0,0.0625,7636.526033642523,4997.4375
36-45,M,0,B,2,10,0.23076923076923078,P00014700,0.07692307692307693,36.0,0.23076923076923078,8998.40203548984,6708.2307692307695
55+,F,1,C,1,15,0.3,P00009954,0.1,12.0,0.1,1022.329154431194,824.7
36-45,M,0,B,1,10,0.15384615384615385,P00019226,0.07692307692307693,8.0,0.07692307692307693,8469.544856538814,5713.076923076923
51-55,F,1,B,1,12,0.25,P00000549,0.08333333333333333,30.0,0.16666666666666666,3870.63731734507,8756.833333333334
26-35,M,0,A,4,3,0.15625,P00092450,0.0625,40.0,0.15625,8063.772438662956,11667.15625
46-50,F,1,C,2,10,0.3,P00020771,0.1,3.0,0.1,5318.683696805692,2702.6
51-55,F,1,C,2,12,0.3,P00009479,0.1,20.0,0.2,2960.3686726111964,4902.7
26-35,M,0,A,1,3,0.16666666666666666,P00000936,0.03333333333333333,7.0,0.1,10277.12142873283,13428.633333333333
18-25,M,0,A,3,4,0.1875,P00001029,0.0625,8.0,0.1875,7109.6070305725525,4767.5625
36-45,M,0,B,2,5,0.15789473684210525,P00001383,0.05263157894736842,36.0,0.15789473684210525,5694.168625298458,4597.0
46-50,F,1,C,1,3,0.125,P00004898,0.0625,12.0,0.125,8574.308259756779,6963.0
55+,F,1,C,1,16,0.25,P00018202,0.125,20.0,0.125,7472.224779976845,4998.6875
55+,F,1,C,2,4,0.15,P00007923,0.05,28.0,0.15,9114.48067796226,7725.85
0-17,M,0,A,1,11,0.21052631578947367,P00000947,0.05263157894736842,12.0,0.15789473684210525,6708.592689766832,6911.105263157895
36-45,M,0,A,1,1,0.125,P00007153,0.0625,9.0,0.125,6889.903142763813,8194.375
55+,F,1,C,1,5,0.35714285714285715,P00079849,0.14285714285714285,28.0,0.14285714285714285,657.0461246290932,561.9285714285714
36-45,M,0,A,1,11,0.2,P00043352,0.1,7.0,0.1,3341.7903789498987,5028.1
46-50,F,1,B,2,1,0.2,P00018406,0.13333333333333333,30.0,0.2,6650.97757440499,4932.133333333333
26-35,M,0,B,2,3,0.13333333333333333,P00003063,0.06666666666666667,20.0,0.2,9178.65442882613,8354.533333333333
26-35,M,0,A,3,3,0.18181818181818182,P00000247,0.09090909090909091,12.0,0.09090909090909091,9823.44256635857,5867.363636363636
36-45,F,1,B,4,12,0.25,P00008291,0.05,36.0,0.2,3496.3316851568275,6560.1
55+,F,1,C,1,10,0.18181818181818182,P00013844,0.09090909090909091,40.0,0.18181818181818182,7409.168635732843,5361.545454545455
26-35,M,0,B,3,16,0.2222222222222222,P00016051,0.05555555555555555,20.0,0.1111111111111111,6765.478701862825,4845.777777777777
46-50,F,1,B,1,20,0.17647058823529413,P00008270,0.029411764705882353,18.0,0.08823529411764706,8990.469565986754,11051.79411764706
55+,F,1,C,1,4,0.3,P00001802,0.05,30.0,0.25,8176.840029684611,4552.15
55+,F,1,C,2,2,0.14285714285714285,P00001029,0.07142857142857142,4.0,0.14285714285714285,7617.594884487874,4188.857142857143
18-25,M,0,A,1,1,0.15789473684210525,P00000148,0.05263157894736842,36.0,0.15789473684210525,5850.106839130357,3257.157894736842
55+,F,1,C,1,10,0.23076923076923078,P00000518,0.07692307692307693,10.0,0.23076923076923078,9668.955919027792,6444.692307692308
55+,F,1,C,5+,3,0.175,P00077165,0.05,7.0,0.075,5372.628423970085,5405.85
0-17,M,0,A,1,3,0.125,P00001229,0.0625,4.0,0.1875,7046.798975421393,4079.75
0-17,M,0,A,2,5,0.21428571428571427,P00000770,0.07142857142857142,24.0,0.14285714285714285,6795.05544414547,5336.785714285715
26-35,M,0,B,1,5,0.23076923076923078,P00022259,0.07692307692307693,12.0,0.15384615384615385,6801.487127167531,3949.846153846154
51-55,F,1,C,2,17,0.25,P00004622,0.08333333333333333,30.0,0.16666666666666666,6673.232534128078,6015.5
18-25,M,0,A,1,16,0.4666666666666667,P00012057,0.06666666666666667,4.0,0.13333333333333333,978.0109406341015,820.4
46-50,F,1,B,5+,4,0.21428571428571427,P00007161,0.07142857142857142,6.0,0.14285714285714285,9245.086671629102,4825.785714285715
18-25,M,0,A,2,1,0.21428571428571427,P00003063,0.07142857142857142,35.0,0.21428571428571427,5086.683200084509,7911.142857142857
26-35,M,0,A,3,3,0.21428571428571427,P00004130,0.07142857142857142,7.0,0.14285714285714285,7127.631265052188,7047.714285714285
55+,F,1,C,1,3,0.18181818181818182,P00001794,0.09090909090909091,18.0,0.18181818181818182,5710.168596460178,5227.0
51-55,F,1,C,3,4,0.13333333333333333,P00000947,0.06666666666666667,44.0,0.2,6642.249391655841,4439.866666666667
18-25,M,0,A,1,17,0.21428571428571427,P00002469,0.07142857142857142,24.0,0.14285714285714285,4475.8807371986995,2007.7142857142858
26-35,M,0,B,1,4,0.15,P00004232,0.05,35.0,0.15,6845.229543458099,4640.85
18-25,M,0,A,1,16,0.23076923076923078,P00031978,0.07692307692307693,10.0,0.23076923076923078,7603.046145612145,4516.2307692307695
26-35,M,0,A,2,11,0.26666666666666666,P00000925,0.06666666666666667,30.0,0.2,4078.943143931841,6331.8
36-45,M,0,B,1,16,0.23076923076923078,P00000925,0.07692307692307693,12.0,0.15384615384615385,8158.689561380208,5124.2307692307695
36-45,M,0,A,4,16,0.14,P00001409,0.02,20.0,0.1,5298.952777749234,6677.7
0-17,M,0,A,2,3,0.2727272727272727,P00001575,0.09090909090909091,44.0,0.18181818181818182,8423.23303833996,5281.727272727273
55+,F,1,C,5+,11,0.2,P00004855,0.06666666666666667,42.0,0.13333333333333333,2947.6044963099557,6379.466666666666
36-45,M,0,A,4,12,0.2857142857142857,P00028626,0.07142857142857142,10.0,0.14285714285714285,4486.676307213869,8869.857142857143
36-45,F,1,B,2,1,0.18181818181818182,P00000549,0.09090909090909091,16.0,0.18181818181818182,4065.758017214681,4405.636363636364
0-17,M,0,A,1,15,0.15789473684210525,P00005261,0.05263157894736842,20.0,0.15789473684210525,9407.646865388797,5885.105263157895
55+,F,1,C,2,14,0.18181818181818182,P00001069,0.09090909090909091,40.0,0.18181818181818182,4231.3549710357665,3736.090909090909
51-55,F,1,C,1,16,0.23076923076923078,P00018415,0.07692307692307693,6.0,0.07692307692307693,10865.486532583049,8102.615384615385
18-25,M,0,A,1,4,0.21428571428571427,P00000247,0.07142857142857142,6.0,0.14285714285714285,7230.614703399081,3643.714285714286
55+,F,1,C,3,17,0.21428571428571427,P00002346,0.07142857142857142,32.0,0.21428571428571427,3951.824592500294,2682.0714285714284
0-17,M,0,A,1,10,0.2222222222222222,P00048673,0.1111111111111111,30.0,0.16666666666666666,6652.974957930449,5190.444444444444
55+,F,1,C,3,4,0.21428571428571427,P00005621,0.07142857142857142,4.0,0.14285714285714285,7482.696978091126,4561.285714285715
46-50,F,1,B,4,13,0.1590909090909091,P00007232,0.022727272727272728,20.0,0.09090909090909091,9845.847188130052,15112.40909090909
46-50,F,1,B,2,1,0.15789473684210525,P00010760,0.05263157894736842,42.0,0.15789473684210525,8118.107013668897,6690.526315789473
46-50,F,1,B,3,3,0.23076923076923078,P00004752,0.07692307692307693,28.0,0.23076923076923078,8702.863518582659,9118.384615384615
18-25,M,0,A,3,5,0.16666666666666666,P00000809,0.05555555555555555,18.0,0.1111111111111111,6050.195232630198,6073.333333333333
55+,F,1,C,2,16,0.3333333333333333,P00014071,0.08333333333333333,12.0,0.16666666666666666,1289.007569858112,674.8333333333334
26-35,M,0,A,2,1,0.2,P00001409,0.06666666666666667,14.0,0.2,6512.647682632251,7380.866666666667
36-45,F,1,B,5+,11,0.3333333333333333,P00093472,0.13333333333333333,10.0,0.2,6744.824361439419,8501.666666666666
46-50,F,1,B,2,13,0.17647058823529413,P00008655,0.058823529411764705,12.0,0.11764705882352941,10826.717314533687,10355.941176470587
51-55,F,1,C,1,12,0.2727272727272727,P00001029,0.09090909090909091,45.0,0.18181818181818182,2967.5210009213233,2817.909090909091
46-50,M,1,B,4,16,0.1388888888888889,P00003982,0.027777777777777776,40.0,0.1111111111111111,9676.866931436545,10325.638888888889
51-55,F,1,C,1,10,0.18181818181818182,P00017389,0.09090909090909091,36.0,0.18181818181818182,7862.095958111008,3793.6363636363635
46-50,F,1,C,1,4,0.3,P00003525,0.1,32.0,0.2,5282.949365647943,3597.0
55+,F,1,C,5+,11,0.18181818181818182,P00000549,0.09090909090909091,20.0,0.18181818181818182,3859.546789220441,6043.727272727273
26-35,M,0,B,4,9,0.18181818181818182,P00004405,0.09090909090909091,18.0,0.18181818181818182,8482.245054443803,5140.818181818182
26-35,M,0,B,2,5,0.16666666666666666,P00000205,0.05555555555555555,40.0,0.16666666666666666,8714.128171024671,4308.611111111111
18-25,M,0,A,2,10,0.15,P00000610,0.05,36.0,0.15,6493.472572717281,4521.5
26-35,M,0,A,2,4,0.125,P00001409,0.0625,4.0,0.125,3230.1275922941495,1986.5625
26-35,M,0,B,2,4,0.2,P00005311,0.06666666666666667,9.0,0.13333333333333333,7207.3413650513985,4206.866666666667
46-50,F,1,B,1,17,0.2,P00010305,0.06666666666666667,8.0,0.13333333333333333,7351.166687449461,3437.3333333333335
0-17,M,0,A,5+,3,0.15789473684210525,P00003426,0.05263157894736842,39.0,0.10526315789473684,9641.281245385988,6417.0526315789475
26-35,M,0,A,4,12,0.3333333333333333,P00000337,0.08333333333333333,6.0,0.08333333333333333,3110.83785362001,5928.833333333333
55+,F,1,C,4,4,0.2727272727272727,P00055611,0.18181818181818182,10.0,0.18181818181818182,9843.202845341826,5586.636363636364
51-55,F,1,C,5+,1,0.15384615384615385,P00009955,0.07692307692307693,24.0,0.15384615384615385,8179.382951932192,5009.153846153846
26-35,M,0,A,4,12,0.2727272727272727,P00021034,0.18181818181818182,10.0,0.18181818181818182,6149.7431831078775,7129.727272727273
26-35,M,0,A,1,1,0.23076923076923078,P00000337,0.07692307692307693,36.0,0.15384615384615385,5783.669007845081,6469.2307692307695
46-50,F,1,B,1,15,0.23076923076923078,P00087211,0.15384615384615385,36.0,0.3076923076923077,495.6876730671938,433.53846153846155
26-35,M,0,A,3,3,0.13333333333333333,P00003382,0.03333333333333333,28.0,0.16666666666666666,9042.876903696208,12248.166666666666
55+,F,1,C,1,19,0.23076923076923078,P00004622,0.07692307692307693,20.0,0.15384615384615385,9852.965859616546,9324.307692307691
46-50,F,1,B,1,16,0.26666666666666666,P00020638,0.06666666666666667,36.0,0.2,7459.333536551627,4774.666666666667
51-55,F,1,C,3,11,0.25,P00018677,0.08333333333333333,42.0,0.25,4256.127604033763,4275.0
46-50,F,1,B,2,7,0.16666666666666666,P00002379,0.08333333333333333,4.0,0.08333333333333333,3321.4522699894674,4871.5
18-25,M,0,A,2,5,0.16666666666666666,P00005866,0.08333333333333333,6.0,0.16666666666666666,8016.126399138782,4160.083333333333
26-35,M,0,B,2,5,0.25,P00004270,0.08333333333333333,40.0,0.16666666666666666,8769.556705478679,6195.583333333333
46-50,M,1,B,4,12,0.12195121951219512,P00001853,0.024390243902439025,42.0,0.0975609756097561,7906.674359323915,7268.024390243902
36-45,M,1,A,3,3,0.2972972972972973,P00063082,0.05405405405405406,40.0,0.08108108108108109,9898.709821518692,12853.621621621622
46-50,F,1,B,1,14,0.16666666666666666,P00021446,0.05555555555555555,27.0,0.1111111111111111,9071.410883195884,10353.0
46-50,F,1,B,5+,3,0.13333333333333333,P00001229,0.06666666666666667,7.0,0.13333333333333333,5547.377915993929,6612.2
36-45,F,1,B,2,8,0.2,P00000221,0.1,18.0,0.2,8612.863060562382,6238.1
18-25,M,0,A,5+,3,0.11764705882352941,P00000247,0.058823529411764705,32.0,0.11764705882352941,3910.4498123993503,2749.1176470588234
18-25,M,0,A,3,5,0.25,P00001802,0.0625,6.0,0.125,5326.815932931542,3275.125
18-25,M,0,A,2,4,0.15,P00005758,0.05,30.0,0.15,6274.467047193394,5297.9
26-35,M,0,A,4,3,0.13636363636363635,P00094187,0.045454545454545456,36.0,0.13636363636363635,5977.621641409194,6045.022727272727
46-50,F,1,B,1,16,0.23529411764705882,P00011826,0.058823529411764705,18.0,0.11764705882352941,3273.7106027097325,2258.1176470588234
26-35,M,0,B,3,4,0.3076923076923077,P00013116,0.07692307692307693,12.0,0.15384615384615385,2773.0308374846873,2227.769230769231
36-45,M,0,B,5+,15,0.26666666666666666,P00000772,0.06666666666666667,4.0,0.13333333333333333,3510.966075163982,1913.0666666666666
55+,F,1,C,2,15,0.25,P00000518,0.05,36.0,0.15,2794.475231312858,1987.35
51-55,F,1,C,2,10,0.16666666666666666,P00005776,0.05555555555555555,4.0,0.1111111111111111,6056.053075472603,4134.833333333333
36-45,M,0,B,3,5,0.25,P00001282,0.08333333333333333,24.0,0.16666666666666666,4584.110960203138,2386.25
46-50,F,1,C,1,20,0.25,P00003936,0.08333333333333333,7.0,0.16666666666666666,10321.92145167485,9938.5
51-55,F,1,C,2,5,0.2857142857142857,P00020922,0.07142857142857142,20.0,0.14285714285714285,4648.355333039613,1550.0714285714287
18-25,M,0,A,1,5,0.3076923076923077,P00018419,0.07692307692307693,36.0,0.3076923076923077,4153.366513737488,3248.3076923076924
0-17,M,0,A,5+,5,0.15789473684210525,P00007687,0.05263157894736842,8.0,0.10526315789473684,8157.485478943943,5960.684210526316
46-50,F,1,B,2,10,0.18181818181818182,P00003227,0.09090909090909091,18.0,0.18181818181818182,4722.332736341995,2817.4545454545455
55+,F,1,C,1,10,0.21428571428571427,P00075491,0.14285714285714285,8.0,0.14285714285714285,2613.3753846508353,1660.857142857143
26-35,M,0,B,4,3,0.15789473684210525,P00004907,0.05263157894736842,18.0,0.10526315789473684,10859.210833657507,9027.473684210527
36-45,M,1,A,2,10,0.11363636363636363,P00050604,0.045454545454545456,42.0,0.13636363636363635,10024.896456182885,10941.204545454546
26-35,M,0,A,2,5,0.25,P00015489,0.0625,40.0,0.125,7520.463529320074,4102.6875
26-35,M,0,A,3,12,0.36363636363636365,P00003003,0.09090909090909091,30.0,0.18181818181818182,4389.344854821214,7878.636363636364
0-17,M,0,A,2,3,0.15789473684210525,P00005057,0.05263157894736842,36.0,0.15789473684210525,5677.207436306498,5232.0526315789475
36-45,F,1,B,2,5,0.1875,P00015489,0.0625,4.0,0.125,6351.464564702118,3966.375
18-25,M,0,A,2,4,0.17647058823529413,P00002052,0.058823529411764705,28.0,0.17647058823529413,3800.2936090131093,1869.5294117647059
36-45,M,0,B,1,8,0.15789473684210525,P00014027,0.05263157894736842,6.0,0.05263157894736842,6925.73813998376,4221.315789473684
46-50,F,1,B,1,18,0.12903225806451613,P00001575,0.03225806451612903,7.0,0.16129032258064516,8799.824399518753,11683.064516129032
51-55,F,1,C,2,10,0.2,P00000148,0.1,27.0,0.2,7972.673565930621,5552.7
36-45,M,0,A,1,12,0.21428571428571427,P00006469,0.07142857142857142,10.0,0.14285714285714285,3175.7886897899552,5554.571428571428
36-45,F,1,B,2,10,0.2,P00012783,0.05,20.0,0.1,7278.326831295631,4759.1
26-35,M,0,A,2,11,0.25,P00030464,0.0625,40.0,0.1875,5221.838660855006,6540.25
51-55,F,1,C,3,3,0.1875,P00011129,0.0625,20.0,0.125,5953.625674046585,5969.0
55+,F,1,C,2,4,0.16666666666666666,P00020643,0.08333333333333333,18.0,0.16666666666666666,3346.7247354010833,2874.5
51-55,F,1,B,4,16,0.11904761904761904,P00000573,0.023809523809523808,5.0,0.07142857142857142,7147.761070350306,7356.214285714285
26-35,M,0,A,3,3,0.2222222222222222,P00000105,0.027777777777777776,12.0,0.08333333333333333,8332.694203824141,12921.361111111111
18-25,M,0,A,2,4,0.2857142857142857,P00001457,0.07142857142857142,18.0,0.14285714285714285,3783.9353722148717,2195.1428571428573
26-35,M,0,A,3,9,0.2,P00016103,0.06666666666666667,28.0,0.2,4112.469533828386,3503.3333333333335
18-25,M,0,A,2,10,0.2631578947368421,P00001229,0.05263157894736842,28.0,0.15789473684210525,7451.437075965683,4514.9473684210525
26-35,M,0,A,2,8,0.2,P00065827,0.1,35.0,0.2,6367.778431703097,7804.95
46-50,F,1,B,3,3,0.14285714285714285,P00009108,0.07142857142857142,7.0,0.07142857142857142,5150.4340737797675,7040.071428571428
55+,F,1,C,5+,1,0.11904761904761904,P00000925,0.023809523809523808,40.0,0.09523809523809523,5536.153758247629,6570.833333333333
55+,F,1,C,2,4,0.2,P00097030,0.13333333333333333,30.0,0.2,7625.449512433131,6390.133333333333
18-25,M,0,A,1,17,0.3333333333333333,P00016126,0.08333333333333333,36.0,0.16666666666666666,5472.201293812207,3607.5
36-45,M,1,A,5+,3,0.1891891891891892,P00029336,0.05405405405405406,12.0,0.08108108108108109,9843.145372813016,11277.945945945947
36-45,M,0,A,3,11,0.21428571428571427,P00005131,0.07142857142857142,21.0,0.14285714285714285,5965.381353007801,8543.92857142857
36-45,M,1,B,5+,3,0.21428571428571427,P00008806,0.07142857142857142,45.0,0.14285714285714285,7124.306470198954,9202.714285714286
0-17,M,0,A,2,10,0.23076923076923078,P00010231,0.07692307692307693,36.0,0.23076923076923078,6438.202939465607,4997.615384615385
46-50,F,1,B,5+,11,0.2,P00004358,0.05,10.0,0.15,6213.938976840273,8416.85
46-50,F,1,C,1,17,0.4,P00000947,0.05,42.0,0.15,3739.127740600248,2189.05
26-35,M,0,A,2,11,0.2,P00001976,0.06666666666666667,21.0,0.13333333333333333,7214.467893126448,7335.133333333333
36-45,M,0,A,4,8,0.14285714285714285,P00001575,0.023809523809523808,10.0,0.07142857142857142,7486.403253397047,7860.285714285715
26-35,M,0,B,1,17,0.21428571428571427,P00012789,0.07142857142857142,10.0,0.14285714285714285,4221.141478867462,3916.0
55+,F,1,C,1,9,0.2,P00005612,0.1,20.0,0.2,4724.72731841038,4965.7
18-25,M,0,A,1,7,0.16666666666666666,P00019567,0.08333333333333333,40.0,0.3333333333333333,4864.739610428571,4001.75
18-25,M,0,A,3,5,0.18181818181818182,P00000404,0.09090909090909091,39.0,0.18181818181818182,9276.223665420594,5836.090909090909
55+,F,1,C,1,5,0.3,P00007801,0.1,6.0,0.1,4199.823939431535,2494.7
18-25,M,0,A,1,5,0.26666666666666666,P00016193,0.06666666666666667,42.0,0.2,7558.92004632055,5190.533333333334
26-35,M,0,B,4,16,0.3,P00002675,0.1,35.0,0.2,9344.344602782774,4640.5
36-45,M,0,B,4,5,0.2,P00012510,0.1,3.0,0.1,4337.671317141901,2508.7
36-45,M,1,B,4,11,0.3125,P00007992,0.0625,9.0,0.125,3838.2001489413406,7202.375
26-35,M,0,A,5+,3,0.2,P00008197,0.06666666666666667,21.0,0.13333333333333333,8654.518375345642,12026.366666666667
55+,F,1,C,2,17,0.21428571428571427,P00021593,0.07142857142857142,8.0,0.21428571428571427,4907.682558337142,4561.642857142857
51-55,F,1,C,1,10,0.2727272727272727,P00008010,0.09090909090909091,8.0,0.09090909090909091,3354.8400259922973,2062.0
55+,F,1,C,2,10,0.16666666666666666,P00003003,0.05555555555555555,4.0,0.1111111111111111,3996.774702950341,3159.5555555555557
51-55,F,1,C,5+,5,0.2,P00017884,0.1,4.0,0.2,7411.095952091777,3394.9
46-50,M,1,B,4,20,0.16666666666666666,P00004270,0.03333333333333333,36.0,0.1,9966.14565099174,14297.366666666667
46-50,F,1,B,1,1,0.11764705882352941,P00002627,0.058823529411764705,7.0,0.17647058823529413,6389.60125447406,6461.235294117647
0-17,M,0,A,1,4,0.16666666666666666,P00000238,0.08333333333333333,24.0,0.16666666666666666,6986.104560613031,5244.75
36-45,M,0,B,2,17,0.3,P00006470,0.1,28.0,0.2,4671.182773131448,3057.5
46-50,F,1,B,3,9,0.16666666666666666,P00014665,0.08333333333333333,14.0,0.25,4278.795741794646,6695.5
0-17,M,0,A,5+,10,0.25,P00004697,0.0625,42.0,0.25,7063.342578647402,4112.375
51-55,F,1,B,4,3,0.14705882352941177,P00053512,0.058823529411764705,14.0,0.08823529411764706,9006.944704256035,10440.058823529413
46-50,F,1,C,2,5,0.21428571428571427,P00013668,0.07142857142857142,9.0,0.14285714285714285,7381.740330551617,4804.0
36-45,M,0,B,1,4,0.17647058823529413,P00000215,0.058823529411764705,12.0,0.17647058823529413,7289.20778546653,4459.470588235294
46-50,F,1,B,1,4,0.2222222222222222,P00000404,0.1111111111111111,28.0,0.16666666666666666,11186.091906785803,7435.5
46-50,F,1,B,1,15,0.23076923076923078,P00019774,0.07692307692307693,12.0,0.23076923076923078,3282.212887047005,2440.4615384615386
36-45,F,1,B,2,5,0.3,P00004631,0.1,4.0,0.1,1255.234214532624,969.4
36-45,F,1,B,3,1,0.18181818181818182,P00007801,0.09090909090909091,7.0,0.18181818181818182,5305.504068246656,5344.727272727273
46-50,F,1,C,2,4,0.2,P00059127,0.13333333333333333,44.0,0.2,7297.49651658182,3962.4666666666667
18-25,M,0,A,2,17,0.25,P00025310,0.08333333333333333,24.0,0.16666666666666666,8465.26676090797,5334.666666666667
0-17,M,0,A,1,17,0.23529411764705882,P00004631,0.058823529411764705,8.0,0.11764705882352941,3053.8350262656722,2712.3529411764707
51-55,F,1,C,1,10,0.3076923076923077,P00014665,0.07692307692307693,6.0,0.07692307692307693,4732.00459907226,2376.230769230769
51-55,F,1,C,4,12,0.15555555555555556,P00059484,0.044444444444444446,10.0,0.1111111111111111,5925.411585840781,6978.7555555555555
26-35,M,0,B,1,17,0.2,P00001976,0.05,4.0,0.1,7081.283100168842,4906.65
0-17,M,0,A,1,16,0.3157894736842105,P00000947,0.05263157894736842,4.0,0.10526315789473684,6900.391755977693,3589.0526315789475
46-50,F,1,B,2,10,0.21428571428571427,P00003088,0.07142857142857142,7.0,0.14285714285714285,5625.389962062605,4617.071428571428
46-50,F,1,C,2,10,0.2222222222222222,P00009929,0.05555555555555555,42.0,0.1111111111111111,9641.264890708608,5677.888888888889
26-35,M,0,B,2,10,0.21428571428571427,P00001803,0.07142857142857142,12.0,0.21428571428571427,8050.413872372247,3332.1428571428573
36-45,M,0,A,2,11,0.2222222222222222,P00006349,0.05555555555555555,35.0,0.16666666666666666,6506.072290836829,9278.777777777777
36-45,F,1,B,1,3,0.3333333333333333,P00002815,0.08333333333333333,32.0,0.16666666666666666,9573.712895531211,5538.666666666667
55+,F,1,C,1,5,0.3157894736842105,P00000795,0.05263157894736842,6.0,0.10526315789473684,2583.6080759392435,1981.6315789473683
55+,F,1,C,1,12,0.16666666666666666,P00002264,0.023809523809523808,30.0,0.09523809523809523,5669.6723464129245,5806.857142857143
46-50,F,1,C,1,4,0.16666666666666666,P00002743,0.05555555555555555,12.0,0.16666666666666666,5218.427517139045,4417.111111111111
0-17,M,0,A,2,13,0.15,P00001621,0.05,12.0,0.1,7783.833642134257,5857.2
0-17,M,0,A,1,4,0.21428571428571427,P00003235,0.07142857142857142,18.0,0.14285714285714285,8757.83457981895,6340.714285714285
26-35,M,0,A,2,3,0.15789473684210525,P00011594,0.05263157894736842,7.0,0.15789473684210525,7065.302419207107,7839.0526315789475
36-45,F,1,B,5+,1,0.25,P00012374,0.16666666666666666,28.0,0.16666666666666666,6876.68796413365,8911.083333333334
36-45,M,1,B,5+,1,0.18181818181818182,P00000105,0.09090909090909091,7.0,0.18181818181818182,5028.569523686179,7466.363636363636
46-50,F,1,B,1,5,0.17647058823529413,P00016150,0.058823529411764705,8.0,0.11764705882352941,6652.529263038851,4151.294117647059
26-35,M,0,B,3,16,0.2222222222222222,P00001383,0.05555555555555555,30.0,0.16666666666666666,7886.739440144579,5145.055555555556
36-45,M,0,B,1,3,0.125,P00026827,0.0625,40.0,0.1875,7087.9731491096945,6180.1875
18-25,M,0,A,1,16,0.3,P00020073,0.1,32.0,0.2,2306.3215637797684,1361.6
36-45,F,1,B,2,16,0.25,P00092504,0.125,42.0,0.125,7919.994881101039,4802.625
36-45,M,1,A,2,18,0.13513513513513514,P00065315,0.05405405405405406,20.0,0.10810810810810811,8558.071292250565,10122.081081081082
46-50,F,1,B,2,17,0.2,P00004911,0.1,6.0,0.2,8676.328009782324,4620.2
36-45,M,1,B,3,12,0.15,P00001576,0.05,18.0,0.2,5086.281645398314,7546.15
0-17,M,0,A,1,16,0.3333333333333333,P00017299,0.08333333333333333,6.0,0.16666666666666666,8019.163972521189,3919.5
51-55,F,1,C,3,12,0.2,P00003676,0.06666666666666667,30.0,0.2,6851.829410213499,9787.533333333333
36-45,M,0,B,3,16,0.1875,P00003448,0.0625,20.0,0.125,7439.2174218798045,3446.625
26-35,M,0,B,5+,10,0.3,P00013324,0.1,40.0,0.2,5717.895005059894,4762.2
36-45,M,0,B,2,10,0.16666666666666666,P00002387,0.05555555555555555,40.0,0.2222222222222222,5346.9194224766015,3495.6111111111113
55+,F,1,C,2,4,0.21428571428571427,P00078160,0.14285714285714285,28.0,0.21428571428571427,4535.573284214854,3641.3571428571427
46-50,F,1,C,1,17,0.375,P00002346,0.125,3.0,0.0625,2464.628848833024,1114.1875
55+,F,1,C,2,10,0.2,P00001976,0.1,12.0,0.2,2228.390772134307,1518.1
51-55,F,1,C,1,3,0.29411764705882354,P00001853,0.058823529411764705,28.0,0.11764705882352941,5885.647728485245,4223.941176470588
0-17,M,0,A,5+,16,0.17647058823529413,P00010760,0.058823529411764705,16.0,0.11764705882352941,7212.418300077591,5105.117647058823
51-55,F,1,C,2,1,0.18181818181818182,P00002733,0.09090909090909091,9.0,0.2727272727272727,6470.931808690869,6567.454545454545
55+,F,1,C,2,16,0.23076923076923078,P00020941,0.07692307692307693,42.0,0.15384615384615385,6983.502991023991,3871.769230769231
51-55,F,1,C,2,17,0.2631578947368421,P00003693,0.05263157894736842,4.0,0.10526315789473684,7955.868108671304,4490.8421052631575
26-35,M,0,B,2,10,0.3076923076923077,P00004008,0.07692307692307693,4.0,0.15384615384615385,7527.299613696732,4909.846153846154
18-25,M,0,A,1,15,0.2,P00000743,0.05,36.0,0.2,4593.823758734741,2452.9
0-17,M,0,A,3,10,0.2,P00002743,0.05,8.0,0.1,4523.60713398407,3611.85
51-55,F,1,C,2,10,0.14285714285714285,P00004398,0.07142857142857142,4.0,0.14285714285714285,7846.966319386264,5435.571428571428
0-17,M,0,A,4,4,0.16666666666666666,P00001029,0.05555555555555555,16.0,0.1111111111111111,8874.069889768547,6028.944444444444
46-50,F,1,B,2,18,0.19444444444444445,P00007923,0.05555555555555555,40.0,0.1111111111111111,8882.60837263398,11730.611111111111
0-17,M,0,A,1,5,0.15789473684210525,P00002743,0.05263157894736842,4.0,0.10526315789473684,10282.247648622471,6875.473684210527
36-45,M,0,B,1,5,0.2631578947368421,P00075206,0.10526315789473684,24.0,0.10526315789473684,9558.057062955497,6949.526315789473
18-25,M,0,A,3,4,0.15,P00000936,0.05,28.0,0.15,9023.271272105256,6076.65
51-55,F,1,C,1,4,0.16666666666666666,P00004232,0.05555555555555555,30.0,0.16666666666666666,7766.3135687218055,4979.277777777777
36-45,F,1,B,3,10,0.21052631578947367,P00002538,0.05263157894736842,11.0,0.10526315789473684,10211.037891069911,7856.578947368421
51-55,F,1,C,2,17,0.21428571428571427,P00004270,0.07142857142857142,20.0,0.14285714285714285,6335.301852787606,4094.785714285714
51-55,F,1,C,4,6,0.3125,P00002815,0.0625,40.0,0.1875,3494.1080597676614,7313.75
36-45,M,0,B,1,17,0.16666666666666666,P00000795,0.05555555555555555,16.0,0.1111111111111111,7558.887718821575,4224.611111111111
36-45,M,1,B,1,9,0.2727272727272727,P00019422,0.09090909090909091,35.0,0.18181818181818182,5254.657054807323,7657.181818181818
55+,F,1,C,2,8,0.18181818181818182,P00001398,0.09090909090909091,28.0,0.18181818181818182,3893.918239324685,3915.3636363636365
0-17,M,0,A,2,10,0.2,P00000610,0.06666666666666667,6.0,0.06666666666666667,4581.973345934822,4830.2
0-17,M,0,A,5+,5,0.15384615384615385,P00020192,0.07692307692307693,36.0,0.23076923076923078,4843.929244491606,3643.230769230769
26-35,M,0,B,3,5,0.3333333333333333,P00003235,0.08333333333333333,20.0,0.16666666666666666,8633.204318826589,4796.916666666667
46-50,F,1,C,4,5,0.18181818181818182,P00004622,0.09090909090909091,9.0,0.09090909090909091,6871.59264587978,4569.909090909091
26-35,M,0,A,4,11,0.25,P00002815,0.08333333333333333,7.0,0.08333333333333333,7320.129930851327,9627.25
46-50,F,1,B,3,4,0.1875,P00013941,0.0625,6.0,0.125,5640.656888460184,4550.0
26-35,M,0,B,3,10,0.21428571428571427,P00003852,0.07142857142857142,24.0,0.14285714285714285,7304.270782927592,4452.857142857143
36-45,F,1,B,1,15,0.2727272727272727,P00014071,0.09090909090909091,4.0,0.2727272727272727,4299.480328005827,2477.909090909091
0-17,M,0,A,2,17,0.2,P00011660,0.06666666666666667,12.0,0.2,3655.6307618065953,2324.866666666667
26-35,M,0,B,2,3,0.36363636363636365,P00002815,0.09090909090909091,30.0,0.18181818181818182,10230.794145839582,6779.363636363636
36-45,M,0,B,1,12,0.16666666666666666,P00003382,0.08333333333333333,40.0,0.16666666666666666,6208.292203443178,5871.416666666667
18-25,M,0,A,5+,17,0.23076923076923078,P00024486,0.07692307692307693,8.0,0.15384615384615385,8865.05249669909,5008.538461538462
36-45,F,1,B,2,3,0.21428571428571427,P00006469,0.07142857142857142,9.0,0.07142857142857142,7040.836534418023,5017.214285714285
51-55,F,1,C,2,16,0.3076923076923077,P00003708,0.07692307692307693,24.0,0.23076923076923078,8598.263773010014,5341.923076923077
36-45,M,0,B,2,4,0.25,P00002387,0.0625,18.0,0.1875,6321.966159089011,4253.625
55+,F,1,C,2,17,0.2,P00001976,0.1,40.0,0.3,7528.583302617063,4540.1
26-35,M,0,A,5+,6,0.2,P00002370,0.1,20.0,0.2,7999.791472976724,8608.5
0-17,M,0,A,2,15,0.15,P00003451,0.05,9.0,0.1,6675.832986463778,4121.8
0-17,M,0,A,2,3,0.16666666666666666,P00025755,0.08333333333333333,6.0,0.08333333333333333,9430.640231809195,5163.5
46-50,F,1,B,3,3,0.4,P00080364,0.2,18.0,0.2,3175.6674259122287,4700.4
51-55,F,1,C,2,10,0.15789473684210525,P00028620,0.05263157894736842,10.0,0.15789473684210525,6527.74930002498,4564.578947368421
46-50,F,1,B,1,17,0.21052631578947367,P00008415,0.05263157894736842,20.0,0.10526315789473684,3925.6014892792646,3339.0526315789475
46-50,F,1,B,1,4,0.18181818181818182,P00011826,0.09090909090909091,18.0,0.18181818181818182,4124.883727286911,2443.181818181818
46-50,F,1,B,2,10,0.23529411764705882,P00007851,0.058823529411764705,20.0,0.11764705882352941,7657.816529533729,4510.0
0-17,M,0,A,1,8,0.1875,P00004323,0.0625,10.0,0.125,6503.998472734548,4350.5
18-25,M,0,A,1,5,0.3125,P00000105,0.0625,32.0,0.125,5361.483544303138,3775.0625
46-50,F,1,C,2,8,0.25,P00002538,0.08333333333333333,40.0,0.16666666666666666,3479.060743805849,2865.25
55+,F,1,C,2,9,0.1875,P00018793,0.0625,30.0,0.1875,6704.894823932737,5510.75
55+,F,1,C,4,3,0.12903225806451613,P00083898,0.06451612903225806,10.0,0.12903225806451613,8890.923180412708,11779.0
0-17,M,0,A,3,17,0.21052631578947367,P00002627,0.05263157894736842,42.0,0.15789473684210525,8905.029633082748,8679.894736842105
51-55,F,1,C,2,4,0.2,P00003426,0.05,24.0,0.15,6623.262609128048,3439.7
26-35,M,0,A,1,12,0.1875,P00000105,0.0625,10.0,0.1875,8439.815051044267,11164.3125
51-55,F,1,B,1,19,0.1702127659574468,P00009387,0.0425531914893617,21.0,0.10638297872340426,9439.916653232774,11187.404255319148
46-50,F,1,B,1,5,0.25,P00086305,0.125,16.0,0.1875,7125.069087091951,2928.1875
51-55,F,1,C,3,3,0.15384615384615385,P00000285,0.07692307692307693,3.0,0.07692307692307693,7599.343794207767,7409.538461538462
46-50,F,1,C,2,10,0.3076923076923077,P00001409,0.07692307692307693,18.0,0.15384615384615385,5740.619079006759,4298.076923076923
0-17,M,0,A,1,17,0.15384615384615385,P00003745,0.07692307692307693,18.0,0.15384615384615385,9774.092100928652,8733.692307692309
0-17,M,0,A,5+,4,0.21052631578947367,P00006098,0.05263157894736842,20.0,0.15789473684210525,3692.4646462414084,2239.9473684210525
36-45,M,0,B,2,5,0.23076923076923078,P00002387,0.07692307692307693,10.0,0.15384615384615385,6850.144815987469,4351.0
51-55,F,1,C,2,16,0.23076923076923078,P00008197,0.07692307692307693,20.0,0.15384615384615385,7979.32514899182,4134.0
36-45,F,1,B,2,16,0.21428571428571427,P00001229,0.07142857142857142,40.0,0.14285714285714285,2813.721207399026,2123.4285714285716
51-55,F,1,C,3,10,0.16666666666666666,P00003525,0.08333333333333333,36.0,0.25,3217.0910632263594,1959.0
51-55,F,1,B,2,3,0.18181818181818182,P00024514,0.09090909090909091,40.0,0.18181818181818182,5040.09328917991,7076.181818181818
26-35,M,0,A,2,11,0.17647058823529413,P00003063,0.058823529411764705,9.0,0.11764705882352941,3751.596197542023,3633.176470588235
0-17,M,0,A,2,16,0.2727272727272727,P00011630,0.09090909090909091,28.0,0.18181818181818182,9662.316645796513,7532.181818181818
36-45,F,1,B,1,5,0.3333333333333333,P00021112,0.08333333333333333,6.0,0.16666666666666666,3665.390296097712,1875.75
51-55,F,1,C,2,1,0.15,P00000101,0.05,14.0,0.1,5824.904718217784,7314.65
51-55,F,1,C,1,10,0.15,P00000518,0.05,36.0,0.15,6754.169670421532,3323.4
46-50,F,1,C,1,5,0.3076923076923077,P00005818,0.07692307692307693,14.0,0.15384615384615385,10005.296897144031,7700.0
51-55,F,1,C,3,3,0.15384615384615385,P00006705,0.07692307692307693,30.0,0.15384615384615385,7066.879018640589,4175.307692307692
46-50,F,1,C,2,10,0.14285714285714285,P00005989,0.07142857142857142,6.0,0.14285714285714285,6587.587739474498,4920.071428571428
55+,F,1,C,1,4,0.2,P00007524,0.05,30.0,0.1,7288.597384920756,4803.45
18-25,M,0,A,2,3,0.2,P00041583,0.1,30.0,0.4,8755.272334745252,7468.9
18-25,M,0,A,1,17,0.2631578947368421,P00000518,0.05263157894736842,24.0,0.10526315789473684,8649.273432623151,6086.631578947368
51-55,F,1,C,1,15,0.23529411764705882,P00014681,0.058823529411764705,4.0,0.11764705882352941,5937.632848668586,4115.294117647059
0-17,M,0,A,1,4,0.25,P00012025,0.08333333333333333,32.0,0.25,2293.697113171156,1456.9166666666667
36-45,M,0,A,1,7,0.18181818181818182,P00004323,0.09090909090909091,40.0,0.2727272727272727,8386.033150423385,9888.0
55+,F,1,C,5+,3,0.17391304347826086,P00063463,0.06521739130434782,20.0,0.10869565217391304,7556.694413941886,7615.391304347826
46-50,F,1,B,2,5,0.2857142857142857,P00000953,0.07142857142857142,6.0,0.14285714285714285,4605.030149881614,2415.285714285714
36-45,M,0,B,2,5,0.26666666666666666,P00002733,0.06666666666666667,42.0,0.13333333333333333,8259.002411798609,5718.866666666667
55+,F,1,C,1,4,0.17647058823529413,P00008353,0.058823529411764705,28.0,0.17647058823529413,7143.820923172202,4908.588235294118
46-50,M,1,B,5+,2,0.11363636363636363,P00025083,0.045454545454545456,30.0,0.09090909090909091,7775.035974166111,8061.863636363636
26-35,M,0,B,3,5,0.36363636363636365,P00007161,0.09090909090909091,14.0,0.09090909090909091,10422.91280174248,9221.545454545454
51-55,F,1,C,1,10,0.25,P00002264,0.05,28.0,0.1,10015.620369150747,7402.7
46-50,F,1,B,1,10,0.13333333333333333,P00013896,0.06666666666666667,40.0,0.13333333333333333,6670.546946947347,4679.0
51-55,F,1,B,1,9,0.1875,P00010231,0.0625,14.0,0.125,8293.049322575302,11860.0
51-55,F,1,C,2,10,0.3,P00010731,0.1,6.0,0.1,2001.8381441953682,1075.2
26-35,M,0,A,1,13,0.16326530612244897,P00044437,0.04081632653061224,42.0,0.10204081632653061,10061.146263821374,13564.061224489797
0-17,M,0,A,2,10,0.16666666666666666,P00000947,0.08333333333333333,8.0,0.16666666666666666,8763.605204584366,5672.0
55+,F,1,C,1,3,0.26666666666666666,P00002675,0.06666666666666667,14.0,0.06666666666666667,7762.8318488993245,4579.2
18-25,M,0,A,5+,3,0.26666666666666666,P00002815,0.06666666666666667,36.0,0.26666666666666666,4945.206274286048,7150.333333333333
36-45,F,1,B,5+,3,0.2,P00003453,0.2,20.0,0.2,4249.588645452117,7020.1
0-17,M,0,A,1,4,0.18181818181818182,P00016022,0.09090909090909091,9.0,0.09090909090909091,7654.629080735157,6143.181818181818
51-55,F,1,C,1,10,0.2857142857142857,P00000610,0.07142857142857142,10.0,0.14285714285714285,4638.518589893892,2425.6428571428573
0-17,M,0,A,2,10,0.21428571428571427,P00004398,0.07142857142857142,18.0,0.14285714285714285,2912.2950241505937,1754.0
46-50,F,1,B,5+,7,0.25,P00002733,0.0625,14.0,0.25,6453.952602862839,8003.25
46-50,F,1,B,2,4,0.25,P00000795,0.0625,6.0,0.0625,5790.014619656269,3132.3125
36-45,M,0,B,1,17,0.2727272727272727,P00003745,0.09090909090909091,42.0,0.18181818181818182,5075.920692123476,3076.4545454545455
36-45,F,1,B,1,11,0.2727272727272727,P00002815,0.09090909090909091,35.0,0.18181818181818182,2465.926862441198,6448.090909090909
0-17,M,0,A,3,10,0.3,P00002743,0.1,30.0,0.2,7267.720443470872,5553.0
46-50,F,1,C,2,10,0.17647058823529413,P00007362,0.058823529411764705,24.0,0.17647058823529413,5008.033814899463,3677.235294117647
55+,F,1,C,1,10,0.2,P00010292,0.06666666666666667,36.0,0.2,4611.574609713301,2520.3333333333335
26-35,M,0,A,2,1,0.2222222222222222,P00009955,0.05555555555555555,21.0,0.1111111111111111,6037.34698719486,9266.055555555555
55+,F,1,C,1,4,0.3,P00003936,0.1,4.0,0.2,790.5851630279941,727.7
55+,F,1,C,1,10,0.2,P00001110,0.05,36.0,0.15,6719.9027867341865,2668.9
55+,F,1,C,5+,12,0.12195121951219512,P00001383,0.024390243902439025,40.0,0.0975609756097561,7365.883638396025,7671.024390243902
51-55,F,1,C,2,10,0.1875,P00003426,0.0625,4.0,0.0625,7945.884441803819,5082.6875
26-35,M,0,A,5+,3,0.15789473684210525,P00001790,0.05263157894736842,21.0,0.10526315789473684,3733.833377382885,8423.368421052632
51-55,F,1,C,1,17,0.2,P00004979,0.06666666666666667,16.0,0.13333333333333333,3091.63922924547,2241.5333333333333
36-45,M,0,B,1,10,0.16666666666666666,P00016886,0.08333333333333333,44.0,0.16666666666666666,8191.025147666009,5324.666666666667
0-17,M,0,A,1,15,0.2727272727272727,P00006275,0.09090909090909091,28.0,0.2727272727272727,8113.2433599752085,3118.2727272727275
18-25,M,0,A,2,11,0.18181818181818182,P00005588,0.09090909090909091,16.0,0.18181818181818182,10392.30553123538,9543.363636363636
46-50,M,1,A,3,3,0.2222222222222222,P00003382,0.05555555555555555,7.0,0.1388888888888889,8623.780192003967,13078.0
46-50,F,1,B,2,3,0.25,P00002627,0.08333333333333333,10.0,0.16666666666666666,7640.31797093352,9681.166666666666
36-45,F,1,B,1,5,0.16666666666666666,P00003161,0.08333333333333333,40.0,0.16666666666666666,5542.151624485555,4489.583333333333
26-35,M,0,A,4,3,0.15384615384615385,P00018202,0.07692307692307693,42.0,0.3076923076923077,8287.380704172907,11325.538461538461
36-45,F,1,B,1,10,0.25,P00020795,0.08333333333333333,6.0,0.3333333333333333,4630.144924592239,3792.25
36-45,F,1,B,1,8,0.2,P00003525,0.06666666666666667,30.0,0.13333333333333333,4117.405297144353,4081.3333333333335
55+,F,1,C,1,16,0.15,P00000781,0.05,7.0,0.15,4808.478284293932,3966.4
26-35,M,0,B,2,10,0.23529411764705882,P00020922,0.058823529411764705,20.0,0.11764705882352941,8437.717476935823,5478.294117647059
26-35,M,0,B,1,16,0.21428571428571427,P00010760,0.07142857142857142,20.0,0.14285714285714285,8211.03770964613,3565.5
51-55,F,1,C,2,17,0.2727272727272727,P00021890,0.09090909090909091,5.0,0.09090909090909091,3375.446400107696,2422.0
51-55,F,1,C,2,15,0.2,P00003426,0.06666666666666667,28.0,0.2,7117.602211285429,3325.6666666666665
26-35,M,0,A,1,16,0.16666666666666666,P00001383,0.05555555555555555,18.0,0.1111111111111111,7545.6830451356145,6951.833333333333
51-55,F,1,C,1,5,0.2,P00009028,0.1,8.0,0.1,4249.720645720924,3118.3
55+,F,1,C,2,17,0.15384615384615385,P00003708,0.07692307692307693,18.0,0.15384615384615385,8658.609933145099,9016.846153846154
51-55,F,1,C,5+,10,0.2857142857142857,P00017352,0.07142857142857142,32.0,0.14285714285714285,5823.1376780548835,3756.4285714285716
46-50,F,1,B,2,4,0.25,P00003451,0.08333333333333333,40.0,0.25,7529.875810376753,5391.583333333333
18-25,M,0,A,2,12,0.25,P00005254,0.05,9.0,0.15,8326.10637819699,10487.5
46-50,F,1,B,4,1,0.2,P00004898,0.06666666666666667,21.0,0.2,5291.349556002658,7929.866666666667
0-17,M,0,A,3,6,0.15789473684210525,P00004082,0.05263157894736842,42.0,0.15789473684210525,4769.670813852316,4427.315789473684
26-35,M,0,A,2,5,0.36363636363636365,P00017299,0.09090909090909091,6.0,0.18181818181818182,5575.760869399554,3902.5454545454545
51-55,F,1,C,1,15,0.23529411764705882,P00009405,0.058823529411764705,21.0,0.11764705882352941,7703.386698394415,5472.0
26-35,M,0,A,5+,5,0.3076923076923077,P00030100,0.07692307692307693,44.0,0.23076923076923078,7970.07029937146,3038.076923076923
36-45,M,0,B,4,3,0.16666666666666666,P00005873,0.16666666666666666,44.0,0.16666666666666666,2404.0581772696287,1589.0833333333333
46-50,F,1,C,1,5,0.16666666666666666,P00001708,0.05555555555555555,12.0,0.1111111111111111,5889.998554101712,2983.5555555555557
46-50,F,1,C,2,4,0.13333333333333333,P00001853,0.06666666666666667,28.0,0.13333333333333333,7304.079210570331,6902.6
46-50,F,1,B,2,3,0.18181818181818182,P00015154,0.09090909090909091,7.0,0.09090909090909091,8515.697978119319,6106.636363636364
55+,F,1,C,2,11,0.2222222222222222,P00008564,0.1111111111111111,7.0,0.2222222222222222,7575.3327414570285,6167.555555555556
26-35,M,0,B,2,4,0.15,P00003426,0.05,24.0,0.1,9888.4509621871,7876.7
51-55,F,1,C,1,17,0.25,P00000285,0.08333333333333333,4.0,0.08333333333333333,4855.870636287959,3594.0
55+,F,1,C,1,3,0.15384615384615385,P00005261,0.07692307692307693,32.0,0.15384615384615385,10740.118322893077,8561.615384615385
18-25,M,0,A,2,17,0.21052631578947367,P00004898,0.05263157894736842,36.0,0.21052631578947367,4812.780207077551,3290.1052631578946
0-17,M,0,A,3,16,0.17647058823529413,P00006540,0.058823529411764705,4.0,0.11764705882352941,7193.785268733496,4385.35294117647
26-35,M,0,A,3,17,0.3076923076923077,P00008948,0.07692307692307693,4.0,0.07692307692307693,11450.768495652404,8452.153846153846
18-25,M,0,A,3,16,0.25,P00009159,0.05,4.0,0.15,6124.981671078912,2678.45
55+,F,1,C,2,4,0.18181818181818182,P00002627,0.09090909090909091,4.0,0.09090909090909091,7179.503301381333,5378.363636363636
18-25,M,0,A,4,5,0.21428571428571427,P00004398,0.07142857142857142,7.0,0.14285714285714285,8618.904133446344,6581.0
46-50,F,1,B,5+,11,0.29411764705882354,P00008262,0.058823529411764705,7.0,0.11764705882352941,5959.265671673669,7602.705882352941
46-50,F,1,B,1,3,0.15789473684210525,P00010273,0.05263157894736842,32.0,0.15789473684210525,6448.998477936016,3599.5789473684213
51-55,F,1,C,5+,3,0.2127659574468085,P00004752,0.0425531914893617,9.0,0.06382978723404255,6620.434887311579,6398.106382978724
55+,F,1,C,1,17,0.23076923076923078,P00005394,0.07692307692307693,24.0,0.15384615384615385,5573.421965925099,3792.923076923077
0-17,M,0,A,1,10,0.17647058823529413,P00004752,0.058823529411764705,30.0,0.11764705882352941,8072.900895443166,5952.64705882353
26-35,M,0,A,2,5,0.2,P00000770,0.06666666666666667,28.0,0.13333333333333333,8915.851300325943,6820.466666666666
55+,F,1,C,1,3,0.14285714285714285,P00023219,0.07142857142857142,18.0,0.14285714285714285,10166.801338476324,6018.928571428572
18-25,M,0,A,2,4,0.1875,P00001457,0.0625,10.0,0.125,7213.153286415958,4607.75
51-55,F,1,C,3,3,0.23076923076923078,P00022414,0.07692307692307693,28.0,0.23076923076923078,8831.345529361557,5691.2307692307695
36-45,M,0,B,2,10,0.2,P00001229,0.1,18.0,0.2,4014.7462366187533,3075.3
0-17,M,0,A,1,16,0.1875,P00000772,0.0625,7.0,0.125,2159.048608955651,1397.6875
0-17,M,0,A,2,5,0.23529411764705882,P00008291,0.058823529411764705,20.0,0.17647058823529413,7105.151902586145,4343.058823529412
51-55,F,1,C,5+,3,0.23076923076923078,P00005627,0.07692307692307693,14.0,0.15384615384615385,6868.188245034549,9186.461538461539
46-50,F,1,B,2,5,0.3,P00000526,0.1,6.0,0.1,3038.910698479528,2316.7
0-17,M,0,A,2,4,0.25,P00004008,0.125,18.0,0.1875,1231.0753954030056,910.3125
18-25,M,0,A,1,16,0.2222222222222222,P00003227,0.05555555555555555,24.0,0.16666666666666666,8115.305280200474,4960.555555555556
51-55,F,1,C,2,10,0.2,P00031442,0.1,18.0,0.2,3910.041211774855,2167.5
36-45,M,0,A,4,11,0.2,P00002002,0.1,10.0,0.2,3674.544754871759,7098.4
46-50,F,1,B,1,9,0.18181818181818182,P00009771,0.09090909090909091,4.0,0.18181818181818182,5567.045650318243,5533.454545454545
0-17,M,0,A,2,10,0.18181818181818182,P00004697,0.09090909090909091,20.0,0.18181818181818182,6979.5498187725025,3371.4545454545455
0-17,M,0,A,2,8,0.15384615384615385,P00000795,0.07692307692307693,42.0,0.15384615384615385,8074.99854012847,5537.615384615385
46-50,F,1,C,1,10,0.2222222222222222,P00000743,0.05555555555555555,4.0,0.16666666666666666,4353.285897408435,3264.8888888888887
46-50,F,1,C,2,5,0.18181818181818182,P00000070,0.09090909090909091,20.0,0.18181818181818182,7959.630319190825,4364.272727272727
51-55,F,1,C,3,10,0.4,P00001229,0.06666666666666667,30.0,0.13333333333333333,5143.13625552125,2532.6
46-50,F,1,B,1,12,0.38461538461538464,P00003658,0.07692307692307693,28.0,0.15384615384615385,3104.4341529909134,6174.076923076923
51-55,F,1,B,2,12,0.4166666666666667,P00004752,0.08333333333333333,10.0,0.16666666666666666,1907.6782235338994,6589.25
26-35,M,0,B,2,17,0.15789473684210525,P00004898,0.05263157894736842,28.0,0.15789473684210525,5932.638082664662,5314.789473684211
46-50,F,1,B,1,10,0.2,P00004907,0.05,4.0,0.1,6799.424618652437,4470.25
36-45,M,0,B,3,17,0.4375,P00012408,0.0625,12.0,0.125,2362.4918827021042,1459.8125
51-55,F,1,C,2,17,0.3076923076923077,P00001803,0.07692307692307693,40.0,0.23076923076923078,8625.913163105452,4233.307692307692
55+,F,1,C,4,12,0.17391304347826086,P00002675,0.021739130434782608,36.0,0.10869565217391304,6239.893260730827,6827.304347826087
18-25,M,0,A,2,4,0.17647058823529413,P00001621,0.058823529411764705,42.0,0.17647058823529413,4820.1707446264745,4449.411764705882
26-35,M,0,B,1,5,0.26666666666666666,P00074464,0.13333333333333333,30.0,0.2,3247.789636631277,1550.3333333333333
26-35,M,0,A,3,12,0.26666666666666666,P00001409,0.06666666666666667,9.0,0.2,7033.58489168727,8165.0
18-25,M,0,A,2,17,0.2222222222222222,P00003852,0.05555555555555555,28.0,0.16666666666666666,9166.898180498896,5819.388888888889
55+,F,1,C,1,10,0.15,P00004754,0.05,6.0,0.1,6284.2782650959925,3437.95
51-55,F,1,C,2,10,0.2631578947368421,P00000215,0.05263157894736842,4.0,0.10526315789473684,4098.625818062833,2866.4736842105262
26-35,M,0,B,3,4,0.3076923076923077,P00010617,0.07692307692307693,44.0,0.15384615384615385,2562.998551876898,1612.923076923077
36-45,M,0,B,1,10,0.2,P00005451,0.1,30.0,0.2,5057.8205626973795,2693.2
26-35,M,0,A,5+,12,0.2,P00006684,0.05,7.0,0.1,4997.135666664718,7464.15
46-50,F,1,C,1,18,0.21428571428571427,P00004270,0.07142857142857142,7.0,0.07142857142857142,8147.8929737747485,6760.285714285715
0-17,M,0,A,2,10,0.25,P00002675,0.0625,36.0,0.1875,6190.774843466688,2195.3125
26-35,M,0,B,5+,10,0.3,P00003426,0.1,24.0,0.2,4886.5788589200565,2119.5
36-45,F,1,B,3,15,0.21428571428571427,P00005451,0.07142857142857142,32.0,0.14285714285714285,6998.991726442688,3299.5714285714284
36-45,M,0,A,4,11,0.21052631578947367,P00004358,0.05263157894736842,40.0,0.15789473684210525,2839.50929477044,7908.578947368421
51-55,F,1,C,1,16,0.2857142857142857,P00008017,0.07142857142857142,12.0,0.14285714285714285,3066.359931705544,1864.0
26-35,M,0,A,2,10,0.3076923076923077,P00016119,0.07692307692307693,44.0,0.23076923076923078,6185.249353429703,3696.6923076923076
36-45,F,1,B,2,4,0.4166666666666667,P00001853,0.08333333333333333,42.0,0.3333333333333333,1898.7046840603537,1064.75
36-45,F,1,B,3,16,0.3,P00020109,0.05,28.0,0.1,6409.096136906144,3151.15
51-55,F,1,C,3,3,0.2727272727272727,P00016734,0.09090909090909091,7.0,0.09090909090909091,4414.234551168217,7388.545454545455
26-35,M,0,A,3,19,0.11428571428571428,P00009690,0.02857142857142857,14.0,0.08571428571428572,10077.564837071412,10897.885714285714
51-55,F,1,C,4,4,0.18181818181818182,P00027023,0.09090909090909091,4.0,0.09090909090909091,9558.373930747844,6382.0
26-35,M,0,B,1,16,0.2727272727272727,P00016022,0.09090909090909091,30.0,0.2727272727272727,8973.784679427476,5443.454545454545
51-55,F,1,C,2,3,0.18181818181818182,P00005311,0.09090909090909091,42.0,0.2727272727272727,9768.945319457236,4777.636363636364
26-35,M,0,B,5+,5,0.2,P00003448,0.05,21.0,0.1,5023.545365785529,3496.4
26-35,M,0,A,4,1,0.16666666666666666,P00000148,0.05555555555555555,28.0,0.2222222222222222,7460.235618070263,9191.777777777777
26-35,M,0,B,2,5,0.21428571428571427,P00000781,0.07142857142857142,20.0,0.14285714285714285,6828.2737139109995,3912.285714285714
26-35,M,0,B,1,15,0.2857142857142857,P00001409,0.07142857142857142,36.0,0.14285714285714285,7094.720024058752,2513.714285714286
0-17,M,0,A,2,10,0.4,P00002264,0.1,4.0,0.1,10734.943407189232,6510.2
51-55,F,1,C,5+,11,0.3333333333333333,P00004977,0.08333333333333333,7.0,0.08333333333333333,6186.268148573954,8800.833333333334
36-45,M,0,B,5+,4,0.3,P00004002,0.1,40.0,0.2,2830.4145043909502,1648.6
26-35,M,0,A,1,3,0.2777777777777778,P00091499,0.1111111111111111,7.0,0.16666666666666666,6307.397342948204,6511.777777777777
51-55,F,1,C,1,10,0.25,P00008604,0.08333333333333333,3.0,0.08333333333333333,9570.19301086198,7971.416666666667
55+,F,1,C,3,4,0.2857142857142857,P00003525,0.07142857142857142,10.0,0.07142857142857142,3192.5000434569342,2110.714285714286
46-50,F,1,B,1,18,0.14583333333333334,P00017147,0.041666666666666664,28.0,0.08333333333333333,10418.780423360266,12184.979166666666
51-55,F,1,B,2,19,0.17142857142857143,P00001575,0.05714285714285714,36.0,0.08571428571428572,10752.286714614585,11735.371428571429
18-25,M,0,A,2,4,0.3125,P00033586,0.125,4.0,0.125,4729.194193165117,2701.375
55+,F,1,C,1,17,0.26666666666666666,P00015458,0.06666666666666667,9.0,0.06666666666666667,3262.8631204598737,1990.2
26-35,M,0,A,2,3,0.2727272727272727,P00002627,0.09090909090909091,42.0,0.2727272727272727,5756.253518012942,7586.818181818182
51-55,F,1,C,3,3,0.2,P00022401,0.1,40.0,0.3,4724.543462953149,6926.4
36-45,F,1,B,3,17,0.29411764705882354,P00004008,0.058823529411764705,27.0,0.17647058823529413,4099.8551005600475,5002.294117647059
55+,F,1,C,3,11,0.2,P00000238,0.05,9.0,0.1,6594.527914151726,9383.9
46-50,F,1,B,2,17,0.21052631578947367,P00002675,0.05263157894736842,18.0,0.15789473684210525,4071.371884683566,2883.3684210526317
36-45,F,1,B,1,5,0.2727272727272727,P00001802,0.09090909090909091,44.0,0.18181818181818182,8997.980710844366,4825.545454545455
51-55,F,1,C,4,12,0.2,P00001409,0.06666666666666667,6.0,0.06666666666666667,3612.8355003211745,5691.733333333334
36-45,M,0,A,1,8,0.1875,P00002379,0.0625,14.0,0.1875,6688.811662956283,7142.5625
26-35,M,0,A,1,8,0.15789473684210525,P00003982,0.05263157894736842,27.0,0.15789473684210525,2977.9623012785532,6831.631578947368
46-50,F,1,B,2,9,0.21052631578947367,P00004622,0.05263157894736842,36.0,0.2631578947368421,7806.068703034277,6882.473684210527
36-45,F,1,B,4,3,0.2,P00001853,0.05,10.0,0.15,5261.513935371194,10648.95
51-55,F,1,C,2,11,0.2,P00004622,0.06666666666666667,20.0,0.13333333333333333,8241.65765110971,7033.866666666667
0-17,M,0,A,1,3,0.2,P00012916,0.1,16.0,0.2,11721.121414400206,10242.9
51-55,F,1,C,1,16,0.2,P00008010,0.1,40.0,0.3,9098.867631621959,5604.8
46-50,F,1,B,2,10,0.2727272727272727,P00010760,0.09090909090909091,14.0,0.18181818181818182,5408.695976262334,3793.181818181818
46-50,F,1,B,5+,11,0.2222222222222222,P00091229,0.1111111111111111,36.0,0.2222222222222222,7926.726348536018,8655.611111111111
26-35,M,0,A,1,10,0.18181818181818182,P00002743,0.09090909090909091,12.0,0.18181818181818182,7182.566092471915,5760.454545454545
51-55,F,1,C,2,17,0.2631578947368421,P00004754,0.05263157894736842,28.0,0.15789473684210525,5761.723888190294,3573.9473684210525
55+,F,1,C,2,11,0.3333333333333333,P00009387,0.06666666666666667,18.0,0.13333333333333333,8752.772359168755,6699.6
55+,F,1,C,1,15,0.3125,P00000743,0.0625,4.0,0.125,5059.8415110225205,2153.875
51-55,F,1,C,3,4,0.18181818181818182,P00005606,0.09090909090909091,40.0,0.18181818181818182,8580.419999256235,5699.818181818182
51-55,F,1,C,2,12,0.4,P00000925,0.1,7.0,0.2,4105.649637322264,7238.5
55+,F,1,C,1,3,0.16666666666666666,P00000070,0.08333333333333333,36.0,0.16666666666666666,9606.996258645902,6862.25
18-25,M,0,A,4,11,0.17647058823529413,P00004130,0.058823529411764705,28.0,0.17647058823529413,6247.488250583307,8565.764705882353
51-55,F,1,C,2,16,0.21428571428571427,P00020638,0.07142857142857142,4.0,0.14285714285714285,4827.7656538808105,4037.1428571428573
36-45,M,1,B,2,1,0.3076923076923077,P00000370,0.07692307692307693,21.0,0.15384615384615385,5003.353867464995,7237.615384615385
46-50,F,1,B,2,17,0.3076923076923077,P00001802,0.07692307692307693,4.0,0.23076923076923078,3656.6988633086917,2163.923076923077
26-35,M,0,A,1,3,0.16666666666666666,P00000070,0.05555555555555555,7.0,0.1111111111111111,5746.398765421856,4856.222222222223
0-17,M,0,A,1,16,0.3333333333333333,P00001383,0.08333333333333333,44.0,0.16666666666666666,5342.50340465852,3515.4166666666665
18-25,M,0,A,1,5,0.18181818181818182,P00007992,0.09090909090909091,7.0,0.09090909090909091,8649.131668449834,5380.727272727273
55+,F,1,C,2,16,0.26666666666666666,P00002084,0.06666666666666667,24.0,0.2,6441.7157415736765,3454.133333333333
46-50,F,1,B,1,16,0.23529411764705882,P00003852,0.058823529411764705,16.0,0.11764705882352941,8726.907749042277,4997.882352941177
51-55,F,1,C,2,8,0.2857142857142857,P00004150,0.07142857142857142,28.0,0.14285714285714285,7789.888877594771,5002.571428571428
46-50,F,1,B,3,4,0.2727272727272727,P00024450,0.09090909090909091,8.0,0.18181818181818182,10696.519133046806,7349.181818181818
18-25,M,0,A,2,16,0.21428571428571427,P00009923,0.07142857142857142,30.0,0.14285714285714285,4672.268011750436,3608.285714285714
26-35,M,0,B,1,16,0.2222222222222222,P00002084,0.05555555555555555,6.0,0.1111111111111111,4202.325862376069,3067.222222222222
46-50,F,1,C,2,15,0.25,P00000247,0.0625,32.0,0.125,4523.371842902888,3394.8125
26-35,M,0,B,1,3,0.23076923076923078,P00000285,0.07692307692307693,44.0,0.23076923076923078,6245.881351656815,4401.7692307692305
55+,F,1,C,4,3,0.1590909090909091,P00024235,0.045454545454545456,20.0,0.09090909090909091,7084.926456668828,7518.181818181818
26-35,M,0,A,5+,3,0.11764705882352941,P00018886,0.058823529411764705,10.0,0.11764705882352941,6596.381535379386,7437.882352941177
46-50,F,1,C,1,4,0.21428571428571427,P00006470,0.07142857142857142,4.0,0.14285714285714285,2959.386849918835,1741.7142857142858
46-50,F,1,B,1,1,0.26666666666666666,P00001409,0.06666666666666667,40.0,0.2,9548.963226195716,10934.466666666667
26-35,M,0,B,1,17,0.2727272727272727,P00011594,0.09090909090909091,30.0,0.2727272727272727,6738.901662599167,3697.7272727272725
55+,F,1,C,1,5,0.23529411764705882,P00004130,0.058823529411764705,7.0,0.11764705882352941,8719.582407449001,6012.117647058823
36-45,F,1,B,2,5,0.1875,P00000770,0.0625,44.0,0.1875,4045.7457491378104,2430.5
46-50,F,1,C,2,17,0.21052631578947367,P00001976,0.05263157894736842,28.0,0.10526315789473684,7680.643217079554,4869.315789473684
51-55,F,1,B,1,3,0.3,P00002815,0.05,20.0,0.15,3738.587808250596,6777.8
18-25,M,0,A,2,10,0.14285714285714285,P00012057,0.07142857142857142,6.0,0.14285714285714285,5844.75897659651,4050.4285714285716
46-50,F,1,B,2,17,0.16666666666666666,P00004622,0.16666666666666666,28.0,0.16666666666666666,8100.630052188795,7036.166666666667
51-55,F,1,C,2,17,0.15789473684210525,P00000809,0.05263157894736842,7.0,0.15789473684210525,6917.225770258272,5794.631578947368
46-50,F,1,C,3,10,0.2,P00002264,0.1,28.0,0.2,8543.596643750869,6552.5
18-25,M,0,A,1,17,0.25,P00000743,0.08333333333333333,40.0,0.16666666666666666,9128.540031880035,6033.25
46-50,F,1,C,1,8,0.3,P00026798,0.1,27.0,0.2,7510.402585007603,6092.1
36-45,M,0,B,3,10,0.25,P00006275,0.08333333333333333,28.0,0.16666666666666666,5185.53579461879,4065.75
51-55,F,1,C,2,3,0.15384615384615385,P00021202,0.07692307692307693,4.0,0.15384615384615385,10041.964640115664,8592.0
36-45,F,1,B,4,10,0.26666666666666666,P00009954,0.06666666666666667,36.0,0.13333333333333333,7091.032248719571,4123.933333333333
0-17,M,0,A,1,10,0.3,P00023609,0.1,12.0,0.1,4533.5873017095655,3205.4
55+,F,1,C,5+,10,0.1875,P00003426,0.0625,16.0,0.125,6703.246893608102,4420.375
46-50,M,1,B,1,3,0.21621621621621623,P00001790,0.02702702702702703,22.0,0.08108108108108109,9534.295104733445,13514.45945945946
36-45,F,1,B,2,15,0.1875,P00006098,0.0625,20.0,0.125,6312.270483946328,3891.5625
51-55,F,1,B,3,3,0.3,P00006469,0.05,42.0,0.15,6410.184083693861,6901.25
0-17,M,0,A,2,17,0.25,P00008806,0.08333333333333333,20.0,0.16666666666666666,10940.444308120712,7837.75
46-50,F,1,B,5+,11,0.1875,P00004649,0.0625,20.0,0.125,5241.729151323381,6783.3125
36-45,F,1,B,1,16,0.2777777777777778,P00067219,0.1111111111111111,44.0,0.16666666666666666,5208.450839458776,3649.8333333333335
51-55,F,1,C,4,1,0.125,P00001409,0.0625,16.0,0.125,8496.35685848156,5635.5
0-17,M,0,A,2,10,0.2777777777777778,P00005394,0.05555555555555555,20.0,0.16666666666666666,1751.5588286053537,962.7222222222222
36-45,M,0,A,4,12,0.25,P00002815,0.08333333333333333,7.0,0.25,3644.4402768900172,5600.75
55+,F,1,C,2,5,0.15384615384615385,P00010106,0.07692307692307693,36.0,0.15384615384615385,5401.818005933814,4147.461538461538
26-35,M,0,A,1,9,0.2,P00009923,0.1,7.0,0.2,8398.642271886041,10333.3
55+,F,1,C,2,8,0.3,P00001110,0.1,6.0,0.1,2478.0499950117587,2601.0
0-17,M,0,A,1,15,0.2,P00000772,0.06666666666666667,20.0,0.2,5299.9284316821095,2441.6666666666665
46-50,F,1,B,3,17,0.23529411764705882,P00009771,0.058823529411764705,18.0,0.17647058823529413,6618.513567681813,3281.705882352941
26-35,M,0,B,1,4,0.18181818181818182,P00019774,0.18181818181818182,30.0,0.18181818181818182,8494.162758249713,4500.818181818182
46-50,F,1,B,1,3,0.25,P00002152,0.0625,30.0,0.1875,4055.7273741381255,3250.0
26-35,M,0,B,2,10,0.2,P00010042,0.06666666666666667,4.0,0.13333333333333333,7170.456303471905,3398.8
51-55,F,1,C,5+,11,0.15789473684210525,P00000781,0.05263157894736842,24.0,0.21052631578947367,6977.305945095283,5305.1578947368425
55+,F,1,C,5+,8,0.18181818181818182,P00007161,0.09090909090909091,10.0,0.18181818181818182,7497.989148613599,7664.454545454545
26-35,M,0,B,2,15,0.16666666666666666,P00006613,0.08333333333333333,16.0,0.08333333333333333,3493.268184102189,2108.6666666666665
46-50,F,1,B,2,15,0.23529411764705882,P00008902,0.058823529411764705,30.0,0.11764705882352941,9224.529950562443,6688.941176470588
55+,F,1,C,1,1,0.14285714285714285,P00026161,0.07142857142857142,4.0,0.14285714285714285,7051.421240890627,4705.142857142857
26-35,M,0,B,5+,1,0.18181818181818182,P00007161,0.09090909090909091,18.0,0.18181818181818182,8778.526997996045,5815.363636363636
36-45,M,1,A,1,3,0.12903225806451613,P00000610,0.03225806451612903,10.0,0.16129032258064516,8635.828594398336,10911.612903225807
18-25,M,0,A,2,10,0.3,P00006470,0.1,30.0,0.2,4141.64755729998,3210.4
36-45,M,0,A,5+,9,0.16666666666666666,P00003954,0.08333333333333333,42.0,0.4166666666666667,3992.552771894648,5942.0
36-45,M,0,B,1,17,0.2,P00003745,0.06666666666666667,9.0,0.13333333333333333,4394.785853171698,3258.4666666666667
0-17,M,0,A,2,17,0.3333333333333333,P00000518,0.05555555555555555,40.0,0.16666666666666666,4721.885588039586,2552.722222222222
51-55,F,1,C,5+,15,0.3333333333333333,P00003936,0.06666666666666667,40.0,0.26666666666666666,4242.18228655735,1842.8666666666666
26-35,M,0,A,2,5,0.2,P00032403,0.1,20.0,0.2,6315.959098453167,4360.0
46-50,F,1,C,2,12,0.17647058823529413,P00021541,0.058823529411764705,36.0,0.11764705882352941,7907.499960015622,8243.35294117647
26-35,M,0,A,1,10,0.1875,P00000101,0.0625,36.0,0.125,7130.493629476153,3601.75
18-25,M,0,A,5+,3,0.16666666666666666,P00012609,0.08333333333333333,35.0,0.16666666666666666,6469.9707243729035,3864.5833333333335
0-17,M,0,A,2,5,0.15384615384615385,P00005758,0.07692307692307693,28.0,0.15384615384615385,5867.817228377264,4794.7692307692305
36-45,F,1,B,1,8,0.16666666666666666,P00014343,0.08333333333333333,10.0,0.25,6395.602217125215,5966.583333333333
18-25,M,0,A,2,10,0.2,P00006213,0.1,4.0,0.2,6854.963003385049,5235.0
36-45,F,1,B,2,3,0.11764705882352941,P00003382,0.058823529411764705,12.0,0.058823529411764705,8792.862880333852,7090.588235294118
51-55,F,1,C,3,11,0.2,P00000953,0.05,40.0,0.15,5776.58014381301,7775.5
36-45,F,1,B,5+,12,0.15,P00001383,0.05,14.0,0.1,5834.393508145875,4662.15
36-45,F,1,B,2,17,0.15,P00003852,0.05,18.0,0.15,8358.901441766011,6042.45
36-45,M,1,B,2,11,0.1875,P00004622,0.0625,30.0,0.1875,6950.955463999177,8054.4375
46-50,F,1,C,1,10,0.3125,P00000947,0.0625,20.0,0.125,5156.485417656099,3336.5625
55+,F,1,C,5+,15,0.3,P00002352,0.05,18.0,0.1,6653.426980847816,3286.8
0-17,M,0,A,4,16,0.35714285714285715,P00002084,0.07142857142857142,6.0,0.14285714285714285,3115.3650774723124,1334.2142857142858
51-55,F,1,C,1,16,0.21428571428571427,P00003676,0.07142857142857142,8.0,0.14285714285714285,3697.2034583030336,2982.214285714286
36-45,M,0,A,3,8,0.2777777777777778,P00001409,0.05555555555555555,20.0,0.1111111111111111,5734.48132174234,6222.5
51-55,F,1,C,1,10,0.3,P00006213,0.1,16.0,0.2,10234.732565034505,6462.7
55+,F,1,C,5+,10,0.25,P00000247,0.05,18.0,0.15,2604.2796251150667,1589.45
18-25,M,0,A,1,16,0.2,P00014071,0.1,4.0,0.2,7934.787099993435,4032.9
46-50,F,1,C,1,10,0.1875,P00001794,0.0625,21.0,0.125,3934.459432903924,3464.3125
26-35,M,0,A,5+,3,0.16,P00024562,0.04,22.0,0.08,10341.02732687145,12331.78
0-17,M,0,A,1,17,0.3,P00004752,0.1,20.0,0.2,2952.766619817948,2140.4
36-45,F,1,B,5+,4,0.18181818181818182,P00003913,0.09090909090909091,10.0,0.09090909090909091,4935.019145214775,2047.8181818181818
51-55,F,1,C,5+,10,0.26666666666666666,P00000215,0.06666666666666667,16.0,0.13333333333333333,6465.580361384723,2922.5333333333333
55+,F,1,C,1,15,0.15789473684210525,P00000526,0.05263157894736842,36.0,0.15789473684210525,8008.693132469147,4206.368421052632
55+,F,1,C,2,10,0.2727272727272727,P00001803,0.09090909090909091,6.0,0.18181818181818182,3321.881036127245,2059.7272727272725
26-35,M,0,A,2,19,0.2,P00006347,0.1,32.0,0.2,8430.671224101252,8394.8
51-55,F,1,C,1,8,0.15384615384615385,P00004855,0.07692307692307693,10.0,0.15384615384615385,8063.658045634318,3827.076923076923
46-50,F,1,C,1,5,0.1875,P00001039,0.0625,27.0,0.125,9268.839631618765,6776.125
18-25,M,0,A,2,10,0.2,P00017851,0.06666666666666667,36.0,0.26666666666666666,6288.225893343391,4385.8
51-55,F,1,C,2,4,0.16666666666666666,P00006684,0.08333333333333333,36.0,0.25,8461.118133001457,4181.666666666667
46-50,F,1,B,1,16,0.23076923076923078,P00017278,0.07692307692307693,4.0,0.15384615384615385,7418.315311720213,4041.3076923076924
55+,F,1,C,5+,3,0.2,P00005261,0.06666666666666667,35.0,0.13333333333333333,6846.700236158256,7788.133333333333
55+,F,1,C,2,10,0.2,P00005776,0.06666666666666667,30.0,0.13333333333333333,4955.288485187171,2256.4
46-50,F,1,B,1,17,0.23076923076923078,P00001803,0.07692307692307693,6.0,0.07692307692307693,9938.575429310911,7078.692307692308
26-35,M,0,A,3,3,0.17647058823529413,P00006349,0.058823529411764705,10.0,0.11764705882352941,3693.293085604833,5714.235294117647
36-45,M,1,A,2,3,0.1111111111111111,P00000953,0.027777777777777776,7.0,0.08333333333333333,9363.804985154273,10343.833333333334
51-55,F,1,C,1,7,0.2727272727272727,P00002264,0.09090909090909091,40.0,0.18181818181818182,3922.697823970362,7626.727272727273
36-45,F,1,B,2,10,0.21428571428571427,P00000953,0.07142857142857142,20.0,0.14285714285714285,8070.457926806363,5500.071428571428
51-55,F,1,C,3,16,0.18181818181818182,P00015645,0.09090909090909091,44.0,0.18181818181818182,8129.577319885702,6291.0
0-17,M,0,A,2,5,0.2,P00000070,0.06666666666666667,42.0,0.2,8477.816632668038,5844.0
0-17,M,0,A,4,4,0.25,P00004697,0.08333333333333333,42.0,0.16666666666666666,7691.415377884067,5067.833333333333
55+,F,1,C,5+,4,0.1875,P00003913,0.0625,36.0,0.125,6096.1828654631645,4628.0625
26-35,M,0,A,1,3,0.16666666666666666,P00001575,0.03333333333333333,45.0,0.13333333333333333,7171.682806818019,10211.833333333334
26-35,M,0,A,1,13,0.21428571428571427,P00014365,0.07142857142857142,14.0,0.14285714285714285,9027.56030956632,14368.285714285714
36-45,F,1,B,1,5,0.25,P00001156,0.0625,4.0,0.0625,2109.885722616275,1331.8125
46-50,F,1,B,5+,16,0.2727272727272727,P00003235,0.09090909090909091,12.0,0.18181818181818182,4483.2663194270635,4328.909090909091
26-35,M,0,A,2,9,0.25,P00005866,0.08333333333333333,40.0,0.16666666666666666,6188.570777259602,6374.083333333333
36-45,M,1,B,4,8,0.18181818181818182,P00017572,0.09090909090909091,27.0,0.18181818181818182,7130.3812571788385,7288.545454545455
46-50,F,1,B,4,3,0.2,P00000795,0.06666666666666667,6.0,0.13333333333333333,8965.095401186813,8180.866666666667
18-25,M,0,A,2,10,0.1875,P00000526,0.0625,8.0,0.125,5390.1125618271335,3452.3125
51-55,F,1,C,2,10,0.23076923076923078,P00023359,0.07692307692307693,40.0,0.15384615384615385,10612.777076205397,7348.538461538462
0-17,M,0,A,2,17,0.25,P00011771,0.08333333333333333,36.0,0.16666666666666666,7126.525301911716,4078.1666666666665
0-17,M,0,A,1,9,0.14285714285714285,P00027480,0.14285714285714285,16.0,0.14285714285714285,6536.979423099172,5795.142857142857
36-45,M,0,A,4,6,0.16666666666666666,P00000953,0.05555555555555555,9.0,0.1111111111111111,3214.40896080761,7248.444444444444
26-35,M,0,A,1,4,0.35714285714285715,P00021894,0.07142857142857142,12.0,0.14285714285714285,5025.675418497291,3097.214285714286
26-35,M,0,B,1,10,0.3076923076923077,P00000285,0.07692307692307693,6.0,0.07692307692307693,3489.438194073139,2284.076923076923
51-55,F,1,B,4,3,0.1282051282051282,P00063137,0.05128205128205128,12.0,0.10256410256410256,9691.355739115053,11256.871794871795
46-50,F,1,B,4,1,0.2857142857142857,P00001409,0.07142857142857142,27.0,0.21428571428571427,6339.427496944104,7279.285714285715
55+,F,1,C,1,16,0.2,P00008017,0.06666666666666667,35.0,0.2,10164.262090191065,5784.466666666666
46-50,F,1,C,1,10,0.13333333333333333,P00006347,0.06666666666666667,18.0,0.13333333333333333,4555.876498179759,3426.6666666666665
18-25,M,0,A,1,10,0.2857142857142857,P00037192,0.14285714285714285,40.0,0.21428571428571427,5048.490032662253,3244.9285714285716
51-55,F,1,C,1,5,0.2,P00001229,0.06666666666666667,40.0,0.13333333333333333,6068.618068155456,4630.6
51-55,F,1,C,4,11,0.2,P00093472,0.05,7.0,0.075,8402.245355581128,7484.9
36-45,F,1,B,1,4,0.1875,P00002346,0.0625,4.0,0.1875,5423.321460369098,3274.9375
18-25,M,0,A,5+,12,0.2857142857142857,P00001409,0.07142857142857142,14.0,0.21428571428571427,3504.958387299812,6846.714285714285
0-17,M,0,A,2,5,0.25,P00000781,0.08333333333333333,36.0,0.16666666666666666,4122.924917917846,2284.3333333333335
36-45,M,1,B,1,9,0.1875,P00004754,0.0625,20.0,0.125,5372.563557868192,7486.375
46-50,F,1,B,3,11,0.35294117647058826,P00076664,0.11764705882352941,7.0,0.11764705882352941,3784.5485782555984,7613.764705882353
36-45,M,0,B,3,16,0.3076923076923077,P00007781,0.07692307692307693,24.0,0.23076923076923078,3563.3788074860954,2351.769230769231
55+,F,1,C,1,10,0.17647058823529413,P00000526,0.058823529411764705,30.0,0.17647058823529413,9257.8007834252,6635.294117647059
18-25,M,0,A,2,4,0.2727272727272727,P00004403,0.09090909090909091,44.0,0.18181818181818182,3512.2012703767937,1628.1818181818182
46-50,F,1,C,1,4,0.15384615384615385,P00006470,0.07692307692307693,24.0,0.15384615384615385,10917.098575523274,7076.846153846154
36-45,M,0,B,3,10,0.17647058823529413,P00013436,0.058823529411764705,20.0,0.17647058823529413,7312.423162995005,5229.529411764706
18-25,M,0,A,1,15,0.16666666666666666,P00005989,0.05555555555555555,30.0,0.2222222222222222,5532.705091018588,5372.277777777777
46-50,F,1,B,1,17,0.25,P00007362,0.0625,36.0,0.1875,2976.522343692383,1629.0625
36-45,M,0,A,1,12,0.2,P00011826,0.05,20.0,0.15,5527.354952035329,6147.85
51-55,F,1,C,1,16,0.3,P00002084,0.1,30.0,0.2,10851.32729208736,7084.0
46-50,F,1,B,1,10,0.23076923076923078,P00001039,0.07692307692307693,6.0,0.15384615384615385,2819.2477538229764,2084.3076923076924
36-45,M,0,A,3,9,0.21052631578947367,P00012023,0.05263157894736842,42.0,0.10526315789473684,4326.849512936906,7612.526315789473
51-55,F,1,C,1,4,0.25,P00010760,0.05,4.0,0.15,8736.121128154615,5966.55
26-35,M,0,B,3,5,0.18181818181818182,P00004604,0.09090909090909091,7.0,0.09090909090909091,4681.087016339843,3935.3636363636365
51-55,F,1,C,2,5,0.29411764705882354,P00008016,0.058823529411764705,4.0,0.11764705882352941,3409.4023443395818,1556.2941176470588
51-55,F,1,C,5+,10,0.13333333333333333,P00002274,0.06666666666666667,45.0,0.26666666666666666,7819.377093081617,7869.866666666667
18-25,M,0,A,2,10,0.21428571428571427,P00010326,0.07142857142857142,36.0,0.14285714285714285,8920.866547373296,4924.571428571428
26-35,M,0,A,1,4,0.2,P00002387,0.1,16.0,0.2,7556.905884318293,5321.1
51-55,F,1,C,1,17,0.3076923076923077,P00008902,0.07692307692307693,6.0,0.15384615384615385,8173.435172902579,3319.769230769231
26-35,M,0,A,4,12,0.25,P00006542,0.0625,28.0,0.1875,4157.480982117257,8444.375
18-25,M,0,A,1,17,0.3333333333333333,P00005989,0.08333333333333333,44.0,0.25,9221.61963194989,5141.5
55+,F,1,C,2,10,0.1875,P00017299,0.0625,18.0,0.125,7774.7326888667585,5463.375
46-50,F,1,B,3,3,0.28125,P00024562,0.0625,28.0,0.09375,9579.800876304114,16080.40625
51-55,F,1,C,5+,3,0.16666666666666666,P00042585,0.16666666666666666,20.0,0.16666666666666666,7577.061753620715,7885.5
55+,F,1,C,4,8,0.12195121951219512,P00034738,0.04878048780487805,36.0,0.12195121951219512,8109.213423480785,7512.951219512195
18-25,M,0,A,2,5,0.23076923076923078,P00005818,0.07692307692307693,6.0,0.23076923076923078,7060.087273376464,3243.846153846154
0-17,M,0,A,2,10,0.2857142857142857,P00001802,0.07142857142857142,4.0,0.14285714285714285,3510.314318602341,1541.0
0-17,M,0,A,1,15,0.3,P00035729,0.1,10.0,0.2,8338.779777508083,4467.2
55+,F,1,C,2,10,0.4117647058823529,P00008604,0.058823529411764705,8.0,0.11764705882352941,8897.327012681293,5209.705882352941
18-25,M,0,A,2,5,0.2727272727272727,P00000101,0.09090909090909091,18.0,0.18181818181818182,8561.451758795456,5142.272727272727
26-35,M,0,B,1,17,0.23076923076923078,P00020075,0.07692307692307693,12.0,0.15384615384615385,7174.55350348431,4395.846153846154
36-45,M,1,B,3,11,0.3076923076923077,P00004082,0.07692307692307693,40.0,0.23076923076923078,4071.303917634201,7027.384615384615
18-25,M,0,A,4,3,0.3333333333333333,P00010786,0.08333333333333333,7.0,0.16666666666666666,4060.128154232067,7416.916666666667
36-45,M,1,B,2,11,0.21052631578947367,P00004606,0.05263157894736842,40.0,0.15789473684210525,7707.153830289277,9540.947368421053
51-55,F,1,C,1,17,0.2,P00034367,0.1,18.0,0.15,7253.278868535032,3163.85
36-45,M,0,B,3,16,0.23076923076923078,P00008010,0.07692307692307693,24.0,0.15384615384615385,6050.291864119089,4531.846153846154
36-45,M,0,B,1,10,0.2727272727272727,P00025982,0.09090909090909091,4.0,0.09090909090909091,3878.2867351447862,4839.0
26-35,M,0,A,1,11,0.25,P00000205,0.08333333333333333,7.0,0.16666666666666666,6716.291191099174,6990.5
0-17,M,0,A,1,10,0.2,P00001110,0.1,36.0,0.2,5799.746374722873,2343.3
46-50,M,1,A,3,3,0.1875,P00044914,0.0625,7.0,0.09375,8983.281609905309,11261.96875
36-45,F,1,B,2,10,0.2777777777777778,P00002052,0.05555555555555555,9.0,0.1111111111111111,10313.99098772009,6740.277777777777
55+,F,1,C,2,4,0.23076923076923078,P00005627,0.07692307692307693,16.0,0.15384615384615385,7537.197848687298,3575.923076923077
51-55,F,1,C,1,7,0.2857142857142857,P00092387,0.14285714285714285,14.0,0.14285714285714285,9342.970697590996,11342.92857142857
36-45,F,1,B,2,3,0.3,P00003658,0.1,4.0,0.1,8190.826209852094,5749.0
18-25,M,0,A,4,4,0.23076923076923078,P00093010,0.15384615384615385,4.0,0.15384615384615385,4535.054568127867,2600.5384615384614
0-17,M,0,A,2,17,0.3333333333333333,P00003246,0.08333333333333333,12.0,0.16666666666666666,9942.913829669975,5836.166666666667
51-55,F,1,C,3,1,0.14285714285714285,P00000105,0.07142857142857142,20.0,0.14285714285714285,8962.107408907304,6895.142857142857
51-55,F,1,C,1,10,0.18181818181818182,P00003426,0.09090909090909091,10.0,0.18181818181818182,8280.611551855773,5756.545454545455
0-17,M,0,A,5+,5,0.25,P00003693,0.08333333333333333,6.0,0.08333333333333333,7044.327111551923,3152.5
18-25,M,0,A,1,5,0.2,P00004008,0.1,4.0,0.1,6144.004040978127,4592.1
18-25,M,0,A,2,16,0.2727272727272727,P00000101,0.09090909090909091,40.0,0.18181818181818182,4791.023523215055,2926.0
36-45,F,1,B,1,5,0.2,P00004568,0.1,4.0,0.2,2000.6930049360396,993.5
18-25,M,0,A,2,16,0.16666666666666666,P00001575,0.05555555555555555,40.0,0.16666666666666666,7946.542770286963,5901.0
0-17,M,0,A,2,3,0.13333333333333333,P00002627,0.06666666666666667,27.0,0.2,4413.3567043691355,5473.4
46-50,F,1,B,4,3,0.15789473684210525,P00005394,0.05263157894736842,20.0,0.21052631578947367,6214.598908267796,5337.578947368421
55+,F,1,C,1,5,0.26666666666666666,P00005254,0.06666666666666667,6.0,0.13333333333333333,8643.415510967761,5092.133333333333
36-45,M,1,B,5+,3,0.15384615384615385,P00001575,0.07692307692307693,14.0,0.15384615384615385,8449.951226531975,7935.692307692308
46-50,F,1,B,1,16,0.2857142857142857,P00000718,0.07142857142857142,6.0,0.14285714285714285,5880.525131667734,3528.8571428571427
26-35,M,0,B,3,3,0.21428571428571427,P00005627,0.07142857142857142,20.0,0.21428571428571427,10333.512645968727,8464.714285714286
46-50,F,1,B,2,3,0.1891891891891892,P00005776,0.02702702702702703,10.0,0.10810810810810811,8929.363695639742,11658.135135135135
55+,F,1,C,3,10,0.16666666666666666,P00005871,0.05555555555555555,20.0,0.2222222222222222,6367.304101135728,2564.1111111111113
26-35,M,0,B,1,8,0.21428571428571427,P00009159,0.07142857142857142,30.0,0.21428571428571427,7459.375852937336,5287.5
46-50,F,1,C,3,15,0.3076923076923077,P00001282,0.07692307692307693,6.0,0.15384615384615385,3217.4852718169473,2039.8461538461538
51-55,F,1,C,3,3,0.15384615384615385,P00002052,0.07692307692307693,24.0,0.15384615384615385,8005.887165560872,4768.153846153846
26-35,M,0,A,4,6,0.16666666666666666,P00001576,0.05555555555555555,20.0,0.16666666666666666,6292.922007214844,7444.722222222223
18-25,M,0,A,1,16,0.3,P00000772,0.1,36.0,0.2,3608.2968835726365,2030.8
55+,F,1,C,1,3,0.18181818181818182,P00003451,0.09090909090909091,4.0,0.09090909090909091,2194.7843795524136,1711.4545454545455
51-55,F,1,C,2,16,0.2222222222222222,P00005857,0.05555555555555555,44.0,0.16666666666666666,6312.01763212329,5136.0
36-45,M,0,A,2,3,0.2222222222222222,P00012789,0.05555555555555555,20.0,0.1111111111111111,6474.507603353506,7843.333333333333
36-45,M,0,A,3,12,0.3,P00004405,0.1,18.0,0.3,4726.213546687125,6510.4
46-50,F,1,B,1,11,0.18181818181818182,P00006603,0.09090909090909091,20.0,0.2727272727272727,8963.201743289563,8657.09090909091
26-35,M,0,A,1,17,0.25,P00011310,0.05,10.0,0.1,6931.256964117805,4195.45
0-17,M,0,A,2,10,0.2,P00026377,0.1,7.0,0.1,7176.006324319026,5348.1
26-35,M,0,B,1,5,0.21428571428571427,P00001156,0.07142857142857142,4.0,0.14285714285714285,4984.429247474271,2315.0
26-35,M,0,A,1,4,0.14285714285714285,P00000809,0.07142857142857142,7.0,0.14285714285714285,5980.4863431914055,6914.857142857143
46-50,F,1,C,1,17,0.3,P00013845,0.1,12.0,0.2,8204.619037807639,6863.0
36-45,M,0,A,2,11,0.15789473684210525,P00000610,0.05263157894736842,10.0,0.10526315789473684,6331.7193409741,6801.578947368421
0-17,M,0,A,2,1,0.18181818181818182,P00001575,0.09090909090909091,3.0,0.09090909090909091,7227.113985792417,4153.181818181818
36-45,F,1,B,2,3,0.25,P00010945,0.0625,40.0,0.125,8156.9412230729395,6534.625
55+,F,1,C,5+,11,0.2727272727272727,P00012169,0.09090909090909091,3.0,0.09090909090909091,4305.496297018076,7093.818181818182
0-17,M,0,A,1,5,0.15789473684210525,P00001229,0.05263157894736842,30.0,0.10526315789473684,3653.0821305620243,2512.9473684210525
51-55,F,1,C,1,4,0.16666666666666666,P00080927,0.1111111111111111,4.0,0.16666666666666666,6563.65058758826,3622.722222222222
51-55,F,1,C,1,17,0.3157894736842105,P00002084,0.05263157894736842,28.0,0.21052631578947367,4063.867641136749,2713.7368421052633
46-50,F,1,B,2,18,0.16666666666666666,P00000718,0.03333333333333333,12.0,0.1,9127.934618080588,10218.433333333332
51-55,F,1,C,1,16,0.21428571428571427,P00000526,0.07142857142857142,20.0,0.21428571428571427,9449.32785126325,6098.071428571428
0-17,M,0,A,5+,15,0.23076923076923078,P00023211,0.07692307692307693,12.0,0.15384615384615385,6794.257362108393,3375.4615384615386
36-45,F,1,B,1,8,0.23076923076923078,P00010760,0.07692307692307693,10.0,0.15384615384615385,4238.010882901287,5832.076923076923
51-55,F,1,C,2,17,0.18181818181818182,P00035299,0.09090909090909091,32.0,0.18181818181818182,10413.963294102254,8871.90909090909
18-25,M,0,A,2,17,0.3333333333333333,P00001029,0.08333333333333333,12.0,0.08333333333333333,7266.059335372338,4298.416666666667
51-55,F,1,C,3,4,0.2,P00002052,0.1,30.0,0.2,6567.395781011257,6475.3
51-55,F,1,C,5+,20,0.13157894736842105,P00009929,0.05263157894736842,14.0,0.10526315789473684,9422.823515840068,11390.552631578947
26-35,M,0,A,2,5,0.25,P00003936,0.08333333333333333,18.0,0.25,1890.6434430605573,1215.9166666666667
46-50,F,1,B,2,5,0.3,P00016536,0.1,40.0,0.3,4335.782775667823,3565.5
36-45,M,0,B,1,4,0.2,P00015354,0.06666666666666667,40.0,0.2,4412.366612579866,3044.133333333333
55+,F,1,C,2,17,0.3333333333333333,P00017257,0.08333333333333333,20.0,0.16666666666666666,7852.630080058682,5458.083333333333
36-45,M,0,B,1,4,0.2,P00001229,0.1,4.0,0.1,8393.78859567531,4940.9
18-25,M,0,A,1,4,0.2727272727272727,P00016051,0.09090909090909091,12.0,0.18181818181818182,2010.6970614011632,1350.4545454545455
55+,F,1,C,1,15,0.21052631578947367,P00010731,0.05263157894736842,18.0,0.10526315789473684,3299.793971948846,2168.4210526315787
26-35,M,0,A,5+,8,0.15384615384615385,P00020941,0.07692307692307693,7.0,0.07692307692307693,7608.403014818381,10870.538461538461
46-50,F,1,B,3,10,0.23076923076923078,P00008627,0.07692307692307693,42.0,0.23076923076923078,3713.7744846822516,2226.3846153846152
51-55,F,1,C,2,9,0.2727272727272727,P00017572,0.09090909090909091,30.0,0.18181818181818182,10399.66291848836,10705.272727272728
26-35,M,0,B,2,15,0.3,P00003426,0.1,30.0,0.2,2451.708295590376,1081.7
55+,F,1,C,1,4,0.2,P00006980,0.05,4.0,0.1,4537.7369559703375,2482.55
46-50,F,1,B,2,4,0.15384615384615385,P00001976,0.07692307692307693,28.0,0.15384615384615385,7723.207025349655,4706.615384615385
51-55,F,1,C,5+,11,0.16666666666666666,P00024235,0.1111111111111111,42.0,0.16666666666666666,4417.273645306157,7293.111111111111
46-50,F,1,B,1,4,0.2857142857142857,P00003235,0.07142857142857142,6.0,0.14285714285714285,4090.523954858928,2290.9285714285716
46-50,F,1,B,1,10,0.26666666666666666,P00006962,0.06666666666666667,18.0,0.13333333333333333,3581.3580464877923,2734.8
55+,F,1,C,2,10,0.2,P00003708,0.06666666666666667,24.0,0.13333333333333333,7967.494080563193,4226.066666666667
36-45,F,1,B,1,4,0.2727272727272727,P00001790,0.09090909090909091,8.0,0.18181818181818182,7558.260041474192,4586.363636363636
0-17,M,0,A,1,5,0.18181818181818182,P00008353,0.09090909090909091,40.0,0.18181818181818182,9730.2333065554,7340.0
26-35,M,0,A,1,10,0.17647058823529413,P00005606,0.058823529411764705,6.0,0.11764705882352941,5909.364692264006,4525.764705882353
18-25,M,0,A,2,10,0.21428571428571427,P00004697,0.07142857142857142,42.0,0.14285714285714285,5130.829367655876,4627.0
51-55,F,1,C,4,5,0.2727272727272727,P00001282,0.09090909090909091,4.0,0.18181818181818182,2224.2900930817946,1340.2727272727273
26-35,M,0,A,3,10,0.3,P00001976,0.1,4.0,0.1,3742.8557858049157,2441.1
36-45,M,1,B,4,11,0.21428571428571427,P00000953,0.07142857142857142,7.0,0.14285714285714285,4147.692574469291,5353.0
55+,F,1,C,2,10,0.26666666666666666,P00012615,0.06666666666666667,18.0,0.13333333333333333,5561.549452651276,4033.8
51-55,F,1,C,2,4,0.15384615384615385,P00002387,0.07692307692307693,40.0,0.15384615384615385,6635.023378313692,4486.307692307692
36-45,M,0,B,5+,3,0.2,P00004911,0.1,4.0,0.1,8478.398512953048,6699.7
55+,F,1,C,2,17,0.2857142857142857,P00000285,0.07142857142857142,30.0,0.21428571428571427,9563.902174149593,5822.785714285715
36-45,M,0,B,1,10,0.18181818181818182,P00002084,0.09090909090909091,16.0,0.18181818181818182,7621.894593865753,4798.0
26-35,M,0,B,4,10,0.18181818181818182,P00020941,0.09090909090909091,4.0,0.09090909090909091,9351.869635143941,6315.454545454545
26-35,M,0,A,3,5,0.3684210526315789,P00003913,0.05263157894736842,30.0,0.10526315789473684,7528.8656065596915,3469.8947368421054
46-50,F,1,B,1,16,0.2,P00006098,0.1,13.0,0.2,10273.894945172666,7837.7
55+,F,1,C,3,16,0.2,P00045685,0.1,14.0,0.1,10492.258629844937,9296.4
55+,F,1,C,1,8,0.14285714285714285,P00001853,0.07142857142857142,21.0,0.21428571428571427,7376.380042234303,4989.285714285715
18-25,M,0,A,2,10,0.3,P00008564,0.1,44.0,0.2,5281.611605897916,2488.4
0-17,M,0,A,2,10,0.15789473684210525,P00004150,0.05263157894736842,36.0,0.15789473684210525,6628.82549068573,5050.9473684210525
36-45,F,1,B,1,16,0.3333333333333333,P00008270,0.06666666666666667,18.0,0.13333333333333333,8544.488720528461,6257.066666666667
18-25,M,0,A,2,17,0.38461538461538464,P00005989,0.07692307692307693,6.0,0.15384615384615385,8854.584466643428,5031.076923076923
51-55,F,1,C,1,4,0.2222222222222222,P00004907,0.05555555555555555,6.0,0.1111111111111111,7200.344314797313,4982.388888888889
51-55,F,1,C,1,9,0.18181818181818182,P00002627,0.09090909090909091,30.0,0.18181818181818182,8122.816302915454,7463.090909090909
46-50,F,1,B,3,17,0.17647058823529413,P00011630,0.058823529411764705,40.0,0.23529411764705882,8777.066217689478,4710.470588235294
51-55,F,1,C,2,17,0.23076923076923078,P00002538,0.07692307692307693,10.0,0.15384615384615385,8216.867894763796,5392.0
36-45,M,0,B,1,2,0.2,P00006469,0.1,12.0,0.3,6405.569806382914,4192.9
36-45,M,0,A,5+,11,0.29411764705882354,P00016734,0.058823529411764705,14.0,0.17647058823529413,3335.1676163892816,7079.176470588235
0-17,M,0,A,5+,4,0.15789473684210525,P00004189,0.05263157894736842,20.0,0.15789473684210525,8498.194450133551,6865.631578947368
26-35,M,0,A,2,11,0.21428571428571427,P00007992,0.07142857142857142,7.0,0.14285714285714285,8984.375490291435,7602.785714285715
26-35,M,0,B,2,5,0.16666666666666666,P00006213,0.08333333333333333,44.0,0.25,3069.1729847967285,1899.5833333333333
0-17,M,0,A,3,17,0.25,P00001110,0.05,4.0,0.15,5716.700073146727,2866.4
36-45,M,0,B,1,4,0.15789473684210525,P00011826,0.05263157894736842,4.0,0.10526315789473684,8607.83063289923,5044.263157894737
26-35,M,0,B,2,17,0.38461538461538464,P00009405,0.07692307692307693,44.0,0.23076923076923078,4222.4383358434025,2570.0
36-45,F,1,B,2,16,0.2727272727272727,P00001409,0.09090909090909091,4.0,0.18181818181818182,3116.2735059099614,2426.818181818182
36-45,F,1,B,2,17,0.3333333333333333,P00011826,0.08333333333333333,30.0,0.16666666666666666,3398.7136559515448,1996.1666666666667
26-35,M,0,A,5+,7,0.18181818181818182,P00000953,0.09090909090909091,14.0,0.18181818181818182,4002.6903475265003,5425.727272727273
0-17,M,0,A,5+,10,0.21428571428571427,P00019774,0.07142857142857142,30.0,0.14285714285714285,6529.587455204565,3660.785714285714
51-55,F,1,C,2,3,0.25,P00005261,0.08333333333333333,20.0,0.16666666666666666,6809.519345717212,3953.0833333333335
55+,F,1,C,1,16,0.21428571428571427,P00001229,0.07142857142857142,8.0,0.07142857142857142,5041.551110957382,3860.714285714286
46-50,F,1,B,2,10,0.2,P00001976,0.06666666666666667,30.0,0.13333333333333333,8309.821456451109,6218.733333333334
46-50,F,1,C,2,5,0.2,P00011630,0.1,4.0,0.2,4109.256603490871,3004.5
26-35,M,0,B,2,17,0.2631578947368421,P00000205,0.05263157894736842,8.0,0.10526315789473684,6491.680422028982,2935.4210526315787
18-25,M,0,A,1,12,0.21052631578947367,P00004405,0.05263157894736842,6.0,0.10526315789473684,4555.527899645051,3525.0
46-50,F,1,B,5+,3,0.21428571428571427,P00018406,0.07142857142857142,14.0,0.14285714285714285,4875.177341941995,7719.5
18-25,M,0,A,2,16,0.2857142857142857,P00001575,0.07142857142857142,8.0,0.14285714285714285,6523.068788773956,3291.5
51-55,F,1,C,1,7,0.15789473684210525,P00027776,0.10526315789473684,7.0,0.10526315789473684,4651.428194808771,7553.1578947368425
18-25,M,0,A,1,10,0.3,P00005254,0.1,45.0,0.2,6384.666318610552,3833.0
0-17,M,0,A,2,1,0.21428571428571427,P00002379,0.07142857142857142,20.0,0.14285714285714285,6880.543464990711,4267.285714285715
55+,F,1,C,3,17,0.21428571428571427,P00008171,0.07142857142857142,35.0,0.21428571428571427,9897.74320625278,8082.5
26-35,M,0,B,2,10,0.2,P00006603,0.1,30.0,0.3,5089.297746797249,3403.0
55+,F,1,C,2,16,0.3,P00024478,0.1,36.0,0.2,4118.537744825893,3270.4
26-35,M,0,B,4,10,0.3,P00029019,0.1,7.0,0.1,7219.492479084354,4439.9
51-55,F,1,C,3,4,0.26666666666666666,P00015001,0.06666666666666667,20.0,0.13333333333333333,5134.765370445257,3546.133333333333
36-45,F,1,B,1,17,0.36363636363636365,P00012393,0.09090909090909091,44.0,0.18181818181818182,1022.7624802020707,920.0909090909091
0-17,M,0,A,5+,4,0.2222222222222222,P00004606,0.05555555555555555,28.0,0.1111111111111111,9018.311616832758,8463.777777777777
36-45,M,0,A,5+,3,0.16666666666666666,P00000070,0.05555555555555555,10.0,0.16666666666666666,6119.577364833539,7925.777777777777
0-17,M,0,A,3,17,0.23076923076923078,P00003982,0.07692307692307693,30.0,0.15384615384615385,9591.7145983342,7679.538461538462
46-50,F,1,B,1,1,0.3,P00018329,0.1,7.0,0.2,3060.129490724208,6359.5
18-25,M,0,A,2,1,0.21052631578947367,P00013748,0.05263157894736842,18.0,0.15789473684210525,2810.545068984897,2582.157894736842
46-50,M,1,B,2,18,0.225,P00003382,0.05,10.0,0.075,8403.771741391496,10984.825
36-45,F,1,B,3,3,0.11764705882352941,P00001575,0.058823529411764705,20.0,0.11764705882352941,6422.887628263016,4946.882352941177
0-17,M,0,A,2,5,0.15384615384615385,P00023709,0.07692307692307693,18.0,0.23076923076923078,3022.0318389946583,2392.5384615384614
26-35,M,0,B,1,17,0.2727272727272727,P00000247,0.09090909090909091,20.0,0.18181818181818182,2000.7073794490334,1345.7272727272727
0-17,M,0,A,1,16,0.2,P00012592,0.1,30.0,0.2,7720.546011203554,5658.6
36-45,F,1,B,2,4,0.2,P00000404,0.1,30.0,0.2,10172.359401283897,7812.7
55+,F,1,C,1,11,0.1875,P00004002,0.0625,42.0,0.25,6188.7492136268265,5180.8125
55+,F,1,C,1,4,0.2,P00010737,0.1,40.0,0.2,4544.845427025605,3662.8
51-55,F,1,C,3,7,0.23076923076923078,P00004752,0.07692307692307693,20.0,0.15384615384615385,3565.3157841943885,8192.153846153846
46-50,F,1,B,1,3,0.15384615384615385,P00012615,0.07692307692307693,28.0,0.15384615384615385,9501.905626012132,6674.7692307692305
36-45,M,0,B,2,12,0.14285714285714285,P00000947,0.07142857142857142,20.0,0.14285714285714285,6487.24813057835,5261.0
51-55,F,1,B,5+,12,0.3,P00013941,0.1,10.0,0.2,4089.3358344194066,5575.7
51-55,F,1,C,2,9,0.3076923076923077,P00004405,0.07692307692307693,18.0,0.23076923076923078,3364.6350013497295,7501.2307692307695
0-17,M,0,A,1,5,0.36363636363636365,P00029141,0.09090909090909091,12.0,0.18181818181818182,6493.287720267893,4283.272727272727
51-55,F,1,C,1,10,0.2857142857142857,P00006275,0.07142857142857142,4.0,0.14285714285714285,2994.2810214081164,1577.2857142857142
51-55,F,1,C,1,16,0.26666666666666666,P00019487,0.06666666666666667,4.0,0.06666666666666667,3106.911108817766,1410.2666666666667
36-45,F,1,B,2,5,0.36363636363636365,P00007305,0.09090909090909091,4.0,0.18181818181818182,5133.314513149286,3091.909090909091
0-17,M,0,A,2,15,0.2,P00000936,0.05,10.0,0.1,9941.166235195418,5277.7
36-45,F,1,B,1,10,0.21052631578947367,P00000070,0.05263157894736842,8.0,0.15789473684210525,8221.911043700626,5008.105263157895
51-55,F,1,C,1,10,0.35714285714285715,P00031814,0.07142857142857142,3.0,0.14285714285714285,6504.166025887384,4220.0
46-50,F,1,B,2,17,0.16666666666666666,P00000247,0.08333333333333333,12.0,0.16666666666666666,6301.603780351908,4350.25
36-45,F,1,B,1,5,0.3333333333333333,P00000518,0.06666666666666667,28.0,0.13333333333333333,8133.056953539905,4372.533333333334
26-35,M,0,A,2,3,0.15384615384615385,P00001794,0.07692307692307693,18.0,0.15384615384615385,4469.240779039057,3285.153846153846
26-35,M,0,B,2,5,0.23529411764705882,P00003227,0.058823529411764705,16.0,0.17647058823529413,6915.142125097222,3372.1176470588234
46-50,F,1,B,2,10,0.2727272727272727,P00001575,0.09090909090909091,7.0,0.09090909090909091,9362.081910072624,7538.090909090909
36-45,M,0,B,2,5,0.2857142857142857,P00000205,0.07142857142857142,4.0,0.14285714285714285,6226.788034835394,3431.0
0-17,M,0,A,3,10,0.21428571428571427,P00001576,0.07142857142857142,18.0,0.14285714285714285,5292.10285174113,4506.142857142857
36-45,M,0,B,2,4,0.26666666666666666,P00000404,0.06666666666666667,28.0,0.13333333333333333,9511.810447068023,6389.466666666666
51-55,F,1,C,2,4,0.16666666666666666,P00005873,0.08333333333333333,30.0,0.16666666666666666,3588.673085577943,2279.1666666666665
46-50,F,1,B,1,12,0.29411764705882354,P00001409,0.058823529411764705,40.0,0.11764705882352941,3562.5504114080304,7526.058823529412
55+,F,1,C,2,4,0.2,P00000772,0.06666666666666667,18.0,0.13333333333333333,4183.359521450946,3095.8
51-55,F,1,C,1,11,0.3,P00008564,0.1,18.0,0.2,9424.53692113187,6921.2
51-55,F,1,C,1,10,0.35714285714285715,P00012072,0.07142857142857142,4.0,0.07142857142857142,8079.715244955137,3416.8571428571427
36-45,F,1,B,2,2,0.18181818181818182,P00028337,0.09090909090909091,20.0,0.18181818181818182,4443.01040450565,4331.363636363636
26-35,M,0,B,2,8,0.11764705882352941,P00025982,0.11764705882352941,10.0,0.17647058823529413,5530.8054992549,4519.705882352941
0-17,M,0,A,1,5,0.26666666666666666,P00017709,0.06666666666666667,42.0,0.2,1573.005061596918,1157.2666666666667
18-25,M,0,A,1,16,0.21428571428571427,P00029964,0.07142857142857142,6.0,0.14285714285714285,9946.515247358448,7765.785714285715
51-55,F,1,C,2,17,0.25,P00014882,0.05,7.0,0.15,7688.253253811092,5910.1
36-45,M,1,A,3,13,0.15151515151515152,P00008604,0.030303030303030304,20.0,0.12121212121212122,8926.658703772446,11598.363636363636
46-50,F,1,B,2,12,0.14285714285714285,P00000337,0.07142857142857142,7.0,0.07142857142857142,9162.089721860868,7412.071428571428
26-35,M,0,A,5+,1,0.12195121951219512,P00004405,0.04878048780487805,27.0,0.0975609756097561,5274.858398631168,6028.219512195122
36-45,M,1,B,1,12,0.3,P00000936,0.1,9.0,0.1,3809.9709374802906,7676.1
36-45,M,0,A,5+,12,0.3,P00010301,0.1,7.0,0.1,6650.821838105591,8744.3
55+,F,1,C,1,1,0.13333333333333333,P00004622,0.06666666666666667,20.0,0.13333333333333333,6847.959048052895,5376.466666666666
51-55,F,1,C,2,4,0.16666666666666666,P00001110,0.08333333333333333,36.0,0.25,4571.253765918519,2489.4166666666665
0-17,M,0,A,2,5,0.3,P00007801,0.1,20.0,0.2,1335.1926036676841,975.8
55+,F,1,C,2,17,0.36363636363636365,P00006349,0.09090909090909091,24.0,0.18181818181818182,2441.9965192440386,2085.0
26-35,M,0,A,1,17,0.23076923076923078,P00003492,0.15384615384615385,9.0,0.15384615384615385,6452.186746188637,6888.846153846154
36-45,F,1,B,1,12,0.25,P00026645,0.0625,20.0,0.125,2937.934352993613,7616.4375
46-50,F,1,C,1,10,0.2857142857142857,P00075990,0.14285714285714285,40.0,0.2857142857142857,6929.244097175519,3780.285714285714
36-45,M,0,B,2,5,0.3333333333333333,P00000936,0.06666666666666667,28.0,0.13333333333333333,3383.3809900467204,2478.733333333333
55+,F,1,C,2,3,0.15384615384615385,P00002538,0.07692307692307693,10.0,0.15384615384615385,7738.322712153836,5117.692307692308
51-55,F,1,C,1,5,0.15384615384615385,P00008564,0.07692307692307693,7.0,0.15384615384615385,7087.408990054665,4192.2307692307695
26-35,M,0,B,2,3,0.16666666666666666,P00002538,0.05555555555555555,18.0,0.1111111111111111,6168.572748345762,4943.111111111111
36-45,M,1,B,3,3,0.25,P00013941,0.08333333333333333,18.0,0.25,4732.421748540656,5406.166666666667
55+,F,1,C,1,17,0.2727272727272727,P00004232,0.09090909090909091,4.0,0.18181818181818182,3995.0386572256434,3293.4545454545455
0-17,M,0,A,1,3,0.2,P00008948,0.1,36.0,0.2,11114.973158861978,9973.1
0-17,M,0,A,2,15,0.3157894736842105,P00001085,0.05263157894736842,42.0,0.21052631578947367,3400.814150889297,2056.0
51-55,F,1,B,4,1,0.13333333333333333,P00003451,0.06666666666666667,7.0,0.13333333333333333,6770.010599977634,5892.666666666667
36-45,M,0,B,2,15,0.1875,P00008291,0.0625,30.0,0.125,8542.285935275171,6139.25
18-25,M,0,A,2,16,0.29411764705882354,P00004405,0.058823529411764705,16.0,0.11764705882352941,5267.340205985202,2784.705882352941
36-45,F,1,B,2,10,0.17647058823529413,P00000936,0.058823529411764705,4.0,0.058823529411764705,8963.183187924596,5963.117647058823
18-25,M,0,A,2,10,0.16666666666666666,P00006172,0.05555555555555555,16.0,0.1111111111111111,7255.984695993834,4332.444444444444
18-25,M,0,A,2,3,0.2727272727272727,P00013678,0.09090909090909091,42.0,0.18181818181818182,4479.6075132456945,3583.4545454545455
26-35,M,0,B,2,10,0.18181818181818182,P00009771,0.09090909090909091,9.0,0.18181818181818182,4394.392116405553,3965.5454545454545
51-55,F,1,C,2,17,0.2727272727272727,P00006980,0.09090909090909091,20.0,0.18181818181818182,5303.143064602007,3510.181818181818
51-55,F,1,B,1,7,0.11764705882352941,P00000809,0.058823529411764705,28.0,0.11764705882352941,5714.455786964885,7570.235294117647
36-45,M,1,B,2,9,0.36363636363636365,P00013324,0.09090909090909091,10.0,0.18181818181818182,4619.885372446535,10169.363636363636
0-17,M,0,A,4,4,0.15789473684210525,P00002274,0.05263157894736842,8.0,0.10526315789473684,7766.9174599972,4199.0526315789475
18-25,M,0,A,1,4,0.36363636363636365,P00003913,0.09090909090909091,42.0,0.2727272727272727,1429.999307056412,760.2727272727273
51-55,F,1,C,5+,16,0.4,P00011826,0.1,6.0,0.2,3097.410755597147,2513.5
26-35,M,0,A,2,10,0.23529411764705882,P00054908,0.11764705882352941,32.0,0.11764705882352941,4372.383775739836,2763.4117647058824
36-45,M,0,B,3,20,0.2727272727272727,P00001229,0.09090909090909091,42.0,0.18181818181818182,9114.76221402302,7057.272727272727
0-17,M,0,A,2,15,0.2,P00003072,0.06666666666666667,7.0,0.13333333333333333,7342.075256129337,4893.933333333333
26-35,M,0,A,3,6,0.16666666666666666,P00014343,0.08333333333333333,9.0,0.25,7288.9594110170865,10775.25
46-50,F,1,B,3,15,0.2,P00013748,0.1,7.0,0.2,11952.933368006365,8426.9
51-55,F,1,C,1,4,0.15384615384615385,P00001457,0.07692307692307693,12.0,0.15384615384615385,7260.990421246671,5769.307692307692
0-17,M,0,A,3,10,0.2631578947368421,P00004649,0.05263157894736842,4.0,0.15789473684210525,9023.032288123246,5333.684210526316
26-35,M,0,B,2,11,0.14285714285714285,P00001229,0.07142857142857142,36.0,0.21428571428571427,7540.638948938065,5829.285714285715
55+,F,1,C,1,17,0.2,P00003227,0.06666666666666667,6.0,0.13333333333333333,7225.92014572407,4886.666666666667
46-50,F,1,B,1,5,0.16666666666666666,P00055576,0.1111111111111111,36.0,0.1111111111111111,4685.897945839573,3696.8333333333335
36-45,M,1,B,3,12,0.18181818181818182,P00016633,0.09090909090909091,20.0,0.2727272727272727,6134.924913225027,6461.090909090909
46-50,F,1,B,2,5,0.15789473684210525,P00095675,0.10526315789473684,30.0,0.15789473684210525,5197.878412227829,3251.1052631578946
26-35,M,0,B,3,5,0.3,P00003936,0.1,4.0,0.1,8641.263917969407,7108.1
0-17,M,0,A,1,15,0.25,P00027939,0.0625,36.0,0.125,3466.557278121912,2390.8125
18-25,M,0,A,2,5,0.3,P00022151,0.1,5.0,0.1,537.818391487519,567.2
46-50,F,1,B,1,3,0.17647058823529413,P00011129,0.058823529411764705,18.0,0.11764705882352941,3460.037068400551,5265.529411764706
18-25,M,0,A,1,14,0.2,P00001575,0.06666666666666667,10.0,0.13333333333333333,8108.078051871362,11172.466666666667
51-55,F,1,B,5+,20,0.21875,P00010301,0.03125,21.0,0.09375,9241.265852874705,13346.78125
0-17,M,0,A,2,16,0.2,P00012904,0.1,28.0,0.2,10077.259054149816,7603.4
36-45,F,1,B,1,5,0.23076923076923078,P00009145,0.07692307692307693,36.0,0.15384615384615385,8996.353850453199,6227.538461538462
55+,F,1,C,2,12,0.2727272727272727,P00003161,0.09090909090909091,40.0,0.2727272727272727,7208.933032892404,8355.545454545454
26-35,M,0,B,1,5,0.17647058823529413,P00012964,0.058823529411764705,20.0,0.17647058823529413,3465.704375185003,2349.235294117647
36-45,M,0,B,1,4,0.2727272727272727,P00019514,0.09090909090909091,12.0,0.18181818181818182,4759.575175847678,3204.3636363636365
0-17,M,0,A,2,5,0.18181818181818182,P00005627,0.09090909090909091,14.0,0.18181818181818182,9235.530594591539,5776.818181818182
51-55,F,1,C,2,5,0.15789473684210525,P00001976,0.05263157894736842,40.0,0.10526315789473684,6245.766292841521,5872.8421052631575
18-25,M,0,A,3,16,0.2,P00004082,0.1,4.0,0.1,9198.274094753984,6326.1
46-50,F,1,B,1,4,0.3,P00008017,0.1,30.0,0.2,6575.591207960735,3534.05
0-17,M,0,A,5+,5,0.15789473684210525,P00002370,0.05263157894736842,6.0,0.10526315789473684,6862.213319995438,5274.263157894737
55+,F,1,C,3,10,0.23076923076923078,P00050923,0.15384615384615385,20.0,0.15384615384615385,7706.947672267986,3355.3846153846152
26-35,M,0,A,2,17,0.2727272727272727,P00011771,0.09090909090909091,4.0,0.18181818181818182,2959.0391100060597,3132.6363636363635
46-50,F,1,B,3,17,0.17647058823529413,P00002052,0.058823529411764705,36.0,0.17647058823529413,7774.758651918929,5238.705882352941
26-35,M,0,A,2,3,0.3076923076923077,P00002815,0.07692307692307693,20.0,0.15384615384615385,4483.474505450616,8633.153846153846
51-55,F,1,C,1,3,0.3,P00021890,0.1,36.0,0.4,2471.080195649937,1949.0
0-17,M,0,A,1,15,0.2,P00005758,0.1,4.0,0.3,8714.806099073257,4408.3
51-55,F,1,B,5+,9,0.3,P00005057,0.1,7.0,0.1,5280.343529439054,8364.7
51-55,F,1,C,1,5,0.26666666666666666,P00002352,0.06666666666666667,42.0,0.13333333333333333,7521.803122225668,3696.0666666666666
51-55,F,1,C,5+,6,0.2,P00004604,0.1,3.0,0.1,3454.3509842258677,5123.5
46-50,F,1,B,1,5,0.3,P00010292,0.1,4.0,0.2,5693.48944848412,3638.9
51-55,F,1,C,1,4,0.16666666666666666,P00014020,0.08333333333333333,27.0,0.16666666666666666,7520.643339663452,4298.666666666667
36-45,M,1,B,2,11,0.2727272727272727,P00002733,0.09090909090909091,45.0,0.18181818181818182,4312.183587338216,7082.090909090909
36-45,F,1,B,2,17,0.2,P00002627,0.05,12.0,0.15,6992.8504832849785,3710.25
36-45,M,0,B,5+,5,0.2,P00000205,0.06666666666666667,36.0,0.26666666666666666,8019.3873284565525,4459.533333333334
46-50,F,1,B,1,10,0.14285714285714285,P00005460,0.07142857142857142,6.0,0.14285714285714285,7876.141215059594,5252.142857142857
55+,F,1,C,3,10,0.2,P00002352,0.1,5.0,0.1,8593.49806927695,5491.2
46-50,F,1,B,5+,10,0.16666666666666666,P00023823,0.08333333333333333,5.0,0.08333333333333333,3266.7022153291477,2739.5
36-45,M,1,B,1,12,0.2727272727272727,P00010273,0.09090909090909091,21.0,0.18181818181818182,7607.562309367508,8534.90909090909
55+,F,1,C,4,11,0.25,P00001853,0.08333333333333333,28.0,0.16666666666666666,7087.956999322331,7470.333333333333
46-50,F,1,B,2,4,0.23529411764705882,P00000205,0.058823529411764705,6.0,0.17647058823529413,1784.4891405237124,882.3529411764706
26-35,M,0,B,2,4,0.18181818181818182,P00003936,0.09090909090909091,4.0,0.18181818181818182,6156.203424189294,3496.0
46-50,F,1,B,1,10,0.2727272727272727,P00000770,0.09090909090909091,16.0,0.18181818181818182,8365.371245361874,4901.545454545455
0-17,M,0,A,1,11,0.23076923076923078,P00012617,0.07692307692307693,14.0,0.15384615384615385,5163.181841729887,4744.692307692308
0-17,M,0,A,1,12,0.26666666666666666,P00012967,0.06666666666666667,14.0,0.13333333333333333,8923.79254630697,8167.133333333333
0-17,M,0,A,1,15,0.1875,P00002274,0.0625,36.0,0.125,6526.411418229777,4359.0
46-50,F,1,B,3,5,0.25,P00002346,0.08333333333333333,4.0,0.08333333333333333,4219.311530081512,2454.8333333333335
18-25,M,0,A,1,10,0.4,P00033405,0.1,44.0,0.2,2712.9864725058987,1601.4
36-45,M,0,A,4,2,0.2,P00001156,0.1,30.0,0.2,6697.84771815212,7723.5
26-35,M,0,A,2,6,0.17647058823529413,P00003745,0.058823529411764705,7.0,0.11764705882352941,7279.053565459148,11149.941176470587
18-25,M,0,A,3,4,0.3333333333333333,P00001029,0.08333333333333333,28.0,0.16666666666666666,4821.931848336308,1834.25
26-35,M,0,B,2,17,0.23529411764705882,P00006540,0.058823529411764705,18.0,0.11764705882352941,6999.227108066583,4341.117647058823
46-50,F,1,B,2,5,0.2857142857142857,P00006275,0.07142857142857142,20.0,0.14285714285714285,3803.2500423473844,2187.5
18-25,M,0,A,2,17,0.35714285714285715,P00012510,0.07142857142857142,18.0,0.14285714285714285,7023.884730602518,4671.642857142857
51-55,F,1,C,1,4,0.17647058823529413,P00010326,0.058823529411764705,12.0,0.11764705882352941,6907.102497025201,4321.823529411765
18-25,M,0,A,2,16,0.3,P00002084,0.1,28.0,0.2,10807.206526202783,8926.7
46-50,F,1,B,2,3,0.23076923076923078,P00012963,0.07692307692307693,27.0,0.15384615384615385,4270.392965164105,6257.923076923077
46-50,F,1,C,5+,15,0.2222222222222222,P00003088,0.05555555555555555,20.0,0.1111111111111111,5866.393148704185,3142.1111111111113
18-25,M,0,A,2,5,0.17647058823529413,P00011594,0.058823529411764705,18.0,0.17647058823529413,7832.153433405896,5433.823529411765
36-45,F,1,B,3,5,0.15789473684210525,P00005460,0.05263157894736842,16.0,0.10526315789473684,4159.952116093061,1807.0526315789473
26-35,M,0,B,2,5,0.1875,P00000070,0.0625,20.0,0.125,6363.953968773396,4785.375
51-55,F,1,C,5+,4,0.2,P00005758,0.1,20.0,0.2,3484.4406788528404,1716.2
0-17,M,0,A,2,3,0.2,P00004649,0.1,6.0,0.2,6781.345789082808,4532.6
51-55,F,1,C,2,16,0.25,P00019639,0.05,6.0,0.1,5484.053839614403,4161.1
46-50,F,1,B,2,11,0.2,P00009821,0.1,7.0,0.1,7841.078483785817,8742.3
18-25,M,0,A,2,5,0.26666666666666666,P00003072,0.06666666666666667,18.0,0.13333333333333333,8466.792147364116,5047.133333333333
18-25,M,0,A,2,4,0.2,P00011594,0.06666666666666667,4.0,0.06666666666666667,5414.749264739781,3128.8
26-35,M,0,A,1,10,0.36363636363636365,P00001457,0.09090909090909091,8.0,0.18181818181818182,172.14592118844462,275.27272727272725
55+,F,1,C,1,3,0.3,P00003382,0.1,3.0,0.1,8933.725787399366,5423.0
46-50,F,1,B,2,3,0.2222222222222222,P00017642,0.05555555555555555,42.0,0.2222222222222222,6017.613508681766,9167.888888888889
36-45,M,0,B,2,3,0.16666666666666666,P00012412,0.08333333333333333,4.0,0.16666666666666666,8332.704466120047,5650.416666666667
55+,F,1,C,3,10,0.25,P00003088,0.08333333333333333,18.0,0.25,4168.990469871428,3285.4166666666665
36-45,M,0,A,5+,8,0.14285714285714285,P00021068,0.07142857142857142,10.0,0.07142857142857142,5849.2266643915045,6716.571428571428
36-45,M,0,B,3,20,0.21428571428571427,P00022507,0.07142857142857142,6.0,0.14285714285714285,11765.89916609917,9661.57142857143
51-55,F,1,C,2,15,0.2222222222222222,P00004008,0.05555555555555555,28.0,0.1111111111111111,8620.085801894673,5003.055555555556
55+,F,1,C,2,17,0.2,P00005254,0.1,20.0,0.2,4527.67848728358,3884.8
55+,F,1,C,4,17,0.1875,P00004358,0.0625,10.0,0.125,8482.056353463666,5717.625
51-55,F,1,C,3,3,0.13333333333333333,P00004855,0.06666666666666667,10.0,0.13333333333333333,6738.69892769333,7470.333333333333
26-35,M,0,B,1,10,0.1875,P00015866,0.0625,3.0,0.125,3937.7210583449573,3292.75
46-50,F,1,B,3,3,0.2727272727272727,P00011594,0.09090909090909091,30.0,0.18181818181818182,7267.828452721061,11421.272727272728
18-25,M,0,A,2,3,0.21428571428571427,P00002084,0.07142857142857142,3.0,0.07142857142857142,3421.8191261181723,2322.1428571428573
51-55,F,1,C,2,4,0.21428571428571427,P00003227,0.07142857142857142,18.0,0.07142857142857142,7216.8781099479675,3443.5
51-55,F,1,C,2,10,0.23076923076923078,P00017490,0.07692307692307693,14.0,0.15384615384615385,6616.666542982625,5113.846153846154
36-45,F,1,B,1,4,0.11764705882352941,P00004008,0.058823529411764705,40.0,0.17647058823529413,4051.898210751859,3646.1176470588234
55+,F,1,C,1,17,0.23076923076923078,P00000215,0.07692307692307693,5.0,0.07692307692307693,7213.290841857881,3807.5384615384614
0-17,M,0,A,1,17,0.2857142857142857,P00017709,0.07142857142857142,32.0,0.14285714285714285,4823.232197931678,3969.714285714286
26-35,M,0,B,1,10,0.3,P00017122,0.1,36.0,0.2,3914.2655391671005,2251.4
46-50,F,1,C,1,5,0.5,P00000936,0.1,20.0,0.2,1437.893014873576,986.9
55+,F,1,C,5+,10,0.3,P00026772,0.1,9.0,0.2,9813.20312923133,7311.1
0-17,M,0,A,1,15,0.2,P00017122,0.1,44.0,0.2,3812.356075243293,2256.8
26-35,M,0,A,4,1,0.15384615384615385,P00023511,0.07692307692307693,18.0,0.15384615384615385,4435.031024954356,6308.7692307692305
36-45,M,0,B,2,5,0.23076923076923078,P00007348,0.07692307692307693,18.0,0.15384615384615385,2514.0370639619377,1654.2307692307693
46-50,F,1,B,2,17,0.3076923076923077,P00019552,0.07692307692307693,30.0,0.15384615384615385,9327.6061546853,5995.076923076923
51-55,F,1,C,2,4,0.23076923076923078,P00000101,0.07692307692307693,20.0,0.15384615384615385,7646.111957335084,5577.692307692308
55+,F,1,C,1,9,0.15384615384615385,P00007652,0.07692307692307693,4.0,0.07692307692307693,6435.088491810808,6169.692307692308
51-55,F,1,C,1,10,0.23076923076923078,P00007781,0.07692307692307693,28.0,0.15384615384615385,6068.37160496104,3445.4615384615386
46-50,F,1,B,2,10,0.2857142857142857,P00001455,0.07142857142857142,24.0,0.2857142857142857,7474.700901436396,4205.785714285715
0-17,M,0,A,4,5,0.15789473684210525,P00012789,0.05263157894736842,45.0,0.15789473684210525,5565.719612684199,4638.8421052631575
46-50,F,1,B,1,10,0.29411764705882354,P00019487,0.058823529411764705,24.0,0.11764705882352941,7520.227266493073,4293.470588235294
46-50,F,1,B,3,8,0.2857142857142857,P00067334,0.14285714285714285,27.0,0.21428571428571427,4130.7616677852475,6190.428571428572
55+,F,1,C,2,5,0.2222222222222222,P00005989,0.05555555555555555,18.0,0.1111111111111111,3474.603494094897,1905.5
36-45,M,0,A,2,8,0.25,P00003708,0.08333333333333333,14.0,0.16666666666666666,5108.517388547377,6596.5
46-50,F,1,C,3,4,0.21052631578947367,P00016193,0.10526315789473684,20.0,0.21052631578947367,4376.256232007803,2860.9473684210525
0-17,M,0,A,2,4,0.16666666666666666,P00001621,0.08333333333333333,4.0,0.16666666666666666,6741.914687912545,4555.75
51-55,F,1,C,3,5,0.3076923076923077,P00000743,0.07692307692307693,36.0,0.23076923076923078,9052.583343571474,6497.2307692307695
26-35,M,0,B,1,10,0.1875,P00004002,0.0625,4.0,0.125,5542.380733568682,4828.0625
46-50,F,1,B,1,9,0.16666666666666666,P00023185,0.08333333333333333,27.0,0.25,4354.4584144682485,7343.416666666667
51-55,F,1,C,3,10,0.35714285714285715,P00009028,0.07142857142857142,18.0,0.14285714285714285,2913.366555518407,1467.9285714285713
51-55,F,1,C,5+,5,0.2,P00000953,0.05,24.0,0.15,7364.438777881033,5266.75
26-35,M,0,B,1,4,0.2,P00004622,0.1,20.0,0.2,10369.507134971374,5920.0
18-25,M,0,A,2,5,0.25,P00005871,0.08333333333333333,16.0,0.25,11354.021261676678,6115.583333333333
46-50,F,1,B,3,10,0.15384615384615385,P00003088,0.07692307692307693,18.0,0.15384615384615385,5308.198878464647,4685.0
26-35,M,0,A,3,8,0.14285714285714285,P00002264,0.07142857142857142,20.0,0.14285714285714285,5773.213021654978,6520.142857142857
55+,F,1,C,2,9,0.17647058823529413,P00002274,0.058823529411764705,7.0,0.17647058823529413,3995.7570115796875,6619.294117647059
0-17,M,0,A,3,10,0.25,P00010042,0.08333333333333333,20.0,0.16666666666666666,5724.2360579355645,2350.0833333333335
51-55,F,1,C,3,10,0.17647058823529413,P00019639,0.058823529411764705,36.0,0.23529411764705882,3638.3949505484516,2458.764705882353
55+,F,1,C,2,5,0.21428571428571427,P00085214,0.14285714285714285,27.0,0.14285714285714285,4780.019387633679,2566.5
36-45,M,0,B,1,4,0.125,P00010017,0.0625,10.0,0.125,3671.1412025644922,2661.4375
51-55,F,1,C,1,17,0.3076923076923077,P00003235,0.07692307692307693,40.0,0.23076923076923078,2532.685351508077,1210.6153846153845
55+,F,1,C,2,17,0.4375,P00001575,0.0625,30.0,0.125,6462.361740300523,3865.9375
55+,F,1,C,2,4,0.25,P00002469,0.0625,44.0,0.1875,4572.667952082242,2480.75
36-45,M,0,A,1,11,0.29411764705882354,P00000370,0.058823529411764705,21.0,0.17647058823529413,6482.050245848599,8658.470588235294
18-25,M,0,A,1,10,0.4,P00020073,0.1,44.0,0.3,7997.138669549254,6703.3
36-45,F,1,B,2,17,0.25,P00001229,0.08333333333333333,4.0,0.16666666666666666,10257.313785339175,6084.5
55+,F,1,C,3,4,0.15,P00001282,0.05,12.0,0.1,7670.058591692764,5451.2
36-45,M,0,B,1,10,0.3,P00019538,0.1,18.0,0.2,5387.9192035928345,3035.3
26-35,M,0,B,1,17,0.25,P00006470,0.08333333333333333,40.0,0.16666666666666666,8422.941821704468,4973.75
51-55,F,1,C,3,5,0.25,P00000743,0.08333333333333333,6.0,0.08333333333333333,1853.3891805407343,1232.0
55+,F,1,C,4,9,0.2857142857142857,P00003492,0.07142857142857142,20.0,0.14285714285714285,4189.626648765252,7257.071428571428
55+,F,1,C,1,17,0.25,P00009405,0.08333333333333333,27.0,0.16666666666666666,4294.957261578732,3588.3333333333335
36-45,M,0,B,2,9,0.18181818181818182,P00007305,0.09090909090909091,4.0,0.18181818181818182,7958.915155631794,7233.363636363636
51-55,F,1,C,1,4,0.16666666666666666,P00001802,0.08333333333333333,4.0,0.16666666666666666,4283.562864973715,2818.5
51-55,F,1,B,2,3,0.15384615384615385,P00016734,0.07692307692307693,20.0,0.23076923076923078,8252.63346313909,8688.923076923076
36-45,M,0,B,3,16,0.23529411764705882,P00004002,0.058823529411764705,20.0,0.11764705882352941,3078.7677503011037,2098.8823529411766
0-17,M,0,A,1,10,0.38461538461538464,P00000743,0.07692307692307693,16.0,0.15384615384615385,8418.032493647348,3462.3076923076924
51-55,F,1,C,2,3,0.4,P00002627,0.1,30.0,0.2,8396.401620800294,7572.2
18-25,M,0,A,2,9,0.18181818181818182,P00007305,0.09090909090909091,8.0,0.18181818181818182,8457.599780939358,5437.363636363636
26-35,M,0,A,1,3,0.2,P00002675,0.1,40.0,0.2,9201.334997343229,4093.8
18-25,M,0,A,2,4,0.15384615384615385,P00003382,0.07692307692307693,21.0,0.15384615384615385,7858.705432634759,6496.923076923077
46-50,F,1,C,2,4,0.2222222222222222,P00000205,0.05555555555555555,12.0,0.1111111111111111,8342.367185136003,4111.388888888889
55+,F,1,C,1,10,0.26666666666666666,P00007348,0.06666666666666667,12.0,0.13333333333333333,6170.101467098067,4065.6
0-17,M,0,A,5+,4,0.16666666666666666,P00003227,0.08333333333333333,18.0,0.16666666666666666,5989.133151092498,3861.9166666666665
36-45,F,1,B,2,10,0.2857142857142857,P00001853,0.07142857142857142,36.0,0.14285714285714285,4196.798974440893,3280.3571428571427
51-55,F,1,C,1,5,0.21428571428571427,P00005311,0.07142857142857142,42.0,0.14285714285714285,2759.5355477979333,1934.142857142857
51-55,F,1,C,2,10,0.23076923076923078,P00004008,0.07692307692307693,12.0,0.15384615384615385,9169.029516215485,4873.538461538462
51-55,F,1,C,4,3,0.18181818181818182,P00006469,0.18181818181818182,7.0,0.18181818181818182,3222.548031943328,7100.272727272727
51-55,F,1,C,3,5,0.21428571428571427,P00011771,0.07142857142857142,6.0,0.07142857142857142,8075.949687970905,3518.1428571428573
18-25,M,0,A,4,10,0.23076923076923078,P00001790,0.07692307692307693,4.0,0.07692307692307693,10060.124225669255,8261.538461538461
0-17,M,0,A,3,15,0.23076923076923078,P00009929,0.07692307692307693,6.0,0.15384615384615385,5344.9043741895675,4780.538461538462
18-25,M,0,A,1,17,0.3333333333333333,P00003658,0.06666666666666667,36.0,0.3333333333333333,1246.5685739355897,1156.9333333333334
55+,F,1,C,2,17,0.2,P00009929,0.1,12.0,0.2,7038.912186315913,4264.9
46-50,F,1,B,2,5,0.2727272727272727,P00012025,0.09090909090909091,4.0,0.09090909090909091,1159.7386617839227,647.8181818181819
18-25,M,0,A,1,10,0.2,P00040352,0.1,6.0,0.2,3293.042470286575,1734.6
51-55,F,1,C,2,5,0.18181818181818182,P00003453,0.09090909090909091,6.0,0.09090909090909091,4741.681009937299,3582.0
36-45,F,1,B,1,7,0.2,P00000781,0.1,4.0,0.1,4962.570834646986,4957.2
0-17,M,0,A,1,10,0.21428571428571427,P00000795,0.07142857142857142,6.0,0.14285714285714285,6501.780530856803,4134.928571428572
55+,F,1,C,3,3,0.16666666666666666,P00001455,0.08333333333333333,7.0,0.08333333333333333,6599.120650212467,4271.916666666667
18-25,M,0,A,1,11,0.25,P00009532,0.08333333333333333,12.0,0.16666666666666666,4617.909879923049,4192.25
18-25,M,0,A,2,3,0.14285714285714285,P00000953,0.07142857142857142,42.0,0.21428571428571427,7818.620736407427,4589.285714285715
26-35,M,0,A,1,15,0.2727272727272727,P00005621,0.09090909090909091,18.0,0.2727272727272727,2989.925359360239,1824.6363636363637
46-50,F,1,B,2,10,0.21428571428571427,P00007362,0.07142857142857142,12.0,0.14285714285714285,7716.342222627461,5102.714285714285
51-55,F,1,C,1,17,0.36363636363636365,P00009330,0.09090909090909091,4.0,0.09090909090909091,2925.852161802997,2028.5454545454545
18-25,M,0,A,1,5,0.18181818181818182,P00019708,0.09090909090909091,12.0,0.09090909090909091,5838.348572545618,4889.636363636364
55+,F,1,C,1,4,0.17647058823529413,P00001282,0.058823529411764705,12.0,0.11764705882352941,8096.739165716472,4886.35294117647
18-25,M,0,A,3,3,0.3,P00022408,0.1,36.0,0.2,2804.4681115835297,2321.5
18-25,M,0,A,1,5,0.2727272727272727,P00001853,0.09090909090909091,4.0,0.09090909090909091,2065.6037374094767,1444.0
26-35,M,0,B,5+,17,0.2727272727272727,P00001398,0.09090909090909091,4.0,0.18181818181818182,1963.8032025082905,1407.2727272727273
36-45,F,1,B,1,15,0.23076923076923078,P00002538,0.07692307692307693,18.0,0.3076923076923077,3642.3460740403184,2347.6153846153848
46-50,F,1,C,2,3,0.1875,P00000518,0.0625,44.0,0.125,4027.7509356959995,2889.0
46-50,F,1,C,3,15,0.3,P00000101,0.1,24.0,0.2,6607.252089770586,4706.2
26-35,M,0,A,1,17,0.125,P00000925,0.0625,14.0,0.125,9578.518162838827,7331.0625
51-55,F,1,C,3,10,0.17647058823529413,P00003693,0.058823529411764705,8.0,0.11764705882352941,4276.741293974682,4077.705882352941
46-50,F,1,B,2,16,0.1875,P00000795,0.0625,18.0,0.1875,8763.823448082843,4449.3125
18-25,M,0,A,1,17,0.38461538461538464,P00013896,0.07692307692307693,6.0,0.3076923076923077,4902.405575131143,2444.3846153846152
46-50,F,1,B,2,10,0.18181818181818182,P00006613,0.09090909090909091,4.0,0.09090909090909091,3402.879753705943,2325.7272727272725
55+,F,1,C,2,17,0.2,P00019880,0.06666666666666667,44.0,0.13333333333333333,7390.601721749306,5196.666666666667
26-35,M,0,A,4,1,0.25,P00000148,0.08333333333333333,45.0,0.25,3807.3099417336966,5398.916666666667
18-25,M,0,A,1,10,0.15,P00001085,0.05,12.0,0.15,4338.740368986566,3154.9
26-35,M,0,B,2,4,0.16666666666666666,P00001455,0.08333333333333333,4.0,0.16666666666666666,3483.810192095065,1855.0
26-35,M,0,A,4,12,0.23529411764705882,P00004622,0.058823529411764705,30.0,0.17647058823529413,4727.971333862287,6159.941176470588
51-55,F,1,B,5+,6,0.2,P00007992,0.1,9.0,0.2,5292.795972934448,9357.9
36-45,M,0,B,1,17,0.26666666666666666,P00007687,0.06666666666666667,4.0,0.13333333333333333,7893.71977134807,4572.6
55+,F,1,C,4,6,0.2,P00014882,0.1,9.0,0.2,4877.614143547369,6656.8
26-35,M,0,B,2,1,0.16666666666666666,P00001383,0.08333333333333333,18.0,0.16666666666666666,5423.67000035283,4889.5
0-17,M,0,A,2,4,0.23076923076923078,P00007232,0.07692307692307693,40.0,0.15384615384615385,9428.21520347711,4533.384615384615
51-55,F,1,C,1,12,0.3333333333333333,P00003072,0.08333333333333333,40.0,0.16666666666666666,6046.216417702642,9185.333333333334
55+,F,1,C,2,5,0.3,P00004697,0.1,18.0,0.2,8645.34176176846,4783.2
36-45,M,1,B,4,6,0.2727272727272727,P00012180,0.09090909090909091,36.0,0.18181818181818182,6799.147742046926,8762.272727272728
46-50,F,1,B,1,10,0.3,P00010731,0.1,9.0,0.1,2254.6684801885076,1790.2
36-45,M,0,B,1,4,0.11764705882352941,P00007992,0.058823529411764705,20.0,0.11764705882352941,7117.960724979657,5293.588235294118
51-55,F,1,C,2,3,0.25,P00003982,0.0625,18.0,0.125,8068.895206284439,6403.375
36-45,M,0,B,1,9,0.16666666666666666,P00013633,0.08333333333333333,24.0,0.16666666666666666,4311.555547876456,3195.8333333333335
55+,F,1,C,3,14,0.2857142857142857,P00005776,0.07142857142857142,36.0,0.14285714285714285,8162.157284594652,9614.0
55+,F,1,C,3,4,0.25,P00000781,0.0625,36.0,0.1875,9385.807441513312,5746.5625
51-55,F,1,C,2,1,0.1875,P00003745,0.0625,4.0,0.0625,7035.746832841083,8602.1875
0-17,M,0,A,3,20,0.21428571428571427,P00000809,0.07142857142857142,7.0,0.21428571428571427,8812.903484333401,6172.142857142857
46-50,F,1,B,1,5,0.23529411764705882,P00001457,0.058823529411764705,4.0,0.11764705882352941,6644.27190274804,4437.35294117647
55+,F,1,C,1,10,0.3076923076923077,P00023146,0.07692307692307693,40.0,0.15384615384615385,4475.107022069345,3136.769230769231
26-35,M,0,B,1,5,0.2,P00008902,0.1,36.0,0.2,4199.75835812808,2932.4
46-50,F,1,C,2,5,0.3125,P00002892,0.0625,42.0,0.125,7885.691751520598,6280.0
18-25,M,0,A,2,17,0.2727272727272727,P00006098,0.09090909090909091,12.0,0.18181818181818182,10416.162950827038,6451.727272727273
46-50,F,1,B,2,12,0.23076923076923078,P00012502,0.07692307692307693,27.0,0.15384615384615385,4812.08713313912,6817.076923076923
55+,F,1,C,1,3,0.18181818181818182,P00003451,0.09090909090909091,36.0,0.18181818181818182,9600.487801053749,5698.727272727273
55+,F,1,C,1,10,0.36363636363636365,P00000573,0.09090909090909091,4.0,0.18181818181818182,8377.667408055777,3698.0
51-55,F,1,C,1,17,0.15789473684210525,P00005818,0.10526315789473684,28.0,0.15789473684210525,7738.283848004072,6504.631578947368
55+,F,1,C,3,11,0.21428571428571427,P00008010,0.07142857142857142,10.0,0.21428571428571427,7515.968404333873,10218.142857142857
36-45,F,1,B,1,5,0.2,P00007348,0.1,30.0,0.2,8286.436923605277,5084.0
55+,F,1,C,4,10,0.2222222222222222,P00042983,0.1111111111111111,20.0,0.1111111111111111,7471.655913836721,4298.277777777777
0-17,M,0,A,4,4,0.2,P00004898,0.1,16.0,0.2,5921.149798251462,4314.6
55+,F,1,C,2,3,0.14285714285714285,P00003982,0.07142857142857142,3.0,0.07142857142857142,5009.267372021142,3436.285714285714
36-45,F,1,B,2,5,0.16666666666666666,P00005758,0.05555555555555555,4.0,0.1111111111111111,7612.198099876586,5610.5
18-25,M,0,A,1,16,0.4,P00013668,0.1,36.0,0.3,6449.124457371455,2489.4
51-55,F,1,B,5+,12,0.2857142857142857,P00002733,0.07142857142857142,27.0,0.2857142857142857,6724.503135777164,7338.5
46-50,F,1,C,5+,4,0.21428571428571427,P00003693,0.07142857142857142,36.0,0.21428571428571427,3769.2467235029026,2355.3571428571427
51-55,F,1,C,2,4,0.17647058823529413,P00019774,0.11764705882352941,18.0,0.11764705882352941,6522.202885934637,3967.8823529411766
18-25,M,0,A,1,8,0.2,P00012072,0.1,30.0,0.2,6739.323577168392,3949.5
51-55,F,1,C,2,12,0.3684210526315789,P00001853,0.05263157894736842,36.0,0.15789473684210525,5911.952488651289,9066.684210526315
36-45,M,0,A,4,7,0.14285714285714285,P00000070,0.07142857142857142,27.0,0.14285714285714285,5979.378140789346,7557.214285714285
0-17,M,0,A,2,2,0.15384615384615385,P00000215,0.07692307692307693,10.0,0.23076923076923078,5614.984075370709,3748.0
36-45,M,0,B,1,5,0.13333333333333333,P00010106,0.06666666666666667,21.0,0.13333333333333333,4032.0736742135196,3480.6
26-35,M,0,A,1,3,0.26666666666666666,P00000070,0.06666666666666667,16.0,0.13333333333333333,8828.979001533746,6700.066666666667
46-50,F,1,B,1,3,0.15,P00004649,0.05,20.0,0.15,7023.516342859967,6560.85
26-35,M,0,B,2,17,0.2727272727272727,P00007923,0.09090909090909091,20.0,0.18181818181818182,8114.813643746064,4602.545454545455
18-25,M,0,A,2,5,0.18181818181818182,P00004358,0.09090909090909091,9.0,0.09090909090909091,8251.544538613804,5866.454545454545
26-35,M,0,A,1,3,0.18181818181818182,P00038818,0.09090909090909091,7.0,0.18181818181818182,6898.493348023703,7874.545454545455
55+,F,1,C,1,17,0.36363636363636365,P00002675,0.09090909090909091,40.0,0.18181818181818182,4417.586967811932,3286.2727272727275
26-35,M,0,A,1,3,0.2777777777777778,P00004697,0.05555555555555555,18.0,0.1111111111111111,8422.782199316576,7002.277777777777
36-45,M,0,B,1,10,0.15384615384615385,P00004270,0.07692307692307693,4.0,0.15384615384615385,11089.508397580119,7986.0
36-45,F,1,B,2,10,0.2222222222222222,P00005612,0.05555555555555555,4.0,0.1111111111111111,5293.319713088123,3375.9444444444443
51-55,F,1,C,2,16,0.29411764705882354,P00005311,0.058823529411764705,12.0,0.11764705882352941,9573.191202980515,6006.058823529412
51-55,F,1,C,2,10,0.3333333333333333,P00008415,0.08333333333333333,3.0,0.16666666666666666,7345.493132774433,3153.5
26-35,M,0,B,1,10,0.26666666666666666,P00005606,0.06666666666666667,16.0,0.2,8023.751223414028,3920.866666666667
36-45,M,1,B,5+,12,0.4,P00005818,0.1,13.0,0.1,8957.775721560445,11115.9
46-50,F,1,B,1,4,0.15384615384615385,P00039916,0.15384615384615385,6.0,0.15384615384615385,7465.830502344906,4852.384615384615
51-55,F,1,C,2,17,0.2857142857142857,P00028093,0.07142857142857142,30.0,0.21428571428571427,1000.0882625883742,723.0714285714286
26-35,M,0,A,4,3,0.1875,P00031009,0.0625,40.0,0.09375,10069.719035185672,12147.3125
55+,F,1,C,1,6,0.1875,P00000772,0.0625,18.0,0.125,5114.510716252989,6854.5
51-55,F,1,C,2,10,0.16666666666666666,P00004002,0.08333333333333333,7.0,0.08333333333333333,10591.197790089083,7793.416666666667
36-45,M,1,B,5+,12,0.375,P00013089,0.0625,40.0,0.1875,3740.764556433172,5831.0
46-50,F,1,B,3,11,0.2,P00033924,0.1,7.0,0.2,11029.332257414519,10261.4
0-17,M,0,A,2,10,0.15789473684210525,P00023688,0.05263157894736842,18.0,0.10526315789473684,6286.4510953533245,7299.526315789473
51-55,F,1,B,3,7,0.1875,P00073899,0.125,7.0,0.125,3920.935364595205,5379.5
36-45,M,0,A,3,7,0.18181818181818182,P00021132,0.09090909090909091,28.0,0.18181818181818182,7186.49579799122,6732.636363636364
51-55,F,1,C,2,5,0.2,P00001803,0.1,24.0,0.3,2697.7562693632813,1930.0
46-50,F,1,B,4,10,0.14285714285714285,P00002084,0.07142857142857142,6.0,0.14285714285714285,6431.838711347729,4335.142857142857
36-45,M,0,B,5+,4,0.2857142857142857,P00003982,0.07142857142857142,40.0,0.14285714285714285,5087.529910811984,3576.1428571428573
18-25,M,0,A,3,17,0.3,P00003088,0.1,28.0,0.3,5285.109090643257,3572.9
26-35,M,0,A,4,4,0.17647058823529413,P00013089,0.058823529411764705,20.0,0.17647058823529413,9115.197284173928,5834.176470588235
46-50,F,1,B,1,7,0.2727272727272727,P00012070,0.09090909090909091,20.0,0.18181818181818182,3582.6346120748017,7178.181818181818
51-55,F,1,C,1,17,0.4166666666666667,P00011460,0.08333333333333333,32.0,0.25,2947.6507852042364,1457.6666666666667
18-25,M,0,A,2,3,0.2,P00003088,0.1,14.0,0.1,10270.498162211996,8192.5
55+,F,1,C,5+,5,0.16666666666666666,P00011771,0.05555555555555555,27.0,0.16666666666666666,4249.997270664253,3167.722222222222
18-25,M,0,A,1,12,0.3,P00030785,0.1,5.0,0.1,8362.107706128216,4665.8
55+,F,1,C,4,15,0.3076923076923077,P00001457,0.07692307692307693,12.0,0.15384615384615385,10755.808875398565,7463.307692307692
18-25,M,0,A,3,16,0.2,P00003003,0.06666666666666667,18.0,0.2,9307.213497886363,8071.666666666667
55+,F,1,C,2,5,0.2727272727272727,P00028358,0.09090909090909091,6.0,0.18181818181818182,6445.50085366106,3978.6363636363635
46-50,F,1,C,4,16,0.15,P00003426,0.05,18.0,0.1,4779.15638448549,3816.8
51-55,F,1,C,5+,12,0.36363636363636365,P00006684,0.09090909090909091,5.0,0.09090909090909091,5676.849233349589,8189.727272727273
36-45,F,1,B,2,5,0.2,P00003982,0.05,20.0,0.15,8284.167039409702,6216.8
55+,F,1,C,2,3,0.21052631578947367,P00014993,0.05263157894736842,20.0,0.15789473684210525,9670.41062252204,8178.0526315789475
55+,F,1,C,2,10,0.2727272727272727,P00005612,0.09090909090909091,16.0,0.18181818181818182,3896.933694352756,2799.7272727272725
46-50,F,1,B,3,5,0.18181818181818182,P00000573,0.09090909090909091,4.0,0.18181818181818182,5000.12297848763,2559.0
36-45,F,1,B,2,17,0.23076923076923078,P00002469,0.07692307692307693,42.0,0.15384615384615385,2488.689730947407,1839.076923076923
51-55,F,1,C,5+,3,0.13333333333333333,P00000404,0.06666666666666667,21.0,0.2,8393.415487891742,8641.533333333333
51-55,F,1,C,2,10,0.2,P00022414,0.06666666666666667,20.0,0.2,6377.0918681824005,2607.4666666666667
55+,F,1,C,2,3,0.16666666666666666,P00015645,0.08333333333333333,21.0,0.16666666666666666,6835.726595127495,5241.083333333333
51-55,F,1,B,5+,3,0.16666666666666666,P00002815,0.08333333333333333,28.0,0.16666666666666666,7357.194541070088,8266.666666666666
26-35,M,0,B,2,15,0.23076923076923078,P00000772,0.07692307692307693,18.0,0.15384615384615385,2606.355966301787,1771.3846153846155
46-50,F,1,B,2,5,0.1875,P00000781,0.0625,24.0,0.125,3792.970654161897,2834.125
46-50,F,1,B,2,3,0.16666666666666666,P00026496,0.08333333333333333,21.0,0.16666666666666666,5506.969036566028,5922.166666666667
46-50,F,1,B,2,12,0.2727272727272727,P00001455,0.09090909090909091,27.0,0.18181818181818182,5909.488101196398,7226.272727272727
51-55,F,1,C,2,4,0.125,P00000781,0.0625,40.0,0.1875,8235.034049464115,6048.0625
0-17,M,0,A,4,15,0.25,P00001383,0.0625,30.0,0.125,8487.783845032813,4107.75
26-35,M,0,B,5+,6,0.15384615384615385,P00015158,0.07692307692307693,18.0,0.23076923076923078,5877.624032653906,4285.538461538462
46-50,F,1,C,2,10,0.21428571428571427,P00000770,0.07142857142857142,18.0,0.14285714285714285,6153.74219925933,3699.8571428571427
51-55,F,1,C,4,5,0.15789473684210525,P00000404,0.05263157894736842,6.0,0.10526315789473684,7587.970870385874,4745.526315789473
36-45,M,1,B,4,11,0.2727272727272727,P00070222,0.18181818181818182,14.0,0.18181818181818182,7400.955632398242,6760.454545454545
51-55,F,1,C,1,3,0.3,P00004752,0.1,9.0,0.1,3310.008620331171,6398.8
46-50,F,1,B,2,17,0.23076923076923078,P00005871,0.07692307692307693,20.0,0.15384615384615385,9919.855190475311,5592.0
18-25,M,0,A,2,10,0.15789473684210525,P00000573,0.05263157894736842,6.0,0.10526315789473684,9648.805886486043,7145.578947368421
51-55,F,1,C,1,4,0.21428571428571427,P00000205,0.07142857142857142,4.0,0.14285714285714285,2224.7602760104933,1247.857142857143
36-45,F,1,B,1,9,0.21052631578947367,P00001029,0.05263157894736842,40.0,0.21052631578947367,6300.146564247069,5955.210526315789
51-55,F,1,C,1,3,0.18181818181818182,P00001803,0.09090909090909091,15.0,0.09090909090909091,10220.174272664648,6457.818181818182
18-25,M,0,A,1,10,0.36363636363636365,P00000070,0.09090909090909091,45.0,0.18181818181818182,2417.5318442952967,2391.7272727272725
36-45,M,0,B,2,8,0.26666666666666666,P00003018,0.06666666666666667,12.0,0.13333333333333333,6106.177006777256,3156.266666666667
18-25,M,0,A,1,10,0.15384615384615385,P00006349,0.07692307692307693,42.0,0.15384615384615385,6376.741263453116,6886.846153846154
36-45,M,0,A,5+,6,0.16666666666666666,P00014943,0.08333333333333333,30.0,0.16666666666666666,2826.1401279354977,5478.25
26-35,M,0,B,2,4,0.3,P00003936,0.1,4.0,0.2,9195.590926573936,6226.6
55+,F,1,C,1,10,0.3125,P00015149,0.0625,12.0,0.125,5980.072752832249,4005.4375
18-25,M,0,A,2,16,0.25,P00000743,0.08333333333333333,36.0,0.16666666666666666,7722.217727362255,4222.083333333333
18-25,M,0,A,2,16,0.2727272727272727,P00003451,0.09090909090909091,20.0,0.18181818181818182,2985.1140285818833,2022.8181818181818
26-35,M,0,A,3,12,0.3,P00001282,0.1,27.0,0.2,7375.029935155819,8016.9
51-55,F,1,C,4,1,0.15384615384615385,P00001409,0.07692307692307693,7.0,0.15384615384615385,6754.009921938302,6343.2307692307695
51-55,F,1,C,4,16,0.2,P00017499,0.1,12.0,0.4,2883.7673449846816,2457.1
26-35,M,0,B,3,5,0.26666666666666666,P00000070,0.06666666666666667,8.0,0.13333333333333333,9176.681671238144,5960.933333333333
36-45,F,1,B,2,3,0.18181818181818182,P00026798,0.09090909090909091,6.0,0.09090909090909091,7842.182975306163,6905.727272727273
36-45,M,0,A,4,11,0.23076923076923078,P00001110,0.07692307692307693,36.0,0.23076923076923078,7202.3540302406045,8780.076923076924
26-35,M,0,A,3,10,0.23076923076923078,P00017572,0.07692307692307693,42.0,0.23076923076923078,8779.17148199398,5714.923076923077
0-17,M,0,A,1,5,0.2727272727272727,P00017884,0.09090909090909091,42.0,0.18181818181818182,6846.045765124699,4637.727272727273
51-55,F,1,B,1,14,0.45454545454545453,P00014882,0.18181818181818182,7.0,0.18181818181818182,3391.6333367433886,6054.090909090909
51-55,F,1,C,2,5,0.1875,P00002627,0.0625,20.0,0.1875,8394.386221110311,5055.1875
36-45,M,0,B,1,4,0.18181818181818182,P00018025,0.09090909090909091,12.0,0.18181818181818182,6705.6495502605185,5057.090909090909
46-50,F,1,C,1,10,0.2,P00004008,0.05,28.0,0.15,9119.9981192288,5372.7
18-25,M,0,A,2,5,0.2,P00021593,0.1,6.0,0.2,3995.8716139980716,2997.8
36-45,M,1,B,4,7,0.2727272727272727,P00012621,0.09090909090909091,28.0,0.18181818181818182,5521.805126455067,7088.363636363636
51-55,F,1,C,4,7,0.26666666666666666,P00013040,0.06666666666666667,10.0,0.13333333333333333,5963.125039615993,7854.666666666667
46-50,F,1,B,2,3,0.18181818181818182,P00012617,0.09090909090909091,18.0,0.18181818181818182,4545.017619727822,5708.181818181818
26-35,M,0,A,1,6,0.29411764705882354,P00001229,0.058823529411764705,9.0,0.11764705882352941,4584.6563241200665,7256.882352941177
46-50,F,1,B,2,11,0.3,P00014882,0.1,14.0,0.2,5691.084849715972,7615.1
36-45,F,1,B,3,10,0.4,P00020073,0.1,40.0,0.4,8716.28697452202,5355.2
51-55,F,1,B,1,1,0.2,P00008666,0.1,45.0,0.2,3883.182921264462,5833.6
36-45,M,0,B,1,11,0.2,P00009387,0.1,8.0,0.1,8215.89297506837,5246.4
26-35,M,0,A,3,1,0.2,P00014700,0.1,4.0,0.1,3910.271387285315,4788.9
46-50,F,1,B,2,5,0.2857142857142857,P00009954,0.07142857142857142,44.0,0.21428571428571427,5909.724934098312,3683.785714285714
18-25,M,0,A,4,16,0.2,P00094591,0.2,18.0,0.1,6247.1779940136885,4711.0
36-45,M,0,B,2,17,0.29411764705882354,P00008902,0.058823529411764705,21.0,0.11764705882352941,7057.749146484726,3937.529411764706
36-45,F,1,B,3,4,0.16666666666666666,P00000610,0.08333333333333333,28.0,0.16666666666666666,5148.314381396786,3626.3333333333335
36-45,M,0,B,4,3,0.2,P00008564,0.1,42.0,0.2,5677.555723098532,3967.9
55+,F,1,C,1,10,0.35714285714285715,P00008171,0.07142857142857142,6.0,0.14285714285714285,5282.942815959993,2753.785714285714
26-35,M,0,B,1,17,0.2727272727272727,P00002346,0.09090909090909091,20.0,0.18181818181818182,2742.7878551178214,2056.2727272727275
0-17,M,0,A,1,4,0.21428571428571427,P00010945,0.07142857142857142,6.0,0.14285714285714285,9384.267528073864,7337.5
26-35,M,0,A,2,10,0.2857142857142857,P00005394,0.07142857142857142,16.0,0.14285714285714285,3885.3626444800334,1813.5714285714287
36-45,F,1,B,1,1,0.1,P00000953,0.1,40.0,0.3,4494.497247870012,3309.8
36-45,M,0,B,1,3,0.18181818181818182,P00000221,0.09090909090909091,28.0,0.18181818181818182,9776.782730716499,7507.818181818182
55+,F,1,C,2,16,0.16666666666666666,P00019026,0.08333333333333333,4.0,0.08333333333333333,7753.281100165389,5697.0
51-55,F,1,C,2,4,0.2727272727272727,P00003426,0.09090909090909091,44.0,0.18181818181818182,7123.260731894169,3474.3636363636365
46-50,F,1,B,4,19,0.25,P00009387,0.08333333333333333,21.0,0.16666666666666666,8128.05634217155,6436.916666666667
18-25,M,0,A,2,3,0.2,P00003525,0.1,28.0,0.3,7527.0207032176195,3962.0
46-50,F,1,B,3,10,0.14285714285714285,P00001575,0.07142857142857142,24.0,0.21428571428571427,8635.12494994131,7051.142857142857
51-55,F,1,C,2,10,0.2,P00002469,0.1,3.0,0.1,2086.0997099851197,2163.0
36-45,F,1,B,1,5,0.25,P00025083,0.08333333333333333,32.0,0.16666666666666666,7967.9225401644435,4258.166666666667
55+,F,1,C,1,10,0.15384615384615385,P00003525,0.07692307692307693,20.0,0.15384615384615385,8032.677666880453,4933.0
18-25,M,0,A,3,10,0.2,P00021096,0.1,28.0,0.2,6299.571639758091,4064.8
36-45,F,1,B,1,4,0.2,P00003072,0.1,42.0,0.2,6307.711685794707,4362.6
46-50,F,1,B,2,12,0.25,P00001853,0.0625,18.0,0.125,6694.748578799157,8304.0
55+,F,1,C,1,17,0.23076923076923078,P00000215,0.07692307692307693,36.0,0.15384615384615385,3718.2282622583043,3017.923076923077
55+,F,1,C,5+,12,0.25,P00000925,0.08333333333333333,6.0,0.08333333333333333,4314.33832140169,5790.666666666667
0-17,M,0,A,2,5,0.18181818181818182,P00000148,0.09090909090909091,10.0,0.18181818181818182,8821.95520587956,6950.636363636364
46-50,F,1,B,4,12,0.15384615384615385,P00000549,0.07692307692307693,20.0,0.15384615384615385,3678.532999123567,5123.7692307692305
46-50,F,1,C,1,10,0.3,P00021202,0.1,7.0,0.2,8588.189005838192,5785.2
36-45,F,1,B,3,11,0.3333333333333333,P00000925,0.06666666666666667,27.0,0.13333333333333333,6631.842847382691,7810.133333333333
26-35,M,0,B,4,16,0.16666666666666666,P00015506,0.08333333333333333,16.0,0.16666666666666666,9406.021962100405,5324.666666666667
26-35,M,0,B,3,4,0.14285714285714285,P00000925,0.07142857142857142,40.0,0.2857142857142857,7607.972112878021,4731.142857142857
55+,F,1,C,2,10,0.2727272727272727,P00005606,0.09090909090909091,36.0,0.18181818181818182,10728.966420608533,6418.636363636364
18-25,M,0,A,2,16,0.3,P00001383,0.1,20.0,0.2,3238.4168645943173,3004.3
0-17,M,0,A,2,3,0.18181818181818182,P00005818,0.09090909090909091,8.0,0.09090909090909091,8152.150286329925,4651.909090909091
26-35,M,0,B,1,11,0.18181818181818182,P00001621,0.09090909090909091,42.0,0.18181818181818182,5343.402686746272,4799.454545454545
0-17,M,0,A,2,3,0.2,P00001457,0.06666666666666667,10.0,0.13333333333333333,11212.442150617875,9636.466666666667
26-35,M,0,B,2,16,0.17647058823529413,P00004649,0.058823529411764705,42.0,0.17647058823529413,7449.865653151069,5652.0
18-25,M,0,A,3,10,0.2,P00000518,0.06666666666666667,35.0,0.2,10316.029001140942,7806.933333333333
36-45,M,0,B,2,8,0.2,P00002052,0.1,6.0,0.2,8018.978494795954,7659.1
46-50,F,1,C,5+,10,0.29411764705882354,P00001708,0.058823529411764705,20.0,0.11764705882352941,5592.900018563451,3517.6470588235293
26-35,M,0,A,4,3,0.3,P00006469,0.1,9.0,0.1,10419.964869315912,12163.9
18-25,M,0,A,2,4,0.3,P00002352,0.1,12.0,0.2,5268.505927785515,2570.4
0-17,M,0,A,2,15,0.16666666666666666,P00012070,0.08333333333333333,40.0,0.16666666666666666,8082.806109641664,6368.666666666667
26-35,M,0,B,2,3,0.18181818181818182,P00003708,0.09090909090909091,36.0,0.18181818181818182,2990.6360466690635,4154.818181818182
36-45,M,0,B,2,3,0.21428571428571427,P00000781,0.07142857142857142,4.0,0.14285714285714285,5619.740880675377,4203.214285714285
55+,F,1,C,2,4,0.25,P00000718,0.08333333333333333,8.0,0.08333333333333333,460.4604661739061,511.75
51-55,F,1,C,5+,5,0.2,P00004403,0.06666666666666667,42.0,0.2,4900.265250352221,5213.333333333333
51-55,F,1,C,3,4,0.2,P00024443,0.1,20.0,0.2,11084.157964811258,5729.3
26-35,M,0,A,1,10,0.25,P00014665,0.08333333333333333,32.0,0.16666666666666666,9083.154921795254,4918.666666666667
18-25,M,0,A,1,1,0.1,P00006172,0.1,35.0,0.2,9451.284498827543,7749.7
55+,F,1,C,3,5,0.16666666666666666,P00004752,0.08333333333333333,21.0,0.16666666666666666,9177.096739611161,8883.75
46-50,F,1,C,1,18,0.25,P00007232,0.08333333333333333,24.0,0.16666666666666666,10078.757643497716,6289.0
55+,F,1,C,2,3,0.15384615384615385,P00004150,0.07692307692307693,28.0,0.23076923076923078,8720.247525744691,6516.923076923077
26-35,M,0,B,2,5,0.15384615384615385,P00013130,0.07692307692307693,7.0,0.15384615384615385,9086.492311428048,6285.2307692307695
51-55,F,1,C,1,1,0.2,P00006347,0.1,18.0,0.2,6893.900769682011,7796.4
26-35,M,0,B,2,17,0.3,P00024866,0.1,30.0,0.2,8935.413407709051,5576.1
46-50,F,1,B,1,11,0.25,P00016734,0.08333333333333333,20.0,0.16666666666666666,8351.244764323243,6681.25
51-55,F,1,C,1,2,0.1,P00007923,0.1,40.0,0.2,9968.746402855499,10629.8
46-50,F,1,B,3,4,0.18181818181818182,P00000795,0.09090909090909091,16.0,0.18181818181818182,5726.5378863355445,3458.181818181818
